{"type":"FeatureCollection","features":[{"type":"Feature","geometry":{"type":"LineString","coordinates":[[121.17487289691505,17.01527972307445],[121.17482827367994,17.014933083509476],[121.17438452062139,17.014248150929383],[121.17266246418677,17.012685076243542],[121.17138957836437,17.011249835415864]]},"properties":{"ID":0,"RIVER_NAME":null}},{"type":"Feature","geometry":{"type":"LineString","coordinates":[[121.25738356677138,17.031967494338872],[121.25739358274913,17.03088616865589],[121.25714251209786,17.030203040654857],[121.25606988645058,17.027903288433816],[121.25517940853696,17.026781325289026],[121.25304804851491,17.024162938830862]]},"properties":{"ID":0,"RIVER_NAME":null}},{"type":"Feature","geometry":{"type":"LineString","coordinates":[[121.29787045472824,17.04414549582508],[121.29764454350536,17.04156585892023],[121.29759700817904,17.039708223357078]]},"properties":{"ID":0,"RIVER_NAME":null}},{"type":"Feature","geometry":{"type":"LineString","coordinates":[[121.34987034486063,17.007409158575115],[121.3491726038176,17.006726406418366],[121.34894910244404,17.006212717109065],[121.34895422771514,17.005627756985163]]},"properties":{"ID":0,"RIVER_NAME":null}},{"type":"Feature","geometry":{"type":"LineString","coordinates":[[121.29407491854994,16.99808224063791],[121.29413635244913,16.999691473348182],[121.29374713477728,17.000711941444035],[121.29235942780736,17.00289401126454],[121.29105033191347,17.004784234920038],[121.29074105697957,17.00536662536976],[121.29050047593498,17.006753949327724],[121.29011254803697,17.0076281711253],[121.28995657942139,17.008065600861002]]},"properties":{"ID":0,"RIVER_NAME":null}},{"type":"Feature","geometry":{"type":"LineString","coordinates":[[121.28995657942139,17.008065600861002],[121.29003605878131,17.011868682586737],[121.29046681121301,17.014650988781213],[121.29075885124432,17.0159696624665],[121.2916582102592,17.017366560375216],[121.29180489863445,17.017952779008933],[121.29164361560093,17.018975151341095],[121.29117568173461,17.020287440485397],[121.29023381469052,17.023570072419094]]},"properties":{"ID":0,"RIVER_NAME":null}},{"type":"Feature","geometry":{"type":"LineString","coordinates":[[121.29988814408986,16.998130859149384],[121.2991143905431,16.999659995295794],[121.29842387523904,17.000385462580816],[121.2978906188735,17.00052725259662],[121.29705471930409,17.00052026275223],[121.29413635244913,16.999691473348182]]},"properties":{"ID":0,"RIVER_NAME":null}},{"type":"Feature","geometry":{"type":"LineString","coordinates":[[121.27070554287226,16.998177609344317],[121.270847460779,16.999275656615403],[121.27159595696052,17.000525099702745],[121.27249443282525,17.00199518191694],[121.27309163753606,17.00317021422806],[121.27285160304784,17.004484388909688],[121.27253356142701,17.006017269286335],[121.27268018351997,17.0066034961342],[121.27320609916579,17.007266064119136],[121.27350269968277,17.008072931493317],[121.27340861426819,17.010046449460003],[121.27245913692106,17.014133266494238]]},"properties":{"ID":0,"RIVER_NAME":null}},{"type":"Feature","geometry":{"type":"LineString","coordinates":[[121.15662292609554,16.999955322692713],[121.15661005555063,17.001271348129546],[121.15682514153225,17.002589437510473],[121.15688754163828,17.003979263310377],[121.15664313257723,17.005658786491697],[121.15663311880012,17.006682361286448],[121.15714429259971,17.008807440573232]]},"properties":{"ID":0,"RIVER_NAME":null}},{"type":"Feature","geometry":{"type":"MultiLineString","coordinates":[[[121.07303871947714,17.001892029582685],[121.07298160621218,17.00180441645502],[121.07210349222045,17.000798824866795],[121.07158676942034,17.00065146272222],[121.07072707190794,17.00059158086143]],[[121.07007543269309,17.000471036965152],[121.06966502054689,17.00034831404245],[121.06907646514708,16.999986562696193],[121.06841753643187,16.999267972281743],[121.06813384584106,16.99805430302391]]]},"properties":{"ID":0,"RIVER_NAME":null}},{"type":"Feature","geometry":{"type":"LineString","coordinates":[[121.09029338001571,16.804957581954266],[121.08952770757438,16.80498827638436],[121.08845743316046,16.80492797854083],[121.08734940838656,16.80477978210077],[121.08617396020834,16.80421726708639],[121.08485571739804,16.80361894266806],[121.08339537469455,16.802915865281356],[121.08207576544349,16.80245540674324],[121.08046675012194,16.802302503082743],[121.07946472366959,16.802293149888186],[121.07818978560267,16.802729399682846],[121.07700222524281,16.803373299701065],[121.07573508863321,16.804809340499794],[121.07496999800445,16.806146650778537],[121.07371146479842,16.810271693580166],[121.07333617527406,16.81199185450474],[121.0730350231071,16.81522954408785],[121.07273791131765,16.816295437773984],[121.0716836418707,16.817905804329637],[121.0712103588196,16.818694253524704],[121.0699090230752,16.819957554532316],[121.0691466146678,16.821019069461677],[121.06840628427125,16.82166710705884],[121.06725471170594,16.82227680034061],[121.06667752426772,16.82271952468972],[121.06627788670177,16.82330181172666],[121.06583895789801,16.824228461640537],[121.06529545208913,16.82487833844058],[121.06403402761286,16.825728289596725],[121.062805930131,16.826819859373266],[121.06197327361883,16.827742785018632],[121.06146027475039,16.828910036447144],[121.06066234079236,16.82993670265211],[121.05994019369157,16.83055040164162],[121.05922260729028,16.83071598852435],[121.05807798080598,16.83063622300584],[121.05689861927924,16.83045270295862],[121.05600348146588,16.830478705787748],[121.0546388314019,16.830913936251807],[121.05384719297122,16.831320114401304],[121.05317483306295,16.832313463219855],[121.05182021841124,16.835265305123063],[121.05069584029589,16.83670250394848],[121.04917454616599,16.838446181205015],[121.048053662117,16.839538664393377],[121.046756982216,16.8403192104862],[121.04549891649934,16.840824331131042],[121.04481424456463,16.84126595970054],[121.04407410886441,16.84187942194852],[121.04360206492028,16.84252990940494],[121.04319841556784,16.843491303889564],[121.04286067816525,16.8450048924287],[121.04267001040331,16.846140680404037],[121.0420133044056,16.847340967559564],[121.04107413669166,16.848159353641076],[121.04020726016905,16.848909479328114],[121.03966394962055,16.84952480084474],[121.0391300069389,16.850967558294354],[121.03857744669952,16.85247908106032],[121.03781223703201,16.853781730515955],[121.03654516543081,16.855148518351847],[121.03593094437652,16.855694202478297],[121.03517389257405,16.856204043485757],[121.03372281599398,16.858051665580597],[121.0328905910262,16.858905502950893],[121.03200145314506,16.8600690442293],[121.0314094380069,16.86192488663604],[121.03113779894296,16.86395616598018],[121.03091408961949,16.8648158341076],[121.03069394897581,16.865330809492256],[121.03026009336665,16.865740313306308],[121.02936015263074,16.86621428151929],[121.02856652811498,16.86679268560115],[121.0276221957716,16.86809356054948],[121.02730610638199,16.86922811416141],[121.02703512055812,16.871190442742403],[121.0270222355231,16.872431331219865],[121.02694455291346,16.87301661696309],[121.02651102872832,16.87339164074304],[121.02621926616749,16.873905919086468],[121.02530422761978,16.875827565316182],[121.02489789103565,16.877030187130405],[121.0247947709816,16.87833914857084],[121.0245291142304,16.879784432422216],[121.02458529642097,16.881267291756064],[121.02485413042253,16.882959036659955],[121.02519815483288,16.884306781429302],[121.02529516036847,16.885307419276288],[121.0253026631218,16.88630719407734],[121.0251024984829,16.888339140838223],[121.02490555556265,16.890060865409314],[121.02506698911259,16.891751574078835],[121.02509310578941,16.89268258286049],[121.02554419128822,16.894065833081576],[121.0260812036495,16.89579463623728],[121.02620720210496,16.897450530409376],[121.02608185770374,16.89917294534349],[121.02575922819801,16.900927928956516],[121.02506818320552,16.901955434295708],[121.02390951798075,16.903185255429158],[121.02210527545765,16.90451224565209],[121.02089574644657,16.905465775428574],[121.01961171524641,16.906694354304307],[121.01766130636202,16.90829566206506],[121.01694051371778,16.90873681535209],[121.01611518759711,16.908901173757688],[121.01449853233031,16.909402571354804],[121.01298928621152,16.90990499877601],[121.01219795137868,16.910242031718163],[121.01130914370732,16.911336501561454],[121.01086572853553,16.912642131954865],[121.01024798031304,16.913497926453623],[121.00865730049031,16.91493027242568]]},"properties":{"ID":0,"RIVER_NAME":"Ibulao River"}},{"type":"Feature","geometry":{"type":"LineString","coordinates":[[121.02089574644657,16.905465775428574],[121.01930793469786,16.90320970719132],[121.01803771133139,16.901404846255158],[121.01641344022214,16.899217352757912],[121.01496244968502,16.897583086710238],[121.0130740557964,16.894979343858367],[121.01205672512313,16.89297007631386],[121.0107537219801,16.89088908558638],[121.01019390282829,16.889642645659954],[121.00959756602639,16.888464794249423],[121.008926018217,16.887630932510355],[121.00810801690272,16.887105894363685],[121.00717936079731,16.88689002619912],[121.00546163815508,16.886804358899635],[121.00224064476231,16.88666954570916]]},"properties":{"ID":0,"RIVER_NAME":null}},{"type":"Feature","geometry":{"type":"LineString","coordinates":[[121.02575922819801,16.900927928956516],[121.0271759727957,16.902423909085474],[121.02791782790608,16.903396290107832],[121.02901128872115,16.904992561681443],[121.02932672594953,16.905650577984005],[121.03007469213286,16.90603697917492],[121.03196270347415,16.906985909193395],[121.03402654576448,16.908246766661478],[121.03589312737223,16.909540184281347],[121.03706044411992,16.910930295136126],[121.0383376944119,16.912080146742618],[121.03950326128897,16.913642593031753],[121.04091129952283,16.916000229088556],[121.04193546077674,16.917388946819965],[121.04297647216131,16.918881240078143],[121.04336252586275,16.919643334805873],[121.04360570594238,16.920369589078664],[121.0441505178444,16.923098146891583],[121.04441598716625,16.92513457709875],[121.04519393499314,16.927830891608398]]},"properties":{"ID":0,"RIVER_NAME":null}},{"type":"Feature","geometry":{"type":"LineString","coordinates":[[121.0271759727957,16.902423909085474],[121.02715018159704,16.9031820549861],[121.02717845543647,16.90390624964966],[121.02748671303966,16.905253648445534],[121.0276524705088,16.906530728257817],[121.02779025718468,16.91049639120052],[121.0280548284427,16.91260176282833],[121.02853962227165,16.91419217051468],[121.0293373643455,16.916681878345052],[121.03008535531657,16.918791907827725],[121.03071914136962,16.919832188433052],[121.03146179063687,16.92073562598375],[121.03224025491342,16.92163940620335],[121.03264166535534,16.922642972925644],[121.03291703377519,16.923714271223997],[121.03335283348481,16.92657968417472],[121.03386563029382,16.92892874986451],[121.03396196235614,16.92999832483718],[121.03416751435338,16.930896588075402],[121.03487548239853,16.93169626672938],[121.03579867538906,16.932463540245518],[121.03713190822974,16.93340711318091],[121.03805047395565,16.93462247705758],[121.03849993630327,16.936178059429515],[121.03879365511003,16.938938686032486],[121.03885491691041,16.93993897894881],[121.03909881096241,16.94059629986047],[121.03932337153843,16.94139132528052],[121.03942294839291,16.942150678024586],[121.03973061243553,16.943567007508456],[121.03998746414054,16.946430697130285],[121.0402027890494,16.949845548825014],[121.04019639965709,16.952189621719445],[121.03984440745175,16.95504746292025],[121.03950920522317,16.956285254109883],[121.03934913933824,16.957903925034447],[121.03949385789095,16.959491051927298],[121.03998204485919,16.96077122631549],[121.04035706947253,16.9626018734348],[121.04063072803304,16.963845513484625],[121.04123102701867,16.964678620194153],[121.04226005875523,16.965619259124523],[121.04344349244514,16.96721635394692],[121.04396825259552,16.968427928079457],[121.04410116884691,16.969428907694528],[121.04410122675448,16.97115253685228],[121.04385668021183,16.97401141337425],[121.04399281074086,16.974702170725475],[121.04455590806839,16.975672804771037],[121.04561155168993,16.977509975369564],[121.04645087129653,16.979482959036478],[121.04678980040532,16.981347727289013],[121.0478674810826,16.986253162361855]]},"properties":{"ID":0,"RIVER_NAME":null}},{"type":"Feature","geometry":{"type":"LineString","coordinates":[[121.03934913933824,16.957903925034447],[121.03779835304137,16.95892319173042],[121.03689867439813,16.959328206701795],[121.03585716381819,16.959593962019614],[121.03492596467771,16.959584994738602],[121.03396289564078,16.95919651935492],[121.03225201999238,16.958387159847504],[121.03054116023439,16.9575777874518],[121.029647945054,16.957362329473188],[121.0290029192074,16.957390571866007],[121.02806777854704,16.957760731878942],[121.02634326715675,16.95826114201705],[121.02486981314345,16.958729495035712],[121.02169117103583,16.959560503291748]]},"properties":{"ID":0,"RIVER_NAME":null}},{"type":"Feature","geometry":{"type":"LineString","coordinates":[[121.03942294839291,16.942150678024586],[121.03809039259299,16.942861802917385],[121.03560395724044,16.944320215245654],[121.03355082185875,16.945438042773148],[121.03240087348324,16.945806160372587],[121.03161191855352,16.945901972506338],[121.0305747869918,16.945754080705726],[121.02857646698901,16.945045346511684],[121.02689867649971,16.944512053660663],[121.02520047164616,16.9442198566939],[121.0202583931987,16.94417199661699],[121.01502874975267,16.944224637901485],[121.01119397106588,16.944463096963005]]},"properties":{"ID":0,"RIVER_NAME":null}},{"type":"Feature","geometry":{"type":"LineString","coordinates":[[121.03008535531657,16.918791907827725],[121.02904048258816,16.91940234173798],[121.02831572025096,16.920222691938186],[121.0278734670388,16.921424961396042],[121.0275683377424,16.92321458375654],[121.0271188890014,16.92510622900483],[121.02646176038623,16.92630641863131],[121.02584618195914,16.926955448461577],[121.0251629356981,16.92722462596783],[121.02426663182848,16.927319379419323],[121.02294385870749,16.927099752310895],[121.02105175029324,16.926529881393414],[121.01954958461351,16.926342968208886],[121.01836681525795,16.92643491958295],[121.0170017532545,16.926835345316753],[121.01375094019208,16.927768996022056],[121.0112743380905,16.928296462727026],[121.00976855314195,16.928454162923583],[121.00833656030241,16.928405738555913],[121.00722866272532,16.928188104800405]]},"properties":{"ID":0,"RIVER_NAME":null}},{"type":"Feature","geometry":{"type":"LineString","coordinates":[[121.0251024984829,16.888339140838223],[121.02608059209679,16.88896907679917],[121.02718149125799,16.889841499568682],[121.02842202855489,16.89105998737523],[121.02976927351247,16.892348441104904],[121.03165036060932,16.89395227449255],[121.03353433808826,16.895280340236646],[121.0348501295049,16.896154792378017],[121.03624075191699,16.89671970121018],[121.0377044169348,16.89714741091971],[121.03979144901072,16.897891336317212],[121.04135329139088,16.89921625292725],[121.04305339410186,16.901025100373616],[121.04581808320754,16.90377487215473]]},"properties":{"ID":0,"RIVER_NAME":null}},{"type":"Feature","geometry":{"type":"LineString","coordinates":[[121.03517389257405,16.856204043485757],[121.03439137175434,16.85571392764408],[121.03371944896438,16.85491461475891],[121.03273250281798,16.85342282485533],[121.03191919727912,16.852449787971945],[121.03067636171762,16.85147262605918],[121.02935766570631,16.850908401212212],[121.0273223722665,16.850406225349804],[121.02546248675448,16.850250444438753],[121.02257816644818,16.850498447087112],[121.02096490582673,16.85072420017127],[121.020213580406,16.850682479168157],[121.01960830366234,16.850366385173356],[121.01897046471632,16.849739722732178],[121.0188695420035,16.849118243401687],[121.01884559082245,16.847980419765165],[121.0193038182,16.84522704250103],[121.01949964263314,16.8436087238881]]},"properties":{"ID":0,"RIVER_NAME":null}},{"type":"Feature","geometry":{"type":"LineString","coordinates":[[121.03654516543081,16.855148518351847],[121.03816142490217,16.856370531152354],[121.03986684091004,16.857627857965923],[121.04121715591495,16.858605998469134],[121.0420326655375,16.859372188792893],[121.04284534341826,16.860414132436066],[121.04398568960602,16.862665750651328],[121.04458077000173,16.86398139665011],[121.04507661785783,16.864503218602476],[121.04625120794948,16.86516940050635],[121.04817650108228,16.86594614375177],[121.04864081277267,16.86605398263513]]},"properties":{"ID":0,"RIVER_NAME":null}},{"type":"Feature","geometry":{"type":"LineString","coordinates":[[121.04481424456463,16.84126595970054],[121.04388539185697,16.841084745771525],[121.04170803748742,16.840477946291617],[121.04053112574785,16.84005304103332],[121.03949987567552,16.83938821042566],[121.0387216668265,16.838484482682418],[121.03844207310505,16.83782682704805],[121.03832198401251,16.835584943170627],[121.03871539962202,16.83214141285948],[121.03881359747312,16.829556883485452]]},"properties":{"ID":0,"RIVER_NAME":null}},{"type":"Feature","geometry":{"type":"LineString","coordinates":[[121.0712103588196,16.818694253524704],[121.07223919348829,16.819600217550633],[121.07347824879969,16.820956303882056],[121.07446539648855,16.82244791790651],[121.07551265323208,16.825077718328618],[121.07560888672334,16.826181773008845],[121.07548967678873,16.82735275647928],[121.07491784679182,16.8290366010802],[121.07436355270826,16.830755080807588],[121.07402400022455,16.832475571805677],[121.07410453889094,16.83513078580944],[121.0740843201031,16.837130058175234],[121.07415183889529,16.839302520582276],[121.07397728001916,16.842403495034983],[121.07375205137761,16.84343558527397],[121.07331379768853,16.84429330808828],[121.07248110149719,16.845216272263215],[121.07215022151723,16.846074999984456],[121.07207304506296,16.846625849680006]]},"properties":{"ID":0,"RIVER_NAME":null}},{"type":"Feature","geometry":{"type":"LineString","coordinates":[[121.07371146479842,16.810271693580166],[121.0724767785203,16.810260122561054],[121.0719399587036,16.810255089373875],[121.07093928994173,16.810107809403252],[121.06990667193564,16.809581016401992],[121.06855127284655,16.809120133981985],[121.06665522475602,16.80903336845853],[121.062646664094,16.809030112833796],[121.06180670745216,16.808918777094853],[121.0611653349776,16.808636943828603],[121.0603127450559,16.80800838313445],[121.05956401648628,16.807725532667842],[121.05816901627405,16.807643417808325],[121.05623475268821,16.80779750982766],[121.05483553841164,16.808129011429116],[121.05285985419631,16.80883425033923],[121.05023998414408,16.809533361320028],[121.04883863542491,16.81007163833326],[121.04835268339953,16.81034281123673],[121.04731272911283,16.81053977587783],[121.04584261670581,16.81080159320398],[121.04459146720487,16.810651805584264],[121.0418418498337,16.81003959568608],[121.03980197509813,16.810020158555393],[121.03744072755477,16.80992868806197],[121.03624079275536,16.810020649923704],[121.03480433458455,16.810489545874624],[121.0320745494604,16.811428675612646],[121.03056970188494,16.81158662994948],[121.02917399598226,16.811573255363125],[121.02785236080574,16.811319272501123],[121.027282260669,16.811072493826604],[121.02679086805597,16.81013701415846],[121.02647734409125,16.809306659197365],[121.02645047247437,16.80844458263465],[121.0265044442245,16.80668699035228],[121.02658528655718,16.805791474493002],[121.02638518748732,16.804376171303083],[121.02637478130492,16.803652143509005],[121.02649425860879,16.802481215976258],[121.02715300791118,16.801074151374284],[121.0288208476797,16.79898729862975],[121.0296170118533,16.79813310471854],[121.02984061433509,16.79727342513056],[121.03010533382233,16.795897045994952],[121.03056650565942,16.794557019132768],[121.03093607759206,16.793422951245386],[121.0312992478428,16.79290933272684],[121.03221089390696,16.791263352853207],[121.03283519176662,16.789718039883343],[121.03313388174597,16.788514342125826],[121.03319713930323,16.78758417759917],[121.03303171207709,16.786272625826907],[121.0326476871631,16.785338187390458],[121.03170002659138,16.78353653810884],[121.03123770053811,16.783256334664383],[121.03088805019343,16.782460114392205],[121.02933959665276,16.779928780496988],[121.02727876236716,16.776772019979216],[121.02675343740417,16.775663856751358],[121.02597516428709,16.774794578687818],[121.0255543439569,16.77396319752473],[121.02499076294262,16.773095974363713],[121.02470915230542,16.772645127678487],[121.02417850885614,16.772054001254595],[121.02300739833584,16.77111200095411],[121.02267141294863,16.77072957596421],[121.02249964444945,16.77003847160245],[121.02202404508431,16.767586338581676],[121.02170524360697,16.76727302319784],[121.02095888101024,16.76678323789341],[121.019817530018,16.7664275462942],[121.01806759126646,16.766100469528464],[121.01642428063388,16.765843350160605],[121.01542820561146,16.76528219765087],[121.01504108202293,16.76465796129708],[121.01485717863713,16.763415173700622],[121.01486324354092,16.759381928146418]]},"properties":{"ID":0,"RIVER_NAME":null}},{"type":"Feature","geometry":{"type":"LineString","coordinates":[[121.02202404508431,16.767586338581676],[121.02223294771393,16.766416268607937],[121.02264896147474,16.764248473801356],[121.02316303673031,16.76297791076152],[121.02392826136698,16.761640807742722],[121.02465485019668,16.760579113336142],[121.02488054585253,16.759512617177386],[121.02492770769801,16.758409937294115]]},"properties":{"ID":0,"RIVER_NAME":null}},{"type":"Feature","geometry":{"type":"LineString","coordinates":[[121.03010533382233,16.795897045994952],[121.02930160832534,16.795751458501996],[121.02855334050253,16.795434035221803],[121.02781112821846,16.794530629699885],[121.0271461887351,16.793076398064475],[121.02622257957778,16.792412558698125],[121.02462550824686,16.791121743050287],[121.02345642939189,16.7899729183534],[121.02271247743246,16.789241845346044],[121.0218583268038,16.788785492969357],[121.02085747783651,16.788672454078768],[121.01974821012539,16.788661785498306],[121.01831475240668,16.788854826090898],[121.01684264689808,16.78932326513455],[121.01615990816529,16.789592466917284]]},"properties":{"ID":0,"RIVER_NAME":null}},{"type":"Feature","geometry":{"type":"LineString","coordinates":[[121.02679086805597,16.81013701415846],[121.02406284624239,16.81090368749146],[121.02165903596757,16.81146660651769],[121.01882684251875,16.811921950444656],[121.01768022092165,16.812048788041796],[121.01635322873469,16.812311769047266],[121.01494963660502,16.813056616964886],[121.01417410845553,16.813635159776762],[121.01348373550397,16.814628192153577],[121.012646252329,16.815998996466583],[121.01216843354551,16.817200912586106],[121.01170382870748,16.818851096704595],[121.01306472231146,16.822208088941245],[121.01345013781189,16.82300468250778],[121.01380156310296,16.823628584615765],[121.0139006688577,16.824422409742937],[121.01392891445275,16.825146604883273],[121.0143371969806,16.827184427946115],[121.01468108894613,16.8285321786894],[121.01556363673495,16.829712771671005],[121.01634133557631,16.830651041617998]]},"properties":{"ID":0,"RIVER_NAME":null}},{"type":"Feature","geometry":{"type":"LineString","coordinates":[[121.01392891445275,16.825146604883273],[121.01277322566446,16.82613513070097],[121.01107959796191,16.827221858398985],[121.00891816003798,16.828545342787343],[121.0067563329783,16.82990326989559]]},"properties":{"ID":0,"RIVER_NAME":null}},{"type":"Feature","geometry":{"type":"LineString","coordinates":[[121.01170382870748,16.818851096704595],[121.01030125024167,16.81949249850125],[121.00911627400727,16.81986021873027],[121.00843593381295,16.819888098929745],[121.00765183093979,16.819570247037145],[121.00683770877691,16.81870054326911],[121.00543322780032,16.8161014907108],[121.00448644047633,16.81423079441858],[121.00320330339817,16.812012105315734],[121.00268346589854,16.81038685642388],[121.0023357084394,16.80941825287729],[121.00176998767617,16.80875778181692],[121.00098955444145,16.80809522232847]]},"properties":{"ID":0,"RIVER_NAME":null}},{"type":"Feature","geometry":{"type":"LineString","coordinates":[[121.01494963660502,16.813056616964886],[121.01194968700236,16.81071797096553],[121.01038981044438,16.80928951090795],[121.00858017380577,16.807789677580615],[121.00762726673484,16.806504967426147],[121.00692055079776,16.8056363089577],[121.00626463812715,16.805043920355715],[121.00598303618537,16.804593049036512],[121.00599096054283,16.803834733019045],[121.00618645365167,16.80225089741325],[121.0062641454424,16.801665619451786]]},"properties":{"ID":0,"RIVER_NAME":null}},{"type":"Feature","geometry":{"type":"LineString","coordinates":[[121.02675343740417,16.775663856751358],[121.02716516479221,16.773909684799456],[121.02774724898634,16.772984490965783],[121.02911541920636,16.772170235146948],[121.03112938972092,16.771189776859124],[121.0337916280717,16.76980180825954],[121.03494295088387,16.769192277524326],[121.03576835788336,16.76895883638295],[121.03666426051136,16.768829482558658]]},"properties":{"ID":0,"RIVER_NAME":null}},{"type":"Feature","geometry":{"type":"LineString","coordinates":[[121.01952515901507,16.713371054307242],[121.01864286479463,16.715672280503355],[121.01742793467048,16.71900449438146],[121.01720084697266,16.720208864679957],[121.017192652367,16.72100166143767],[121.01753859746803,16.722142585672334],[121.01844868402739,16.72408179825035],[121.01974942175809,16.72630053746469],[121.02202181628563,16.729700659428904],[121.02222791305756,16.73052998333498],[121.02232669473504,16.731358279216575],[121.0221711584097,16.73256334070721],[121.02143187100651,16.73486593974614],[121.02122444377146,16.7358981375808],[121.02124953933088,16.73693256421232],[121.02156509219698,16.737556100845147],[121.02223517920717,16.738493290812674],[121.0230161501654,16.739086812509925],[121.02523850267062,16.740418060759975],[121.02612326208721,16.741357294829495],[121.02665241752815,16.742086287696086],[121.02689502657694,16.742847012585845],[121.0268786936431,16.74443261188597],[121.02714962414154,16.745917539389602],[121.0272866882498,16.746504890131735],[121.02760191903305,16.74716289030432],[121.02806167299023,16.74768437995614],[121.02908922449656,16.748659443268654],[121.03033392298968,16.74939526517789],[121.03186767303227,16.74985805469137],[121.03354701352895,16.75008091029905],[121.03637189818032,16.750245715535605],[121.03928482035148,16.75054921196526],[121.04118271860152,16.750394879378458],[121.04369233200667,16.749901599710313],[121.04562670457379,16.749678624629254],[121.04677611069437,16.74924135962473],[121.04727943577663,16.74900481217494],[121.04923590062897,16.74836833123082],[121.05139543476872,16.747113228295856],[121.05316596627182,16.745406275253533],[121.0544061407402,16.74307378180154],[121.05493572872899,16.74201009829304],[121.05569714600732,16.741017544071727],[121.05761242561633,16.739139539082366],[121.05898267695228,16.738083752015665],[121.06117118278645,16.7374837983591],[121.06522793448703,16.73610844749975],[121.06709513513766,16.735436467651734],[121.0685491888255,16.73493297284164],[121.06923132231813,16.734698038269286],[121.06973215546155,16.734702722048503],[121.07008711672451,16.734981830621628],[121.07198105193517,16.73520637115324],[121.0740236319964,16.73488070115442],[121.07528125847462,16.73434085017254],[121.0766798983034,16.734009147619286],[121.0783616142942,16.73399033502169],[121.07982661621035,16.734176336320832],[121.08135557851851,16.735121347888008],[121.0827036158391,16.73627151255343],[121.08367982798245,16.73703900461802],[121.08464195075433,16.737427148503215],[121.08564364055565,16.737436441567286],[121.0871420473215,16.737864021741984],[121.08838384777076,16.738909747329192],[121.08969377549069,16.740300837557175],[121.09033532535938,16.74054809349768],[121.09176599573115,16.74059580164272],[121.09337863225623,16.740334914357042],[121.09438788490911,16.739585805803035],[121.09644727856738,16.73757083634353],[121.09776982898622,16.735893794833764],[121.09975383900537,16.734257306439257],[121.10162639680996,16.7330334618114],[121.10367814255397,16.73177676940643],[121.10544026599746,16.730862139913118],[121.10709164924837,16.73029122208657],[121.1080241485746,16.730058448103605],[121.10906736701169,16.729481939778356],[121.11013152426669,16.728595347529236],[121.11096586172202,16.727430851259417],[121.11155283200534,16.725953818839084],[121.11203145582375,16.724579216736174],[121.11286915400912,16.723069995694072],[121.11439498236881,16.720705189637183],[121.11526604408267,16.719437581213672],[121.11579590865291,16.718304754778462],[121.11659472941962,16.71710542894232],[121.11735371001801,16.71631943077627],[121.1188993138726,16.715575066065195],[121.12173874162583,16.71422190880404],[121.12416777823942,16.712761560081905],[121.12531884289328,16.71211698488255],[121.12625393034763,16.711608343563842],[121.12797899217293,16.710796581106845],[121.12866367370351,16.710285659562746],[121.1291721872372,16.709497342778977],[121.12932668914667,16.708326598354386],[121.12968421351555,16.704675504760836],[121.13043876157931,16.69882160863829],[121.13092387312959,16.696757502474583],[121.13143602374144,16.6955899844618],[121.13177983989928,16.695179391461373],[121.13228326876076,16.694908138361175],[121.13278602634409,16.6947058276071],[121.13396970719688,16.69437175908115],[121.13590383527244,16.69411339660265],[121.13790648891099,16.694165907065297],[121.13908882529583,16.69396969592588],[121.13995292156133,16.693391391714588],[121.1404967733462,16.692637830251922],[121.1409369867296,16.69150411042639],[121.14119435860519,16.690782447064436],[121.14144672836606,16.69057786383124],[121.1416626639787,16.690441903111534],[121.14223626962486,16.690309153677934],[121.14345101743764,16.690457956649528],[121.14455613701384,16.69084709525619],[121.14578212362481,16.691685487929995],[121.14635140922927,16.692000864957116],[121.14660178129272,16.692003107913468],[121.14703398186893,16.691696702923732],[121.14721780360918,16.69118122211763],[121.14736751838743,16.690493059978394],[121.14765897122399,16.689944067014235],[121.14794942583701,16.689498489974135],[121.1490655059126,16.688750022383925],[121.14931720166146,16.688614372811436],[121.15007527251902,16.687897172029874],[121.1507326696648,16.68648956430159],[121.15102941030064,16.68538900883963],[121.15110326334145,16.6851483420896],[121.1515006691742,16.684738189038253],[121.15211399518992,16.684192061885334],[121.15298231545806,16.68316555457059],[121.15353105142378,16.681894865482324],[121.15413872110999,16.68007309516693],[121.15494804513878,16.677735989315753],[121.15582623233433,16.67567529385716],[121.15655242430076,16.6745440737763],[121.15749286239947,16.67344923175216],[121.16011114930662,16.670817902993843],[121.16082873107379,16.670582947823483],[121.16154334752464,16.67065824252499],[121.1628629878121,16.671049180822994],[121.16371704481324,16.671504935010432],[121.16421445197506,16.671854098836288],[121.16457143492264,16.671926213499077],[121.16496549720623,16.67186075417033],[121.16518172505329,16.671690292341598],[121.16529296110299,16.671277571875315],[121.16519059925145,16.67075953288224],[121.16501638158807,16.67027533281919],[121.16509218180387,16.669827822972852],[121.1655613813165,16.66938379719994],[121.16638657209607,16.669115299020394],[121.16900026739818,16.668828137588342],[121.17077449721904,16.668430104894266],[121.17170762413063,16.668093586268746],[121.17246258547614,16.667686540298604],[121.17271554758494,16.667412966700685],[121.17275523780694,16.666999609346693],[121.17265678331748,16.666067899273333],[121.17230700671449,16.665237399255428],[121.17131743129289,16.663987546090773],[121.1705063532307,16.66277374076698],[121.17033212679748,16.6622895442137],[121.17025025500232,16.66149588267586],[121.1703978894729,16.66101452774826],[121.17057997521513,16.660671379151477],[121.17140643179731,16.66026496544408],[121.17234115257038,16.659756075947154],[121.17310163730455,16.65876298696585],[121.17361080190081,16.657871107082983],[121.17384792255778,16.6554943752337],[121.17382196508501,16.654459876406232],[121.17422317707825,16.65363599381892],[121.17505482018116,16.652677996382764],[121.17568911908457,16.651787209984565],[121.17630748924078,16.65068942660412],[121.17678607264492,16.649245654297943],[121.17755952767456,16.64687362607775],[121.17861870921742,16.64453857768135],[121.17986640005697,16.643067070276402]]},"properties":{"ID":0,"RIVER_NAME":null}},{"type":"Feature","geometry":{"type":"LineString","coordinates":[[121.17382196508501,16.654459876406232],[121.17191878139617,16.655270518507688],[121.1694781819214,16.656179823491765],[121.16617666381907,16.657357287264297],[121.16456017461928,16.658101441258932],[121.16276618131626,16.658706106177753],[121.1614029636317,16.659142199025624],[121.16004270476112,16.659268029662364],[121.15797116928638,16.658973826090175],[121.15518672514553,16.658431930719225],[121.15338507334442,16.65796770794497]]},"properties":{"ID":0,"RIVER_NAME":null}},{"type":"Feature","geometry":{"type":"LineString","coordinates":[[121.13278602634409,16.6947058276071],[121.13183672104728,16.69300798830265],[121.13109868125409,16.691656802963557],[121.13065181434953,16.689791123564014],[121.12995559585868,16.687819766019214],[121.1295194187597,16.685830423824452],[121.1291781664247,16.68114625717257],[121.12889627558731,16.679196710423884],[121.12852360259022,16.67774344918086],[121.1276782121474,16.676285913884126],[121.1264014765285,16.674990175973623],[121.12495165074706,16.67381714094039],[121.12304924438712,16.672780842675127],[121.12154109551896,16.672303205056537],[121.1198613848611,16.671790859536934],[121.11896818372612,16.67171646902144],[121.11545863075608,16.671982828271016],[121.11387785802934,16.6719021586063],[121.1128795756543,16.67202562608769],[121.11122321797168,16.672640190673903],[121.1106001698013,16.67306532956564],[121.1090433519605,16.674045324442258],[121.10762599120783,16.674827739953642],[121.10615868180751,16.67544398751608],[121.10539516023056,16.676166084376515],[121.1050769334129,16.67705795358499],[121.10495845165374,16.67861445088571],[121.10435897307033,16.680133404039687],[121.10335182294689,16.681151519687518],[121.10224446423108,16.681870450877977],[121.10065839078486,16.68231986379139],[121.09876616412483,16.68243505289007],[121.09443523763166,16.682295810180882],[121.09312944827819,16.682217505988017],[121.09204515897186,16.682340074199054],[121.09111459275599,16.682563473614348],[121.08815790116354,16.682536186895504],[121.08588881602496,16.682515217323218],[121.08482171464794,16.682637905973102],[121.08288982556746,16.683282816144718],[121.08077048790751,16.68376027086505],[121.08014767464832,16.684152170426533],[121.07962502117253,16.68484325362428],[121.07879227748806,16.685597736041153],[121.07847556726747,16.686323866676062],[121.0778864592367,16.68678235019202],[121.0764692272339,16.687531392095167],[121.07529198743886,16.688348934529095],[121.07397256548423,16.689629098882158],[121.07310008270979,16.69091341576925],[121.07250430153194,16.692034608430674],[121.07213398832127,16.69295906303436],[121.07160596016334,16.69418030149843],[121.07114635603605,16.695435315316992],[121.07096246877329,16.69662662008496],[121.07095581448951,16.69728934659171],[121.07042743133887,16.69854371585379],[121.06948744581159,16.699694822999266],[121.06872236223641,16.700549303726557],[121.06831496132044,16.70173851612154],[121.06764967959452,16.702925317334053],[121.06722440678357,16.704180637891398],[121.0666292105932,16.705235531965464],[121.06572321704024,16.706420073235705],[121.06538688718899,16.70737796614124],[121.06475862143562,16.708299985957318],[121.0642605359355,16.709952286570353],[121.06390566162221,16.711042558901724],[121.06362771857344,16.713028311057332],[121.06367308537315,16.71534848431999],[121.06383364510472,16.71647672355456],[121.0638600061687,16.717272312695076],[121.06357856555509,16.71789932096069],[121.06288348681224,16.71862186849822],[121.06157246522132,16.71904038195322],[121.05964215313517,16.719486210171727],[121.05769396992011,16.71999812972165],[121.05461881668008,16.72142731484817]]},"properties":{"ID":0,"RIVER_NAME":null}},{"type":"Feature","geometry":{"type":"LineString","coordinates":[[121.06390566162221,16.711042558901724],[121.0623887211674,16.71142601466074],[121.05966495897812,16.71212952430497],[121.05728905434648,16.712438596366997],[121.05574240930991,16.712357773794484],[121.05443914711691,16.71201411813158],[121.05314025969328,16.711239687656725],[121.05074142067765,16.710421740453505],[121.04815483981118,16.70946943846017],[121.04613191222906,16.708886963752427],[121.04469386141899,16.708276864554076],[121.04315199415144,16.707732051348057],[121.04209083090561,16.707258058593276],[121.04051493581424,16.70667976596377],[121.03887299228474,16.705835724673186]]},"properties":{"ID":0,"RIVER_NAME":null}},{"type":"Feature","geometry":{"type":"LineString","coordinates":[[121.06872236223641,16.700549303726557],[121.06756820085691,16.700770497558732],[121.0662593141891,16.700990237912677],[121.06540107547337,16.70084965349083],[121.06375537282955,16.70037030116138],[121.06242413752267,16.699396793735467],[121.06119506002555,16.69852365439235],[121.05986017022889,16.69791463016423],[121.05893486223536,16.69760769529615],[121.0575629250108,16.697263423450604],[121.0561576174337,16.696819411787832],[121.05523433479595,16.696313645382283],[121.05465487525355,16.695811109069048],[121.05352329765749,16.69550221172144],[121.05222048797803,16.695125418014054],[121.05129352869875,16.694984131287594]]},"properties":{"ID":0,"RIVER_NAME":null}},{"type":"Feature","geometry":{"type":"LineString","coordinates":[[121.09111459275599,16.682563473614348],[121.09163761968648,16.683562490265853],[121.09200856977063,16.68429498572957],[121.09220729048988,16.68505903308886],[121.0922000566529,16.685788042162397],[121.09186793583112,16.68807162642204],[121.09181710724124,16.689728147282278],[121.09186144217153,16.69045763146332],[121.09219571927565,16.69142176780809],[121.09303257557977,16.693716128769324],[121.09352923978126,16.695642814861092],[121.09422925094562,16.697869632339533],[121.09459004380771,16.69962936620142],[121.09478756896148,16.7022492305102],[121.0951486995256,16.703975827294443],[121.09541194056271,16.705171285217382]]},"properties":{"ID":0,"RIVER_NAME":null}},{"type":"Feature","geometry":{"type":"LineString","coordinates":[[121.09312944827819,16.682217505988017],[121.09297496305253,16.680459671803884],[121.09292394596427,16.678669650740936],[121.09307361881108,16.677444855171835],[121.09328646360721,16.67678401833539],[121.09403743503384,16.675597897111622],[121.09469916817987,16.67474234994629],[121.09494671038118,16.674048689778314],[121.09505968872355,16.67305553242563],[121.0950698582612,16.672028289375366],[121.09500635023626,16.671497466998137],[121.09483970788853,16.670965696006412],[121.09446482923303,16.67063084868226],[121.09350651021234,16.67019121194924],[121.0920305563389,16.669945642984636],[121.09010473565922,16.669994174790737],[121.08897158150107,16.669851164360526],[121.08784073432896,16.66947619070595],[121.08698754850947,16.668838657514232]]},"properties":{"ID":0,"RIVER_NAME":null}},{"type":"Feature","geometry":{"type":"LineString","coordinates":[[121.1106001698013,16.67306532956564],[121.10950069781245,16.672989016068392],[121.10816187903748,16.672777950212144],[121.10641736770717,16.67186722562201],[121.10525763262201,16.67092869788697],[121.10454776273784,16.66969602120936],[121.10404775935,16.66810072316495],[121.10352089399514,16.6657429575525],[121.10298946751091,16.66384911017643],[121.10223198816465,16.662218312340972],[121.1011800333797,16.660816794992122],[121.1006077263258,16.659585369939563],[121.10024789232767,16.657726231160375],[121.0999875946404,16.656232544642236],[121.10003210251082,16.65520561203925],[121.10036618513077,16.65444645312621],[121.10061726713272,16.653388272666355],[121.1007779596072,16.651036801960565],[121.10073795083638,16.64812011137691],[121.10088687621838,16.64696157331841],[121.10071153358203,16.645568085270394],[121.10061918757795,16.644473617704502],[121.10021846137721,16.64327690582388],[121.09953981466492,16.642375908036502],[121.09734909027526,16.64142790601333],[121.09659975529738,16.6407250920557],[121.09551422676205,16.639256970207295],[121.09520634469979,16.637365164450262],[121.09556413694821,16.635943428628483],[121.09602111272702,16.634920281657333],[121.09626694797653,16.63439229671327],[121.09662472465,16.632970557299622],[121.09689199057688,16.632011947227532],[121.09727922539851,16.631087576287936],[121.09780099959778,16.630462697627067],[121.09922261650986,16.629216397442153],[121.10043799152912,16.6279681986247],[121.1019659435728,16.626391447586975],[121.10363200208587,16.62474966378781],[121.10403246652268,16.624223078139913],[121.10442322838098,16.62293417876079],[121.10501857520127,16.621812845904422],[121.10564958460311,16.62055927504482],[121.10576179626031,16.61963237261431]]},"properties":{"ID":0,"RIVER_NAME":null}},{"type":"Feature","geometry":{"type":"LineString","coordinates":[[121.09734909027526,16.64142790601333],[121.09581622194857,16.64174524156067],[121.09337279317846,16.64202105838548],[121.09192912881647,16.642007784696904],[121.09131172815142,16.64186954531189],[121.09059383534594,16.641465259998043],[121.0892608488869,16.6406907694213],[121.08724666949918,16.6392803348225],[121.0862561196463,16.638641543403253],[121.08466406506176,16.637997196213163],[121.08192385847507,16.63701082976787],[121.08072513106134,16.636568928729574],[121.07852963235061,16.63611779388416],[121.07739867233842,16.635775921427335],[121.07665009870763,16.635006771577068],[121.07546032541404,16.633670153960068],[121.07368659462965,16.63229497229467],[121.07239076695036,16.63125561277245],[121.07092508928018,16.630015830265997]]},"properties":{"ID":0,"RIVER_NAME":null}},{"type":"Feature","geometry":{"type":"LineString","coordinates":[[121.07739867233842,16.635775921427335],[121.07632885832892,16.636196822849758],[121.07450319491512,16.636577566233292],[121.07378105998171,16.636604003708033],[121.07302289807996,16.6367958022492],[121.07233149097193,16.63718705575206],[121.07101807536831,16.637903920997065],[121.06987949510263,16.638324147253588],[121.06889757504112,16.63854698756647],[121.06772826806427,16.6386023802395],[121.06690002206601,16.638926060406643],[121.06610348685497,16.6395151486629],[121.065683710009,16.64024030445476],[121.0648501328702,16.641094157461875],[121.06318528662166,16.642569896474644],[121.06186280941164,16.644181376562774],[121.06135507370028,16.64510453535588],[121.06099467749648,16.646758136886906],[121.06101971621851,16.6476862743473],[121.06131474231651,16.649114027103185],[121.06168151929351,16.65024419575925],[121.06182420220331,16.651438548217303],[121.06164066426243,16.652596711540447],[121.06111604710276,16.65348656963207],[121.06058808875041,16.654707788384584],[121.06051400161076,16.655237325263858]]},"properties":{"ID":0,"RIVER_NAME":null}},{"type":"Feature","geometry":{"type":"LineString","coordinates":[[121.0862561196463,16.638641543403253],[121.08664342012078,16.637717199540514],[121.08712955947951,16.637224583907],[121.08844357854517,16.6364413361259],[121.08993108717458,16.63549397634003],[121.09069645028947,16.634573101703598],[121.09095948462593,16.634045282604944],[121.09092904857435,16.63364732343856],[121.09062560962015,16.633048013260613],[121.08987928394636,16.632046948270975],[121.08885701352021,16.6311427604162],[121.08838140193022,16.63057500241754],[121.08804491782716,16.62984282559993],[121.0878161451184,16.62864768209142],[121.0875143645724,16.62788268456555],[121.08609085802384,16.625848033610517]]},"properties":{"ID":0,"RIVER_NAME":null}},{"type":"Feature","geometry":{"type":"LineString","coordinates":[[121.11896818372612,16.67171646902144],[121.11813562525336,16.67071469829358],[121.11732123692335,16.66961366930906],[121.11654836949268,16.667783929932618],[121.11606058972615,16.664929433575967],[121.11625679390546,16.662445698281452],[121.11671892863158,16.66089230611374],[121.1177677229973,16.659112258616858],[121.11850355008048,16.65769390653522],[121.12020152203236,16.654560980192098],[121.12086662077317,16.65334081673339],[121.12146619061694,16.65178865280044],[121.1216532495081,16.650232749713705],[121.12173065010764,16.647582219987463],[121.12227177169304,16.644969028399547],[121.12211345950601,16.64357569813984],[121.12208263648594,16.6432108746193],[121.1218478311384,16.642612221504155],[121.12150829210276,16.642178321873022]]},"properties":{"ID":0,"RIVER_NAME":null}},{"type":"Feature","geometry":{"type":"LineString","coordinates":[[121.0004678597696,16.670196859911286],[121.0027183816882,16.669354236156124],[121.00466951691173,16.668556721081437],[121.00724617858728,16.66796688338028],[121.00864170638475,16.667903473033583],[121.01007589250517,16.667955669938202],[121.01087288394463,16.66796332432839],[121.01115222796166,16.667927591296046],[121.01195477427407,16.667397482419368],[121.01344030627202,16.66633610752337],[121.01488201223432,16.665658452716038],[121.01620257830044,16.665133288013546],[121.01727850508563,16.66514358721605],[121.01888962956356,16.665427906312868],[121.01992175940867,16.665821926491564],[121.02114998228166,16.666525137876434],[121.02242319473423,16.66672937234272],[121.02362065538041,16.66654872253002],[121.02462123172893,16.666135695824387],[121.02542531492585,16.66545188311486],[121.02655369944786,16.664233339295098],[121.02767734749975,16.66347572864434],[121.02992068787843,16.662344604104117],[121.03060047634655,16.66212057263663],[121.03264415066835,16.661025933225645],[121.0333653500118,16.660648622563077],[121.03378291334997,16.66034525978036],[121.03388482482158,16.659731576662622],[121.03357639209857,16.658714477969273],[121.03282888334559,16.656986364986043],[121.03150113979949,16.652763410422576],[121.03084026964358,16.650360001471263],[121.03040812400785,16.648972935720035],[121.03026412985004,16.647465676732338],[121.03041047838249,16.64562311785844],[121.03096493289908,16.644399082764746],[121.03134029602901,16.643542135774723],[121.0316006384209,16.64302215388289],[121.03170505113935,16.64216263435743],[121.03175386749307,16.640503541709712],[121.0321208067313,16.638908931386634],[121.03261523851897,16.63731552849336],[121.0331980773719,16.63642981004599],[121.03454405863398,16.634168352985927],[121.03480750797746,16.63334106816974],[121.03468752427418,16.632602350006206],[121.03456378421747,16.63223238724469],[121.03424973904242,16.631768424399286],[121.03314417013972,16.630774508550775],[121.03222985530519,16.62978240096073],[121.03163271821407,16.628946960668536],[121.03115121925174,16.627713092824347],[121.0308140957293,16.62638839615442],[121.03032576490983,16.624263218898143],[121.02982709198218,16.62315211666906],[121.0288525343142,16.62182136942735],[121.02817732243511,16.620831518807364],[121.02777240162516,16.61990569852568],[121.02750125059598,16.61836649805957],[121.0278012793407,16.617078581499605],[121.02796659996024,16.616496233212157],[121.02867875229451,16.615427354206417],[121.02910280149035,16.61447866901404],[121.02974649502778,16.613870123713884],[121.0309782318033,16.61342081286799],[121.03238838445584,16.612665857903732],[121.03306017786551,16.612426358070334],[121.03415285907928,16.611545453389617],[121.03476872104905,16.61053710218239],[121.03567609732846,16.609070514416295],[121.03602948340246,16.608797260584304],[121.03685998689097,16.608620711847713],[121.03756113502162,16.608627334275294],[121.03816386390594,16.60890961952809],[121.03932997176639,16.6102113991559],[121.04018518029366,16.610741923246056],[121.04142658322179,16.61090729199716],[121.04230334263747,16.610884821689538],[121.04377562573845,16.61028403229051],[121.04454332389973,16.61001466308811],[121.0453075999632,16.610083319517596],[121.04603565456578,16.610581892021326],[121.04701619527698,16.611328698254706],[121.04774488046755,16.611765805835596],[121.04850947633675,16.61180372139147],[121.04968901812575,16.611784063778288],[121.05036172375688,16.611452315426018],[121.05084227077238,16.611210960829638]]},"properties":{"ID":0,"RIVER_NAME":null}},{"type":"Feature","geometry":{"type":"LineString","coordinates":[[121.04774488046755,16.611765805835596],[121.0476656079645,16.613301702806055],[121.04749506750454,16.614406482045606],[121.04681457728772,16.61550646677206],[121.04661557615587,16.61627291589644],[121.04639099899347,16.617991841004105],[121.04637607414817,16.61946687505087],[121.04611207649776,16.62035564262157],[121.04546155988575,16.621640298244202],[121.04506788423174,16.62274297240258],[121.04516512306537,16.624157595218456],[121.04544451210299,16.624897811868028],[121.04594857209183,16.625486479046007],[121.0475585674485,16.627038265192873],[121.04842234963937,16.62830643198517],[121.04875680227647,16.62990768201575],[121.04918563916924,16.631632750193663],[121.04992794770753,16.633883221536102],[121.05073867994062,16.63567334188087],[121.05200137528186,16.638481887491842],[121.05261623126746,16.64073115679127],[121.05266725761324,16.641991682128882],[121.05282767827062,16.643468364163102],[121.05322841658626,16.64482437055613],[121.05431711146521,16.647508344242695]]},"properties":{"ID":0,"RIVER_NAME":null}},{"type":"Feature","geometry":{"type":"LineString","coordinates":[[121.03238838445584,16.612665857903732],[121.03147446217442,16.611643025324604],[121.0298316006848,16.610213755937842],[121.02834215630615,16.60936984978894],[121.02675617373416,16.60861721507827],[121.02559636745757,16.608268141383874],[121.02442031683363,16.607949639669354],[121.02273875446532,16.607196068187456],[121.02058356808757,16.606007719953666],[121.01871428925614,16.60491427457938],[121.01741773253532,16.60391847492454],[121.01669451671313,16.602958871831355],[121.01603693810046,16.601815499040452],[121.01528155216884,16.600886317658745],[121.01426901562287,16.600169804685468],[121.01327115778894,16.59957635707907],[121.01171245074376,16.599284865729334],[121.01104384811964,16.599217006097025]]},"properties":{"ID":0,"RIVER_NAME":null}},{"type":"Feature","geometry":{"type":"LineString","coordinates":[[121.02796659996024,16.616496233212157],[121.02603837600748,16.61647791844907],[121.024412618527,16.61649319515075],[121.0235183318168,16.616669082612724],[121.02239874080453,16.617057948176466],[121.02101692989537,16.618151154509324],[121.01956820797417,16.61955103581006],[121.01864945373691,16.620556440988825],[121.01739761048029,16.62140499958324],[121.01566546228791,16.622464086530783],[121.01412611116773,16.623371339580277],[121.01300456854446,16.62394452346349],[121.0113427704264,16.624358865636346],[121.00981067473543,16.62455931153022],[121.00844015915841,16.62454617034039],[121.0073902724957,16.624351704308154],[121.00531184213219,16.62344051541622]]},"properties":{"ID":0,"RIVER_NAME":null}},{"type":"Feature","geometry":{"type":"LineString","coordinates":[[121.03175386749307,16.640503541709712],[121.03028602427958,16.640643272874893],[121.02904130875575,16.640785113415376],[121.02776660275414,16.640742266449745],[121.02661908554117,16.640731354031924],[121.02546968096999,16.64090481181973],[121.0245105833452,16.64117227255754],[121.02342020088507,16.641807266350508],[121.02183100911282,16.642898482827302],[121.0211893940082,16.643291883546123],[121.02019903584485,16.643497559630728],[121.01838116870121,16.64357239752262],[121.01618363912277,16.643366998096973]]},"properties":{"ID":0,"RIVER_NAME":null}},{"type":"Feature","geometry":{"type":"LineString","coordinates":[[121.03060047634655,16.66212057263663],[121.03134810012067,16.663057333378323],[121.03213188947151,16.664355541960695],[121.03296814364961,16.666760615477536],[121.03368411537815,16.668457698497427],[121.0338443876155,16.669934378584962],[121.03376900978554,16.671070764483094],[121.0333116887888,16.6721420586937],[121.03301156788949,16.673429971587474],[121.03298211812903,16.67475118718164],[121.03319868942279,16.675398625678916],[121.03351090627518,16.67604697241148],[121.03392065412899,16.67651185020047],[121.03531245699469,16.6776006975858],[121.03635482956656,16.678563293202785],[121.03736595769068,16.67946412329286],[121.03811984305382,16.68057763919501],[121.03882340588494,16.681936536487562],[121.03925722781712,16.683169947089308],[121.0394378710311,16.68421656399403],[121.03932498673946,16.68590578320081],[121.03896173326511,16.687131641880335],[121.03821775311772,16.68816949533248],[121.03744439094545,16.68896120673526],[121.03675324281274,16.689507834910103],[121.0357269967843,16.690082011934777],[121.03454415381432,16.69037810387561],[121.0335213560735,16.690614245015805]]},"properties":{"ID":0,"RIVER_NAME":null}},{"type":"Feature","geometry":{"type":"LineString","coordinates":[[121.01727850508563,16.66514358721605],[121.01714702495745,16.664366340200424],[121.01649022590794,16.66313076478323],[121.01604867005473,16.662665554257227],[121.0158940255776,16.66220309035407],[121.01580788908011,16.66128029915784],[121.01579089267643,16.659835722224923],[121.01564638257247,16.658389924328706],[121.01496406571897,16.656539457807256],[121.01459483460758,16.655245168661338],[121.01329124531239,16.65335801528664],[121.01250318950824,16.652489960603827],[121.01177572360466,16.65192980635842],[121.01102304656648,16.65072403258851],[121.01065543556709,16.64927609418073],[121.0104124789897,16.648105940965845],[121.01041208534151,16.646600061004413],[121.01058542183532,16.645249508208614],[121.0111804305691,16.643196158139876],[121.01183156941963,16.641880915618803]]},"properties":{"ID":0,"RIVER_NAME":null}},{"type":"Feature","geometry":{"type":"LineString","coordinates":[[121.00466951691173,16.668556721081437],[121.0046300707239,16.669286226593194],[121.00446175015834,16.67014510152266],[121.00400331994503,16.671308500588736],[121.00386272985514,16.672567157674095],[121.00381490905883,16.674103296546487],[121.00390098604531,16.67502608608157],[121.00405528856427,16.675519285332847],[121.00469737068737,16.67663182544749],[121.00523329298332,16.677220897306423],[121.00563755174204,16.678208216022448],[121.00616328724517,16.679780612528923],[121.00676011904227,16.680646856412583],[121.00802329172106,16.68182683261529],[121.0097509972796,16.682796145177626],[121.0112698973033,16.683917099186736],[121.01294251154076,16.685592697444285],[121.01419845465158,16.687479411705475],[121.01525257388303,16.688841738386408],[121.0163848304896,16.690358470838742],[121.01710642022935,16.691502477255437],[121.01757516596743,16.69242893407179],[121.01855152522161,16.693606110108334]]},"properties":{"ID":0,"RIVER_NAME":null}},{"type":"Feature","geometry":{"type":"LineString","coordinates":[[121.02143187100651,16.73486593974614],[121.02043484906311,16.73360666846081],[121.01964901006406,16.7324927762284],[121.01860805707757,16.73137643362568],[121.01791441279185,16.73060147394528],[121.0165533084302,16.729604977471194],[121.01544447455362,16.72888748629548],[121.01382668715357,16.7280421671445],[121.01192668838192,16.726733140164335],[121.01094385357852,16.726170500663052]]},"properties":{"ID":0,"RIVER_NAME":null}},{"type":"Feature","geometry":{"type":"LineString","coordinates":[[121.11411694407732,16.787867754398928],[121.11225906246935,16.78861905936573],[121.11023861858783,16.789676186925448],[121.10908376561687,16.790310980344717],[121.10717768682024,16.79109252566048],[121.10535317841318,16.79169040330402],[121.10339861012888,16.792532930800892],[121.10234248080394,16.792861260377023],[121.10160873101879,16.792854493276288],[121.10049460132338,16.792598347767278],[121.09884364755814,16.7917840416951],[121.09757277508977,16.791249835209335],[121.09584117413986,16.790526961028796],[121.09396419079522,16.78998712566339],[121.0919583861981,16.789569012199955],[121.08986119087855,16.788719769702077],[121.087193489684,16.78749641135822],[121.08678247014679,16.78712379613247],[121.08659660498799,16.78656887520079],[121.08609850629506,16.78533492647892],[121.08534428629191,16.784190794327294],[121.08414223962242,16.783165425576545],[121.08286045598166,16.782139308550462],[121.08137072049627,16.7811727131469],[121.08009874130738,16.78076133050909],[121.07831853714868,16.78013006856652],[121.07733521463759,16.779567699126158],[121.07622770316951,16.77866610429235],[121.07493128345244,16.777516876265665]]},"properties":{"ID":0,"RIVER_NAME":null}},{"type":"Feature","geometry":{"type":"LineString","coordinates":[[121.08678247014679,16.78712379613247],[121.08425127953625,16.786608529461326],[121.08281636141024,16.786533705626702],[121.08195720111208,16.786310572418298],[121.0809050958355,16.786239301737083],[121.08010510872117,16.78647770581905],[121.07888793837031,16.78695807674836],[121.07767230877644,16.787284790088524],[121.0759484295144,16.78739161639374],[121.075151839522,16.78729197112777],[121.07349703105686,16.786876965428114],[121.07191037431355,16.786032326854695],[121.06923559472449,16.783948167112285],[121.0672742661591,16.78230093302369],[121.06642509980742,16.781094386356802],[121.0651947074684,16.779730592445137],[121.06454855219872,16.7789562043708],[121.06340890166885,16.778084977077402],[121.06156966957633,16.776992033225966],[121.06033622027331,16.77593551279198],[121.05879066583157,16.77419992839309],[121.05798912217756,16.773024535829006],[121.05701308671176,16.771755297738178],[121.05499319575488,16.769615693762738],[121.05411632735296,16.76800932330174],[121.05367633474033,16.767359785009152],[121.05323571944452,16.766771705177195],[121.05241203244638,16.76621073731668],[121.05114273628257,16.765553355799472],[121.05009421924191,16.765143915950397],[121.04926616225671,16.76501315008925],[121.04792619510489,16.7650311952752],[121.04637796006216,16.765139454868883],[121.04436628317605,16.765335502725517],[121.04334528158708,16.765356544244973],[121.04258228203345,16.765103440043674],[121.04182337402517,16.764450851547664],[121.04030683282305,16.763022750340824]]},"properties":{"ID":0,"RIVER_NAME":null}},{"type":"Feature","geometry":{"type":"LineString","coordinates":[[121.11225906246935,16.78861905936573],[121.1115795571913,16.787967426650635],[121.1108206069569,16.78728432970167],[121.10932854143437,16.786533032271873],[121.10805797020306,16.785968160379426],[121.1067281730846,16.784941737531053],[121.10576342112789,16.784103065596085],[121.10437411678969,16.78264581678986],[121.10339801163286,16.781346032562826],[121.10254707860666,16.78029326393167],[121.10144003984446,16.779330331404793],[121.10068146629686,16.778616473307135],[121.0997701213187,16.777225073229197],[121.09869128947201,16.775033061551063],[121.09809070904682,16.77447432020014],[121.09720395941987,16.77382073486193],[121.09615588618618,16.773350054340526],[121.09497930522754,16.77297038007628],[121.09305157954121,16.7727374136848],[121.09146124938195,16.772261690858894],[121.0896175831181,16.771599209228448],[121.08872965016678,16.77106851234022],[121.08779510429486,16.770414447332488],[121.08610819362039,16.770029988744152],[121.08502489085839,16.769896991523854],[121.08413205449585,16.769857958738605]]},"properties":{"ID":0,"RIVER_NAME":null}},{"type":"Feature","geometry":{"type":"LineString","coordinates":[[121.11663879052576,16.786108303808653],[121.1148234493844,16.785784354975338],[121.11425165413424,16.785533251303807],[121.11365281401832,16.784790164319148],[121.1130606550643,16.78337100297444],[121.11198359775177,16.77936579249191],[121.11192175792795,16.77755195668077],[121.11191049824549,16.775461983896847],[121.1117601067906,16.774538604030624],[121.11142408892923,16.77302958831801]]},"properties":{"ID":0,"RIVER_NAME":null}},{"type":"Feature","geometry":{"type":"LineString","coordinates":[[121.1533172624479,16.77245661583374],[121.15274306795565,16.77245146832003],[121.15229320574777,16.7727855080659],[121.15141854260439,16.774160690180217],[121.15055040671558,16.774859779048278],[121.1500069164394,16.77497783466877],[121.14933761028107,16.774910354929332],[121.14828877884675,16.77450138881545],[121.14701963174952,16.773783097195878],[121.14492855747848,16.77228905245545],[121.14292873801746,16.77125681943444],[121.1423250395362,16.771005506559877],[121.14082667140754,16.77089979027635],[121.13786333898652,16.770534958439594],[121.13576159477991,16.77014714825368],[121.13407094887246,16.770131845138962]]},"properties":{"ID":0,"RIVER_NAME":null}},{"type":"Feature","geometry":{"type":"LineString","coordinates":[[121.15862096542135,16.768324252180683],[121.1591537849456,16.769312503418984],[121.15955664569893,16.770545465652358],[121.15973029773002,16.772391062054698],[121.16012873073846,16.774084995541696],[121.16072448492638,16.775166008737475],[121.16183094858596,16.776220844701864],[121.16288780134478,16.777459637951164],[121.1636386561079,16.779003040032652],[121.16466925491686,16.781317286921997],[121.16576515487817,16.783478441416083],[121.1663775071774,16.78449812240207],[121.16745185696358,16.785583383060295],[121.16840597534514,16.785899215080214],[121.16990302498654,16.786158401508157],[121.17136788329562,16.7864480256806],[121.17212942351505,16.786885067627757],[121.17243014478514,16.78713361127784],[121.17264964064934,16.78753510474324],[121.1727040386592,16.788519083037386],[121.17242588116012,16.790913883197504],[121.1719232121455,16.793429624537215],[121.17160512116425,16.794994242966037],[121.1716943585833,16.795671188189974],[121.17184946426752,16.796133579221245],[121.17206955566016,16.796473610695006],[121.1724157933076,16.796968433479954],[121.1730846039426,16.797097309643846],[121.17391293671416,16.797227599509338],[121.1748647746965,16.797789261029653],[121.1757176747915,16.79868811811366],[121.17675232376163,16.8006028135867],[121.17883821891618,16.804370871877875]]},"properties":{"ID":0,"RIVER_NAME":null}},{"type":"Feature","geometry":{"type":"LineString","coordinates":[[121.1724157933076,16.796968433479954],[121.17107970143161,16.79821666345984],[121.17039940190344,16.799286311050523],[121.1703276395041,16.800115495371323],[121.17057256726741,16.80119336940864],[121.17107509311755,16.802027660401727],[121.1720550223188,16.802989130244082],[121.17341458943963,16.80429204410179],[121.17359866827057,16.805062033763644],[121.17368291326953,16.806261415616316],[121.17373731178274,16.807245392985614]]},"properties":{"ID":0,"RIVER_NAME":null}},{"type":"Feature","geometry":{"type":"LineString","coordinates":[[121.16745185696358,16.785583383060295],[121.16637163219688,16.78677239701802],[121.16450801092297,16.788138825177104],[121.1629016544721,16.789292391471985],[121.16190764410503,16.789805997065866],[121.16107550991927,16.790075171151575],[121.16011783474232,16.790128081195633],[121.15909368814123,16.79045699851606],[121.15829108035076,16.79097229691758],[121.15771119618341,16.791551053498747],[121.15741724993815,16.7922553042173],[121.15737526496224,16.7932998842913],[121.15743225118631,16.794007276444642],[121.15771493405285,16.794470817251092],[121.1591969164205,16.796297386214746],[121.16009432789288,16.79753477358555],[121.16047036517246,16.79824501853709],[121.16052380881915,16.799321187344677],[121.16047709632733,16.800857470889945],[121.15966644415207,16.802202516885483],[121.15895060542064,16.80364060913625],[121.15841497917866,16.804588567726732],[121.15795911052342,16.805537238717605],[121.15779097950798,16.80642701792271],[121.15772449804678,16.806703028100724]]},"properties":{"ID":0,"RIVER_NAME":null}},{"type":"Feature","geometry":{"type":"LineString","coordinates":[[121.15966644415207,16.802202516885483],[121.15904489392943,16.802135487257445],[121.1572880561793,16.80233489477263],[121.15565883538022,16.80253543119793],[121.15479443571881,16.80283501840027],[121.15374187502815,16.802794839803436],[121.15310348230715,16.802819842770813]]},"properties":{"ID":0,"RIVER_NAME":null}},{"type":"Feature","geometry":{"type":"LineString","coordinates":[[121.1626056576256,16.740391718469624],[121.16232155444479,16.74008184673921],[121.16155638225129,16.740044297693043],[121.15954024363106,16.74073321373158],[121.15742515734776,16.741759300729836],[121.15598427807471,16.742330378301272],[121.15495683958837,16.743028078563956],[121.15383163585848,16.743940036816255],[121.15251534748661,16.74481954289658],[121.15121796140777,16.745391868432584],[121.1495192057815,16.74623719154007],[121.1477229668014,16.747266027863727],[121.14518745689134,16.748872145772093],[121.14386931102334,16.74993597634984],[121.1433057712578,16.750484114862957],[121.14304315336072,16.751250098277893],[121.14274505957539,16.752384568390422],[121.14226005673072,16.753056345763984],[121.14195986648681,16.754405932140003],[121.14156040040142,16.756123429236986],[121.14104020266595,16.75713295748848],[121.14030060147041,16.75774096501704],[121.13905064215112,16.758344363590563],[121.13732102167104,16.7590663560068],[121.13594674956929,16.759330539287077]]},"properties":{"ID":0,"RIVER_NAME":null}},{"type":"Feature","geometry":{"type":"LineString","coordinates":[[121.22790464346198,16.757160166739325],[121.22743273212086,16.759891533129036],[121.22690839621649,16.761393042936515],[121.22661218920163,16.76237401715341],[121.22673152640421,16.763266360617354],[121.22674462556454,16.765294987298166],[121.226869088408,16.767355306876894],[121.2269243420487,16.76827783386661],[121.22720631739293,16.76883349077721],[121.22741993577739,16.7698803203053],[121.22740825655134,16.771140357009642],[121.22727467053046,16.771784643757925],[121.22695110223307,16.77227362025166],[121.22601998677861,16.772911040890936],[121.22531502589285,16.773243054838748],[121.22378177507889,16.773444986634054],[121.2216728729292,16.773795613379395],[121.22050647972529,16.77400068644251],[121.21865106013162,16.774537880053344],[121.21673039585238,16.775228165668484],[121.21548280374526,16.775586180430842],[121.21442919923528,16.775669255092996],[121.21280338187069,16.775532216744224],[121.2114675542132,16.775090335546825],[121.21097423644659,16.77496311266473],[121.20995109822296,16.775200103086156],[121.20853736809384,16.77626353068129],[121.20801744019313,16.777273255498095],[121.2075219147388,16.779082294365377],[121.20705453212038,16.781291127563506],[121.20876514938398,16.782596873751487],[121.21137050272276,16.78375670782051],[121.21338942347619,16.784511871077424],[121.2147238847024,16.7851074078978],[121.21678323229843,16.786661997102012],[121.21792486737556,16.787409519317688],[121.2192286075952,16.787881824229125],[121.22011789533049,16.788319803516163],[121.22055824648847,16.788999778360914],[121.22099631072463,16.789925612022248],[121.22087033369395,16.791461268589483],[121.22027744452312,16.793453911005997],[121.22026856521167,16.79440661581999],[121.2202890119372,16.79563618815149],[121.22050289299688,16.79665228910497],[121.2209079200324,16.79770077766842],[121.22105713589833,16.798808523842794],[121.22108044934127,16.79973077203483],[121.22092599013465,16.80089736195472],[121.22040002626156,16.80255249584337],[121.21991513136852,16.803224467293372],[121.21945927162437,16.804204037121778],[121.21924976646612,16.806138518711343],[121.21890488119111,16.808901667374244]]},"properties":{"ID":0,"RIVER_NAME":null}},{"type":"Feature","geometry":{"type":"LineString","coordinates":[[121.062646664094,16.809030112833796],[121.0627388592208,16.80859469827217],[121.06317119940624,16.80755766792176],[121.06384206658359,16.80639591810194],[121.06433046374192,16.805029305684293],[121.0647441501102,16.80323031095661],[121.06497536799792,16.80122645566113],[121.06516935580275,16.798993713945524],[121.06508244804654,16.79716461474574],[121.06493046969081,16.796553758161377],[121.06446295644632,16.795863755265522],[121.06346672387329,16.795321133205427],[121.06222991826604,16.795106347591094],[121.0611269728444,16.794689674012815],[121.06018399055998,16.79409675366386]]},"properties":{"ID":0,"RIVER_NAME":null}},{"type":"Feature","geometry":{"type":"LineString","coordinates":[[121.04883863542491,16.81007163833326],[121.04882858378595,16.811535677598],[121.04901791331417,16.81364505756896],[121.04929074453115,16.81532355622007],[121.04922477397305,16.8166179509405],[121.04898459188016,16.818190009859567],[121.04847254155014,16.819277027976934],[121.04733803074198,16.82193246729493]]},"properties":{"ID":0,"RIVER_NAME":null}},{"type":"Feature","geometry":{"type":"LineString","coordinates":[[121.04883863542491,16.81007163833326],[121.04859919546588,16.80947670243883],[121.04807769906282,16.80891311611138],[121.04734740130883,16.808144405594298],[121.0468817519842,16.807276636514697],[121.04668802599471,16.80559888795649],[121.04680724095002,16.804254214631506],[121.04764855444093,16.801900693253554],[121.0481442558038,16.801118227460492],[121.048311239968,16.800256463890744],[121.04867571430778,16.798126943526725]]},"properties":{"ID":0,"RIVER_NAME":null}},{"type":"Feature","geometry":{"type":"LineString","coordinates":[[121.13390224839553,16.814534704427395],[121.1334508530315,16.81486072323016],[121.13299622438092,16.81551682836317],[121.13265077360829,16.815793020069446],[121.13199095811994,16.815863205759275],[121.13099141280281,16.815625577626268],[121.13025325659149,16.815618864698692],[121.12945863915589,16.815992538726867],[121.12892839429762,16.816292435424838],[121.12863366887949,16.816772229804243],[121.12857271903492,16.81760966187737],[121.12859185443611,16.818346248876377],[121.12840157994408,16.818928567689852],[121.12792230604724,16.8194066797168],[121.127286596171,16.819705610261114],[121.12704857868626,16.81977962178294],[121.12689039923931,16.819778180143174],[121.12673346731593,16.819649782165964],[121.12676257497688,16.819370718781098],[121.12697697290007,16.81901716355464],[121.12703344089144,16.818636775325793],[121.12700932282345,16.81840801382372],[121.12687925378968,16.818229073794374],[121.12651116950234,16.818124144800922],[121.12571878185689,16.81826928139983],[121.12511068478734,16.81844148957337],[121.12389698651194,16.818531988136407],[121.12342345187277,16.818426091097596],[121.12266417544298,16.81788589416944],[121.1218939730048,16.817117053787648],[121.12129238225252,16.81662908024528],[121.1210043940752,16.816423300168882],[121.1204261670843,16.816240259420404],[121.11939827437638,16.81620546424306],[121.11826267698123,16.816398218780815],[121.11683056865118,16.81724847894009],[121.11560935089301,16.81810066152132],[121.11475393960151,16.819286305497588],[121.11429295969158,16.82057713795152],[121.11383699767573,16.82136014759064],[121.11338480138889,16.821762290147234],[121.1124588171606,16.822083899949376],[121.11109833791065,16.822350724998856],[121.10901084796626,16.82281399780267],[121.10758193147562,16.82333410151212],[121.1068392155903,16.823784338490334],[121.10582907560621,16.82461300599346],[121.1050541803369,16.82564698346228],[121.10366330566754,16.827640214417386],[121.10212739738262,16.8296320928974],[121.10114230454565,16.83058792948715],[121.09973283764437,16.831793765972478],[121.0986678675167,16.832825028679835],[121.09818493844968,16.83365853067493],[121.09781481400125,16.83507711802508],[121.09777171049947,16.836752665140303],[121.09794181032302,16.83820164911599],[121.09840320057336,16.83952636571204],[121.09887904694702,16.840724249937644],[121.09915030909755,16.84260585362949],[121.09918174280774,16.84473916743994],[121.09892010432823,16.845854041463515],[121.09832862627171,16.846991251647587],[121.09795213488768,16.847724162532028],[121.09754521201563,16.848863079822134],[121.0971892401086,16.85018021987086],[121.09670851380686,16.85210563532835],[121.09656372124367,16.853399338884707],[121.0967302559049,16.855203792237628],[121.09690136504662,16.856551212636084],[121.09680752450646,16.858023139913545],[121.09664928542364,16.859342110791683],[121.09613456085438,16.8607085580214],[121.09583738837132,16.86141680421825],[121.09493068220641,16.862424104169516],[121.09355009213745,16.86335081451093],[121.0923292311216,16.864126642457805],[121.09111142017508,16.864597774766057],[121.09001353969425,16.86494305171434],[121.08783902907447,16.866141643778693],[121.086408965482,16.866737730538144],[121.08468960041037,16.867254925000488],[121.08400323433106,16.867324689794348],[121.08270423005733,16.867998152200503],[121.08206419395276,16.868703165032546],[121.08145000978236,16.869459203054028],[121.08097187846037,16.871105262087823],[121.08079724734812,16.8727287685746],[121.08052149240862,16.87391964911639],[121.07985069371736,16.875056041840047],[121.07880916125595,16.876341312633706],[121.07807652709944,16.877070833050105],[121.07740775752569,16.878004091831833],[121.07692486121724,16.87881212867459],[121.07654512919774,16.87984966746729],[121.07621479050312,16.881217774830038],[121.07578417047694,16.88337211433095],[121.07553318921472,16.884715571901136]]},"properties":{"ID":0,"RIVER_NAME":null}},{"type":"Feature","geometry":{"type":"LineString","coordinates":[[121.08145000978236,16.869459203054028],[121.0806447168184,16.86955323537947],[121.07980243479157,16.86939298963951],[121.0793577477493,16.86903332380383],[121.0785224007644,16.86818753201799],[121.07768860197083,16.867189395112973],[121.0770941867146,16.865990358555507],[121.07610116420756,16.865092294353673],[121.0751360622786,16.864042131555532]]},"properties":{"ID":0,"RIVER_NAME":null}},{"type":"Feature","geometry":{"type":"LineString","coordinates":[[121.08400323433106,16.867324689794348],[121.08339047191818,16.86663335397116],[121.08219389072332,16.86499701998294],[121.0814376516584,16.864151980211556],[121.08009504978601,16.86261584171557],[121.0791552770134,16.861667505265725],[121.07795337192304,16.860564351615466],[121.07766768618535,16.860129995776884],[121.0770714909924,16.859108693549405],[121.07686799400064,16.858370393693637]]},"properties":{"ID":0,"RIVER_NAME":null}},{"type":"Feature","geometry":{"type":"LineString","coordinates":[[121.13976071675471,16.820733072838774],[121.14102319700936,16.82104922133488],[121.14212700513406,16.82141471535602],[121.14349717600213,16.82150327954077],[121.14426469062774,16.821205487346933],[121.14514482263262,16.820172290165083],[121.14552206368131,16.819337701093563],[121.14584706828418,16.818451852226847],[121.1459848109438,16.81784364472816],[121.14625214662883,16.81746514967358],[121.14659659616065,16.81729049962476],[121.14686047489224,16.817267485137776],[121.14704452373732,16.817319931959194],[121.14727957201187,16.817550594729603],[121.14748381676537,16.81823806753722],[121.14778364874039,16.819942152598315],[121.14808743146483,16.821239972712128],[121.14832026555206,16.821699158773267],[121.14881353381527,16.82249081011124],[121.14944084505429,16.823055123781824],[121.15009501705867,16.823568890092808],[121.1507543663787,16.82354943144544],[121.15141519342988,16.823377621119512],[121.15229062450396,16.822826831167642],[121.15308892705059,16.82207219314753],[121.15410133060625,16.820989354715298],[121.15487202571111,16.820361429604173],[121.15581383402754,16.819760430527577],[121.15689818169612,16.819414643713994],[121.15904074845906,16.81869742385827],[121.16104658546202,16.818486835516264],[121.16316958839779,16.818429638062483],[121.16461958688113,16.818442591657153],[121.16556672298674,16.81865419929141],[121.1669571619833,16.819377636994112],[121.16892566712424,16.820309369626628],[121.1700031765826,16.820674483799056],[121.17131991605865,16.820838569218125],[121.17308606506393,16.820879671760608],[121.1756719342015,16.820674096720275]]},"properties":{"ID":0,"RIVER_NAME":null}},{"type":"Feature","geometry":{"type":"LineString","coordinates":[[121.15009501705867,16.823568890092808],[121.1497710062469,16.82435318009606],[121.14963178926509,16.825113739872183],[121.14959876820843,16.825799074559203],[121.1498269264184,16.826740699286237],[121.15054837517576,16.828473972883668],[121.15152276725551,16.82995558339701],[121.15230559134521,16.83080062216432],[121.15374287852603,16.832134025136043],[121.15502543580614,16.833110516086496],[121.15637785310012,16.833681325796682],[121.15769367793587,16.83394707270919],[121.15974971020368,16.83401629484798],[121.16272903724523,16.834042971026314],[121.16457561951668,16.83395790742357],[121.16533924857245,16.834066306714664],[121.16586265224929,16.834477285319405],[121.16617537536075,16.834860987524735],[121.16630256001693,16.83534460847608],[121.16629864838626,16.835750876872638],[121.16589582166523,16.836509097825356],[121.16498493723573,16.83799920194897],[121.16472491257699,16.838987241222775],[121.16461210391618,16.839748050665833],[121.16473781789986,16.840384022743343],[121.16507593483983,16.8408695298335],[121.16562327525725,16.84153466374721],[121.16627657629806,16.84214995519273],[121.16661518918193,16.842584676836548],[121.16674360073621,16.842941338972718],[121.16671160927575,16.843525114003956],[121.16629778226329,16.844054690210385],[121.16559877638446,16.845445110350227],[121.16503306614715,16.846684355393457],[121.16464677901664,16.848458474975843],[121.16474416877705,16.849297345023086],[121.16494678616982,16.850162550050054],[121.1653122658724,16.850546726996676],[121.16623025428471,16.85106281172575],[121.16776765727904,16.851609819097547],[121.1688419132491,16.852330440206185],[121.16949183868387,16.853301210311475],[121.1698761295469,16.854472760946873],[121.17004947365145,16.855642429433924],[121.16993666907018,16.856403241754435],[121.16949009551456,16.857592772590156],[121.16823093734001,16.859638439618813]]},"properties":{"ID":0,"RIVER_NAME":null}},{"type":"Feature","geometry":{"type":"LineString","coordinates":[[121.16494678616982,16.850162550050054],[121.16441477178279,16.850640275578385],[121.16370111856587,16.850811647209703],[121.16304167139701,16.850831138236273],[121.16227871401213,16.850646549046417],[121.16146473983191,16.850283742949124],[121.16072717290197,16.850200951243202],[121.15985604828752,16.850294716171945],[121.15863624222239,16.850994800500825],[121.15728360338467,16.851795259007776],[121.15630232348333,16.852370500866044],[121.15518599568868,16.853274642362223],[121.15435897092198,16.85425756107044],[121.15377097952664,16.855064870704794],[121.15319789302588,16.85569455604187],[121.15306037916702,16.856277374298266],[121.15302390090424,16.857318189694197],[121.15253298241618,16.858989755586897],[121.15213004463384,16.859747937637643],[121.15196343957693,16.860609823314597],[121.15148286852285,16.861214941496105],[121.15081672057842,16.861919959721128]]},"properties":{"ID":0,"RIVER_NAME":null}},{"type":"Feature","geometry":{"type":"LineString","coordinates":[[121.13113599993925,16.155462189441927],[121.13028085953265,16.156341383698525]]},"properties":{"ID":0,"RIVER_NAME":null}},{"type":"Feature","geometry":{"type":"LineString","coordinates":[[121.17020673906566,16.179250098198338],[121.17022042763331,16.179291924066558]]},"properties":{"ID":0,"RIVER_NAME":null}},{"type":"Feature","geometry":{"type":"LineString","coordinates":[[121.17833832350273,16.187256999915036],[121.17691093136612,16.18754406469764]]},"properties":{"ID":0,"RIVER_NAME":null}},{"type":"Feature","geometry":{"type":"LineString","coordinates":[[121.07955458863528,16.614617044437647],[121.0776660206386,16.615655963594],[121.07661588950087,16.616325348127777],[121.07579675144459,16.617374146805318],[121.07423670179665,16.61947245696928],[121.07312232011556,16.621348519637962],[121.07169464244707,16.623246816792307],[121.07074326014983,16.6244704249485],[121.06979639289294,16.625241334761213],[121.06885429965344,16.62553439751724],[121.06799322970437,16.625551538743522],[121.06715975661723,16.625418021926894],[121.06656231279793,16.62516094047845],[121.06557611228182,16.62464871718476],[121.06417911305275,16.623478711882765],[121.06366472837166,16.622744512050122],[121.06299459545858,16.62193340302683],[121.06214162262756,16.621145738115377],[121.06123850808105,16.62015638758683],[121.05990728429236,16.61893666903165],[121.05809174945828,16.61788847869589],[121.05707952685837,16.617375977110058],[121.05578038565496,16.616860785777487],[121.05416925853169,16.616242057718807],[121.05323632228742,16.615629674833787],[121.05246217713898,16.61479241140795],[121.05186113332957,16.61360464478779],[121.0515035753052,16.612846739936444],[121.05086849284231,16.61115561779921],[121.05079963253642,16.610224358194756],[121.05076040771806,16.60894125242615],[121.05092553124543,16.608087642529913],[121.05102849034881,16.606931628570724],[121.05080465561919,16.605848005029443],[121.05024708106131,16.60423306478955],[121.04919776381027,16.60223623384663],[121.0480819925871,16.60036453400044],[121.04757001128098,16.59940396187287],[121.04711070557761,16.598393580251614],[121.04661685588913,16.596930142950225],[121.04605806419457,16.595440943144258],[121.04585602429306,16.594785100731254],[121.04485463410427,16.593216284497725],[121.04367171368631,16.59154515081701],[121.0428746719912,16.59040582796332],[121.04113768522618,16.58807552667593],[121.04036573235462,16.587037039472197],[121.039956354402,16.586253482434973],[121.03962904019355,16.585093423570356],[121.03953771716478,16.58380982980907],[121.03951133746963,16.582551999460225],[121.0391809721153,16.581693731279394],[121.0385425049384,16.580354678286565],[121.03791351610387,16.579367836135134],[121.03768543667688,16.57871174373023],[121.03765545898175,16.57652326976608],[121.03768918452397,16.575769038844122],[121.03748897124946,16.574937147778943],[121.03724607326045,16.574456976991847],[121.03712231179554,16.573801867905328],[121.03699873073354,16.570556142753187],[121.03702625799565,16.56784002572221],[121.03709807677018,16.567186760022228],[121.03728724112598,16.566534600061843],[121.03755234176482,16.5661095200844],[121.03794731603956,16.56573596639415],[121.03985907064967,16.56494911263592],[121.04140344936653,16.56438515107167],[121.04270881107945,16.564246510625754],[121.04403796358585,16.564334450801294],[121.04536787942735,16.564346934509324],[121.04629916621376,16.564054820188293],[121.04692499716242,16.563645584140325],[121.04759012282831,16.562506543660348],[121.04772734693871,16.561828731496067],[121.047705831136,16.56137579772551],[121.04742405844785,16.56087012139864],[121.04659722017871,16.560107817381535],[121.04575760397545,16.559320239047434],[121.0450609053165,16.558584302384435],[121.04472978197101,16.557801491025522],[121.04447359003274,16.557346355344812],[121.04389668605425,16.555077283206018],[121.04352281134537,16.55336345474954],[121.04342222210701,16.551702494930066],[121.04314656338823,16.550593230216762],[121.0427936981205,16.549382633499718],[121.04270335880864,16.547998439076512],[121.0427694658544,16.546615713234587],[121.04276531036093,16.54573536275967],[121.04295493441941,16.545032893350907],[121.04316657196829,16.544733058409342],[121.0435597129064,16.544535533266437],[121.04415992444528,16.544490860268713],[121.04525478378793,16.544526278408476],[121.04575095230183,16.544455473635033],[121.04611801646753,16.544257698957903],[121.04640711094568,16.544034041307],[121.04662051484068,16.543558156077758],[121.04670380100347,16.543055899979237],[121.04657950835858,16.542451092267456],[121.04588969811682,16.54103612868819],[121.04553150633305,16.540353673642674],[121.04544328866281,16.540051025318135],[121.04547417504648,16.539573430480125],[121.04600931854522,16.538220246587834],[121.04625207979053,16.53741766232851],[121.04631232711075,16.53661336833453],[121.04637080165283,16.535985120383828],[121.04619360681568,16.535455272690385],[121.04604451087344,16.534724473508867],[121.0459568002454,16.53437152653481],[121.04609475813051,16.533618263849],[121.04646888620472,16.532716301226934],[121.04760518099542,16.531217825847108],[121.04826634412919,16.530293392080125],[121.04924213505112,16.529195833641307],[121.05042472338833,16.52827626453697],[121.05225161189253,16.52680935905806],[121.0527530288542,16.52621039140944],[121.05325872779,16.525183879300968],[121.05335105705461,16.52377623194847],[121.0532851920406,16.522543172788275],[121.0533396709334,16.52100941234948],[121.05320315147262,16.51902113589814],[121.05298111358995,16.517761468430493],[121.05269062548544,16.516828137890208],[121.0524931501683,16.515719610921913],[121.05255839448604,16.514412318133182],[121.053033515893,16.512530351046074],[121.05343363112422,16.511628609429575],[121.05354672352199,16.510749344425292],[121.053607675236,16.509869593414408],[121.05405664789986,16.509295280483855],[121.05504532478372,16.508197799498024],[121.05523158359593,16.507822253403],[121.0553148219465,16.50731998824135],[121.0551107952269,16.506865353273394],[121.05456686392543,16.506508161725833],[121.0539209232843,16.50592365106482],[121.05335747290619,16.504912323618996],[121.05246017008915,16.503394844731737],[121.05153126973273,16.502430411709437],[121.05013768426316,16.50100890571163],[121.04880828052252,16.499688599074364],[121.0475929198907,16.4986963257035],[121.04671468687637,16.497883260058675],[121.045991352563,16.497222550668287],[121.04469630301529,16.49638042962399],[121.04305859379507,16.495912372510748],[121.04053409319583,16.49548629765201],[121.04001578331315,16.495179617333655],[121.03961933835497,16.4944213456963],[121.03869789540155,16.492727532448562],[121.03844786936195,16.491668810870998],[121.03859264819795,16.490236515120372],[121.038798789871,16.489182071715923],[121.03883093667397,16.48857872929538],[121.03875603057321,16.488251053130362],[121.03847284658599,16.487896271941104],[121.03787762746859,16.487463108049237],[121.0369468455092,16.486699820160556],[121.0361722141084,16.485963146638564],[121.0359707874913,16.485257005126105],[121.03583883902174,16.48412393528433],[121.03616354879277,16.482944848873636],[121.03677852404229,16.48141635986044],[121.03700149470939,16.47998479804658],[121.03695747386311,16.479179526704918],[121.03678464796472,16.47822213603693],[121.03662536259877,16.477214568701314],[121.03669016346895,16.47595758529652],[121.03703685999083,16.47518113046269],[121.03769708849532,16.474332158855304],[121.03796431802417,16.47368071594348],[121.03828266179939,16.47313035892957],[121.03880774713468,16.4727580013178],[121.04001202168945,16.472241091333018],[121.04153032576599,16.471601352407085],[121.04277747187304,16.47070754734825],[121.04335770060688,16.470033869162762],[121.04435949136487,16.468911392168355],[121.04473346808413,16.46800941493479],[121.04494029635573,16.46687950847824],[121.04495845334583,16.465068737307288],[121.04497938149325,16.46298132012878],[121.04498618879212,16.462302280710542],[121.0451210420459,16.46185080406194],[121.04567466653238,16.461227171206307],[121.04648841262822,16.460656266588774],[121.04713022758169,16.46033527542183],[121.04872962447747,16.459394403972006],[121.0497538679875,16.458624229290216],[121.05019186411802,16.457928298510073],[121.050651811604,16.4574504408728],[121.05118361432856,16.45639900230729],[121.05179560666599,16.4551470908663],[121.05231612204683,16.453919478546176],[121.05240861612907,16.452486669966987],[121.05231666767985,16.451253363616022],[121.05214201678343,16.450472026005695],[121.0515526420918,16.449460464590427],[121.05052424903948,16.44804238625058],[121.04994867341276,16.446955493810858],[121.04972140955027,16.4462239698788],[121.04958655775599,16.44504994024492],[121.04963299391285,16.444638567703453],[121.04989912839702,16.444087698063157],[121.05084434544369,16.4433922298914],[121.05194516682198,16.442773658831285],[121.05248417515821,16.442300776306357],[121.05295978496639,16.441651238669575],[121.05335996791072,16.44072432614046],[121.05336849108785,16.439869233361996],[121.05348877345686,16.438260614295444],[121.05366969130235,16.437105295714254],[121.0541189725036,16.436480661340063],[121.05543548169432,16.435134655264356],[121.05620097033926,16.434160816180274],[121.05633502093455,16.43378477584757],[121.05636558378143,16.43333232003089],[121.05624052055799,16.431495052991817],[121.05633620818493,16.429735287435275],[121.05645977130995,16.42884101455294],[121.05664175166947,16.427313447444796],[121.05698790187935,16.426048982545993],[121.05739738635612,16.424704615711995],[121.05839136523765,16.42328516812076],[121.05917327074036,16.42222594551175],[121.060113111385,16.421007204333154],[121.06081001696366,16.420108162531207],[121.0612108818168,16.419628941848465],[121.06139385799665,16.419047099199823],[121.06139944236753,16.41848374011022],[121.06134368527663,16.417799083713614],[121.06097723497568,16.416910340103566],[121.06048252113737,16.416342360234434],[121.05930509194681,16.41524490385542],[121.05814732323444,16.414268354566637],[121.0573517636373,16.41355673403623],[121.05644535802712,16.412461771561578],[121.05604507166363,16.411834291934795],[121.05561771863941,16.41078400413706],[121.05502500949484,16.4095913323721],[121.05486564927504,16.40884535154616],[121.05454775367552,16.40831924180339],[121.0542053937251,16.407108765413735],[121.05381112582293,16.405877686142123],[121.05336815239626,16.404304085430102],[121.05335671159862,16.40335825701823],[121.05410928358567,16.402097556995386],[121.05485102345318,16.400876996468252],[121.05513641530534,16.400477202436463],[121.05526827372634,16.399794282236833],[121.05506882720638,16.398886956469973],[121.05492811632753,16.398362488005038],[121.0545378809123,16.397775344631448],[121.05369008714375,16.397083355371965],[121.05282225606777,16.396310690572218],[121.0518103288874,16.395355591578603],[121.051191031641,16.394746198569653],[121.0509960227399,16.394442564425308],[121.05091645331277,16.394059513527225],[121.05106716067897,16.39357798885389],[121.05131948116946,16.39335898864662],[121.05299833748262,16.39222760318399],[121.05455231689422,16.39107492505227],[121.05584594187579,16.389899704586295],[121.05635215916267,16.389300730306967],[121.0567555560737,16.388559951618173],[121.05690843834999,16.387857100822373],[121.05685708251109,16.38672980454952]]},"properties":{"ID":0,"RIVER_NAME":null}},{"type":"Feature","geometry":{"type":"LineString","coordinates":[[121.05335671159862,16.403358257018233],[121.05323644770057,16.40287422068778],[121.05328813944875,16.40186861184954],[121.05348493823206,16.400944834059562],[121.05390019623486,16.400063322512903],[121.05403025887851,16.3995614827429],[121.05405710115639,16.398958078244252],[121.05393703687619,16.398453922311866],[121.05369171071689,16.39796872817451],[121.05278138863045,16.39727615643847],[121.05189351777989,16.39642281542376],[121.05085955034627,16.395588238431046],[121.0503128069848,16.395019759274252],[121.05019215299727,16.3945759619598],[121.05032362144077,16.393933285695876],[121.05054146498428,16.392989584067166],[121.05081562926961,16.392670178258427],[121.05138059545061,16.392454076296268],[121.05236742325748,16.391738837099737],[121.05324060725945,16.390921931431162],[121.05355884876117,16.390361468031426],[121.05373258724548,16.389658813983203],[121.0539259680242,16.389077072119115],[121.05407466491292,16.388796743236067],[121.05439110208485,16.388417357314193],[121.05483119608562,16.388179967214818],[121.05539654487656,16.387923612589436],[121.05600537401122,16.387486561970654],[121.05648994302885,16.386967873716596],[121.0568260181458,16.386709395702873],[121.05774084583342,16.385892851701332],[121.05897732874519,16.385220124550234],[121.06023165925903,16.3848493816745],[121.06083748296624,16.38471411513739],[121.06198282131926,16.384825281176237],[121.06298206559636,16.384955217542604],[121.06389555671983,16.385325822596798],[121.0645363100796,16.385875011327162],[121.065524440867,16.38713166068272],[121.06660419316644,16.38861048993913],[121.06691465327224,16.388834685244255],[121.06774559279309,16.389124029304657],[121.06978523178111,16.389444591064876],[121.07019127450474,16.38948856186822],[121.07081339606013,16.389816221820286],[121.07151671392096,16.39036596639348],[121.07288464386784,16.391163265217543],[121.07383650997737,16.391876256864233],[121.07476516697626,16.392830496138085],[121.07561342362612,16.393482166224565],[121.07638206575578,16.393750786872044],[121.0777130927482,16.394064792195536],[121.0786595039534,16.394274664413274],[121.07953118933824,16.39466494818268],[121.08109151097365,16.394981027843432],[121.08273521413487,16.395297856907952],[121.08348401638226,16.395465661833395],[121.08413769206786,16.396035038723614],[121.08465436252146,16.396492494087912],[121.08535145350508,16.39715281281276],[121.08615473607325,16.39761287570279],[121.0878910983993,16.39858447948717],[121.08903335853611,16.39902246358724],[121.09064339592769,16.399590455667077],[121.09183827077534,16.399978598282157],[121.09269785820355,16.400011554095023],[121.09364521266963,16.40039744042519],[121.09424351250546,16.40050347782795],[121.09458199094361,16.400531699794804],[121.09505001370067,16.40063655371455],[121.09559400249246,16.40096846960655],[121.09629628411845,16.401100596457184],[121.09744224820557,16.401161280251895]]},"properties":{"ID":0,"RIVER_NAME":null}},{"type":"Feature","geometry":{"type":"LineString","coordinates":[[121.0878910983993,16.39858447948717],[121.09037741702987,16.39880830640256],[121.09304669146178,16.399009627131306],[121.09443642655089,16.39942366053731],[121.09636282217633,16.399617187796554],[121.09831747748562,16.399584578596613],[121.09932061711878,16.39959365336264],[121.09981762575791,16.39939692546621],[121.10015805622842,16.39922393370214],[121.10039231218302,16.399251203988808],[121.10067721566939,16.399429848494666],[121.10116861347436,16.39981158085014],[121.1018438660008,16.400044056104704],[121.10223421375007,16.400097887052354],[121.1030945391935,16.400055348692273],[121.10434837867396,16.39973967553896],[121.10527324631369,16.399595421489128],[121.10643210174557,16.399541353806637]]},"properties":{"ID":0,"RIVER_NAME":null}},{"type":"Feature","geometry":{"type":"LineString","coordinates":[[121.10616157388614,16.400862748633582],[121.10346564192001,16.40209607660883],[121.10160859608851,16.402808738800942],[121.10022616191077,16.402947161109967],[121.09918489731305,16.402837133077114],[121.09863820967172,16.402781881396514],[121.09809372147467,16.402500273455065],[121.09770703663662,16.40206917639578],[121.09747742161328,16.401564042660635],[121.09744224820557,16.401161280251895],[121.0975356427794,16.400935751055236],[121.09782567659103,16.400586238025014],[121.09840158875814,16.400314769781474],[121.09908147785346,16.40006939309976],[121.09960259079396,16.40007410610228],[121.1001982105374,16.40045678312324],[121.10092337975786,16.400916087810383],[121.10165221031536,16.400998131382575],[121.1026450121327,16.40073041663768],[121.10449594783587,16.400646508693825],[121.10574638348533,16.400682936563893],[121.10616157388614,16.400862748633582]]},"properties":{"ID":0,"RIVER_NAME":null}},{"type":"Feature","geometry":{"type":"LineString","coordinates":[[121.09181221525505,16.39997836170172],[121.09123654220308,16.40022466058001],[121.09016532149887,16.400516760097847],[121.08883550621199,16.400605281062937],[121.08804056629981,16.40062320268747],[121.08788447862746,16.400596629882283],[121.08746611601632,16.400743738566078],[121.08688896201218,16.401140926979714],[121.08665003758976,16.401591498737247]]},"properties":{"ID":0,"RIVER_NAME":null}},{"type":"Feature","geometry":{"type":"LineString","coordinates":[[121.08089280782453,16.39877221867779],[121.08248069773083,16.398937627619215],[121.08305342068732,16.39899315742185],[121.08380631605988,16.399276701754548],[121.08465999115275,16.39991329839143],[121.08597849145987,16.40098172050456],[121.08662398193405,16.401591261491138],[121.08734592374168,16.40237756508652]]},"properties":{"ID":0,"RIVER_NAME":null}},{"type":"Feature","geometry":{"type":"LineString","coordinates":[[121.04341481286494,16.55335512418732],[121.0426909649229,16.553977495462714],[121.04180658571178,16.554346688528547],[121.04040133851797,16.55461660556401],[121.0375291107613,16.55480978740128],[121.03540699493972,16.555010001526657],[121.0337574556408,16.555246111022754],[121.03215843074564,16.55532539297829],[121.02961393175795,16.555364267203885],[121.02628767171424,16.555301333422793],[121.02369714599938,16.55505657658375],[121.02307717077427,16.555082154468383],[121.02247253969688,16.555202250263278],[121.02173328154447,16.555730020890476],[121.02034616945664,16.557415581738645],[121.01948567784633,16.55863426708765],[121.01892674013185,16.559069365457276],[121.01817501056324,16.55921950654457],[121.01651395135855,16.558983494775102],[121.01478928093859,16.558589574447044],[121.01400945027693,16.558299021823807],[121.01247950759654,16.558001312959806]]},"properties":{"ID":0,"RIVER_NAME":null}},{"type":"Feature","geometry":{"type":"LineString","coordinates":[[121.01472405330577,16.558588952971732],[121.0149042717063,16.56010065043018],[121.01508578034256,16.561486528420428],[121.01551286601783,16.56278037216411],[121.0163399118848,16.564833015089327],[121.0171130113852,16.56578411451599],[121.0183350090866,16.567494474414385],[121.01894376371901,16.568569836789475],[121.0193213191598,16.5699261207492],[121.01931768178754,16.571876480017586],[121.01907939401129,16.572849409831274],[121.01825175357509,16.574036935576473],[121.0173850436825,16.57585324327331],[121.01733954152961,16.577111126671955],[121.01726593118975,16.57792833132902],[121.01673406688538,16.57889845936984],[121.01592752819116,16.579614304053507],[121.01494094222541,16.58039134350694],[121.01402377968417,16.580760087846205],[121.01333816587794,16.580816459863357],[121.01229020565087,16.58121540521034],[121.01120768456306,16.58180276139072],[121.01038965643116,16.582046604497346],[121.00970468533814,16.582040054542464],[121.00833506779242,16.581995493217384]]},"properties":{"ID":0,"RIVER_NAME":null}},{"type":"Feature","geometry":{"type":"LineString","coordinates":[[121.02358267842328,16.55508694912543],[121.0233329961968,16.55398354852089],[121.0231184948298,16.552628816881715],[121.02289918458219,16.551745910664522],[121.02281674089654,16.550235141082325],[121.02278646995354,16.546805923196434],[121.02268391710399,16.544068097069456],[121.02255383688131,16.542431042845916],[121.02230609223791,16.541138911832697],[121.02186557090056,16.539561829676636],[121.02094648290588,16.53694209053559],[121.02024189009748,16.535677081940158],[121.01942509692297,16.534222258250082],[121.01894878957931,16.53295941378293],[121.01863425044174,16.53182393707051],[121.01842492514346,16.52996592392022],[121.0183434690137,16.528360789335203],[121.01830964166369,16.526881939118613],[121.01790049699734,16.52543098322219],[121.01704544068025,16.522937675815953],[121.01609129594526,16.520569257231067]]},"properties":{"ID":0,"RIVER_NAME":null}},{"type":"Feature","geometry":{"type":"LineString","coordinates":[[121.04537620731867,16.539972230282277],[121.04384252618443,16.540052227239947],[121.0419817803555,16.540223517854066],[121.04074255275924,16.540211880552672],[121.0396372665289,16.539855452769547],[121.03847121407493,16.539058031085347],[121.03782503698298,16.53845424482637],[121.037341917802,16.537851991179085],[121.03686866438453,16.536274621104027],[121.03620421099329,16.534255034228412],[121.0354390751861,16.532517623250275],[121.0351253920525,16.531287795064415],[121.03500959679812,16.529839621828184],[121.03507410713624,16.528298771181888],[121.03493365909247,16.526063907347883],[121.03458992265821,16.524582129448948],[121.03433637587736,16.523856200488098],[121.03388527110384,16.52331716079516],[121.03336704180016,16.522966237925765],[121.03268322542166,16.522865420046134],[121.03147512990832,16.523011323313224],[121.03016665713939,16.523407938395604],[121.02856247097668,16.524021959915533],[121.02755097576038,16.524075321354744],[121.02683519156825,16.5239112657258],[121.02644740822264,16.523561559701953],[121.02576935017888,16.52289452620962],[121.02510856002853,16.52213327971933]]},"properties":{"ID":0,"RIVER_NAME":null}},{"type":"Feature","geometry":{"type":"LineString","coordinates":[[121.05338505146581,16.52513575025662],[121.05452289959236,16.525492403309833],[121.05572723029208,16.525723835166332],[121.0579126705115,16.525681262854683],[121.0603599281399,16.525546724384206],[121.06248234894,16.5252833068563],[121.06488570475774,16.524644965990618],[121.06691091346326,16.52431768292234],[121.06896716306791,16.52414796101934],[121.0707597268559,16.524258911874355],[121.07252030949931,16.52430663435326],[121.0741467153166,16.52473061167649],[121.07547559332397,16.525560800737463],[121.07657092007157,16.526923633088142],[121.07721003394482,16.52825079947426],[121.07743872565871,16.529857314942838],[121.07721658638947,16.53252928205861],[121.07668453216809,16.533562524594394],[121.07599253461598,16.534279700657724],[121.07461414030426,16.535147835179956],[121.0732316749507,16.53642488755299]]},"properties":{"ID":0,"RIVER_NAME":null}},{"type":"Feature","geometry":{"type":"LineString","coordinates":[[121.04878113819095,16.4997056839534],[121.04946583496834,16.499712074392463],[121.05037592747853,16.50000369286242],[121.05128413260879,16.500484041989452],[121.05304069924478,16.50090937451482],[121.05525657524247,16.501055838730416],[121.05658992221183,16.501414286830748],[121.05847285288077,16.50224971450439],[121.06035768329535,16.502896391549353],[121.06143209308651,16.50306365449513],[121.06227983396953,16.503071516401953],[121.062802460728,16.5029819849991],[121.06414804905216,16.502113605431987],[121.06533435393536,16.500866235074284],[121.06635511770898,16.499868996256126],[121.06760629167835,16.498653669013667],[121.06892796611352,16.49690418179199],[121.06965868324731,16.495558194883397],[121.07067556715376,16.493302534541048],[121.07121250425202,16.491765997385684],[121.07142370871264,16.490194995248256],[121.07159482735321,16.48937863899654],[121.07189729146437,16.488469116236004],[121.07224990260708,16.487434218784898],[121.07238747704338,16.486711929061382],[121.07249275877011,16.485957882512224],[121.07240647130588,16.484793103212443],[121.07199696307298,16.48334221411139],[121.07208781008879,16.482399280293674],[121.0721319320659,16.48123570248634],[121.07253529470269,16.480012515834936],[121.07307061342343,16.478633247611782],[121.07334635726478,16.477125751325968],[121.07363204660821,16.474611655101864]]},"properties":{"ID":0,"RIVER_NAME":null}},{"type":"Feature","geometry":{"type":"LineString","coordinates":[[121.06413174640072,16.502113454428045],[121.06464685902601,16.502778861233597],[121.06552063610675,16.50344758738875],[121.06665557750868,16.504087267857557],[121.0687668273975,16.504924721394097],[121.06990459915747,16.50528128167484],[121.07124050759943,16.50538799341285],[121.07316239220611,16.505594477820605],[121.0738129557986,16.50575777069197],[121.07475573037193,16.50604959020869],[121.07579259195334,16.5067197805229],[121.07663226677924,16.50754544645232],[121.0772405919568,16.508683571126856],[121.07748869309921,16.509975675207386],[121.07702018625997,16.51283413538715],[121.0767428320791,16.51449891011703],[121.07683069503636,16.515506407870273],[121.07701233592844,16.516923736380036],[121.07739927560596,16.517367725396156]]},"properties":{"ID":0,"RIVER_NAME":null}},{"type":"Feature","geometry":{"type":"LineString","coordinates":[[121.15079317493476,16.501797092337195],[121.15254528399893,16.50272493286214],[121.15348252813021,16.503614101792554],[121.15484009606354,16.504884501726973],[121.15571005767255,16.505993290042753],[121.1566129349883,16.50707090567108],[121.15730685054999,16.507832072756134],[121.15843889622772,16.508817322132444],[121.15956142476861,16.510809211912488],[121.16016729342046,16.512261722381886],[121.1604512471508,16.513270952746936],[121.16070229647632,16.514311353458307],[121.161344660145,16.515355199269457],[121.16358366539608,16.518269248988993],[121.16448396538428,16.51962995908554],[121.16551768899458,16.520677235054368],[121.16645477964043,16.521597816764643],[121.1678164112406,16.522459200321016],[121.16888633703671,16.52312925529891],[121.1710051671469,16.524972533314514],[121.17174782149601,16.525765549684955],[121.17239205551859,16.526620623075665],[121.17274042286296,16.527724788534876],[121.17272947145703,16.528888728973545],[121.17226017423326,16.530237418188342],[121.17187536209796,16.531272241547263],[121.17199929534647,16.531965456477817],[121.17241496464416,16.53284998927575],[121.17312326319679,16.53383146515255],[121.17399522470457,16.534751450728127],[121.17486778595982,16.535608517675563],[121.17512395816871,16.53611412582078],[121.17579641605896,16.537441346227663],[121.17643804233046,16.53857953281544],[121.17705178983277,16.539214106762532],[121.17761750690546,16.539753878156297],[121.17780462318603,16.54066786689573],[121.17776166982821,16.541768608445217],[121.17798671917788,16.542116639890395],[121.17856963978126,16.54256217839922],[121.1793829296907,16.54278950322373],[121.18084909872591,16.542959599972978],[121.18176171108293,16.54303047957942],[121.18228059398243,16.543349608204398],[121.18256823034291,16.543981325963898],[121.18252264872112,16.545365192515845],[121.1821782237778,16.547312743207115],[121.18215454564056,16.548099049952356],[121.18256970056618,16.549046485179154],[121.18292463855019,16.549458565954772],[121.18373236584614,16.55028357859689],[121.18437230854398,16.551610496183944],[121.18478777496165,16.552526470521848],[121.18556143427813,16.553508483838307],[121.18691984278844,16.554747267106784],[121.18781120823978,16.55535277054352],[121.18875326792377,16.55576994760643],[121.19070057892078,16.556825063017865],[121.19144607089572,16.557334904229712],[121.19283716252671,16.55857393793186],[121.1940669436985,16.559622801740876],[121.19503316085682,16.560952522433144],[121.19590935276143,16.56319382007392],[121.19638368931784,16.56480242250298],[121.19698616461379,16.566663819116364],[121.19753160783351,16.56764382162669],[121.19798417422237,16.568088187578553],[121.19905416335071,16.568789578387793],[121.19983321940781,16.56920530318904],[121.20057907534434,16.569683659969552],[121.2008694339254,16.570032236749014],[121.20118919905501,16.57072713539659],[121.2014585763201,16.57157890224448],[121.20161086538575,16.572744265102674],[121.20166529576711,16.573908782694428],[121.20156071601957,16.574631476385825],[121.20138826486426,16.575636730163595],[121.20146683824153,16.577713817211027]]},"properties":{"ID":0,"RIVER_NAME":null}},{"type":"Feature","geometry":{"type":"LineString","coordinates":[[121.21658056894417,16.548364905383508],[121.2155602146844,16.549362927293412],[121.21454448378208,16.549857606897927],[121.21333421029206,16.550224769964647],[121.21212393288108,16.55059192554153],[121.21123836306238,16.55111916483087],[121.21051267704621,16.551993842702508],[121.21011111698037,16.55309152734312],[121.21013327925237,16.554224310740626],[121.20977773168994,16.55563699816237],[121.20930888940265,16.55695432816908],[121.20917231751788,16.557613833410414],[121.2092643571254,16.558243842244273],[121.20976357205464,16.560702081683868],[121.20975543531848,16.561582916785092],[121.20953673342711,16.56230463786496],[121.2089397215375,16.563369176084418],[121.20774422172761,16.56565553689543],[121.20744104871602,16.5666911360416],[121.20696429440147,16.568857830100992],[121.20636404068837,16.570268398369674],[121.20571630513028,16.571521250790095],[121.2049896353214,16.572490272718284],[121.203408711677,16.574112598216647],[121.20271230418734,16.57533355723444],[121.20257101801502,16.576496385203104],[121.20200799929215,16.57740388472273],[121.20144994344722,16.577776592696523],[121.20032446678312,16.57952866522359],[121.19943697371507,16.580244585793366],[121.19810586845382,16.581302729185456],[121.1973485512056,16.582051226947804],[121.19704734070926,16.582866594657546],[121.1970097370419,16.58340109989874],[121.19716756915828,16.58396875897757],[121.19752289001094,16.584349364821048],[121.19797666320156,16.58466790146569],[121.19810187710138,16.585235277637818],[121.19776716235548,16.5861447378145],[121.19756937953078,16.58636324914565],[121.19734043970108,16.586424187086575],[121.19688431864355,16.58635731358582],[121.19669063932768,16.586135410636963],[121.19646316571229,16.586039057156786],[121.1960373215885,16.586224129344597],[121.19596943802256,16.586506686408516],[121.19612726857379,16.58707434606522],[121.19654783648957,16.58745551948845],[121.19732666398649,16.587902717919615],[121.19768404302886,16.588063117354032],[121.19859600149442,16.588228318821916],[121.1986935754575,16.588260624308063],[121.19914823783762,16.58848478498345],[121.19992649084648,16.588994890913867],[121.20150487793633,16.58941753100792],[121.20235072554101,16.58967652740906],[121.20309637002998,16.59018634080757],[121.20345288242811,16.590441105771454],[121.2035498742164,16.590536325561775],[121.20377794146901,16.590569755705385],[121.20397367812714,16.5905714457431],[121.20433369682594,16.59044871081129],[121.20469283923357,16.590420349872343],[121.20485536919215,16.590484673967143],[121.20534120858902,16.590866394935187],[121.20582238113158,16.591751446733433],[121.20597207367072,16.593199932492986],[121.20640169300248,16.594367685644706],[121.20671946787475,16.595282787815066],[121.20696908074218,16.596511909588134],[121.2073203598476,16.597332917831274],[121.20761135108897,16.59761857306991],[121.20819625151637,16.59787529997203],[121.20838908099158,16.598191569189954],[121.20844616709788,16.59907296266385],[121.2082836137553,16.600770443405406],[121.20856120010218,16.602503177503145],[121.2090683320824,16.604112046132496],[121.20948429860078,16.60499653106172],[121.20983968022988,16.60537712126934],[121.2102626448825,16.605506606677398],[121.21091573567898,16.605449307425886],[121.21154085888323,16.604888392659205],[121.21199965085098,16.604672113919552],[121.21229298758739,16.604706097696667],[121.2125502076764,16.605117300278145],[121.21267052598986,16.606219463379563],[121.21282201600017,16.60747919852999],[121.21284416703895,16.60861197817315]]},"properties":{"ID":0,"RIVER_NAME":null}},{"type":"Feature","geometry":{"type":"LineString","coordinates":[[121.20603732018658,16.593200495257932],[121.20681911188656,16.593333079838015],[121.2084750326409,16.594196790748015],[121.20931566953045,16.595022010806545],[121.20953529678752,16.595967725606833],[121.20954956898755,16.597949878434093],[121.20964336310954,16.598391137084846],[121.21025390404519,16.599403138527673],[121.21112544752472,16.60041738445322],[121.2117406582716,16.60092604977516],[121.21232382940372,16.601371516404352],[121.21303924753815,16.601629353381277],[121.2134942504199,16.60182202875776],[121.21372029867565,16.602075657811948],[121.21374827216577,16.602579271584613],[121.21364400094,16.603270514020473],[121.21308181245153,16.60408366380195],[121.21307919473952,16.604366788716153],[121.21323999440291,16.60461985753935],[121.21372675732775,16.60490718849088],[121.21444219044126,16.605165022007927],[121.21483049909654,16.605514426561356],[121.21505451911065,16.605988263135835],[121.21518008203286,16.606524175801777],[121.21507697459734,16.607089585600683],[121.21438834530072,16.60746120058451],[121.21350570346026,16.607642380506526],[121.21298107183293,16.60792101756672],[121.2128765020482,16.608643717040252]]},"properties":{"ID":0,"RIVER_NAME":null}},{"type":"Feature","geometry":{"type":"LineString","coordinates":[[121.19734297509099,16.58790285924676],[121.19633139363684,16.587925552631845],[121.19447310388477,16.587783591847593],[121.19287638293116,16.587580965629243],[121.19163498035462,16.587758942737317],[121.18964267964279,16.587993300701623],[121.18830458551493,16.588044573971835],[121.18713078096847,16.58797142822071],[121.18511116694935,16.587639215721705],[121.18346759928919,16.587215886447243],[121.18187238150745,16.586855888139993],[121.18089432074838,16.586784418392146],[121.17945689356219,16.586992068632647],[121.17795244332774,16.58738788385894],[121.17674277015858,16.587660429738836],[121.17586257512889,16.587589793719662],[121.17517870499798,16.587457955426178],[121.17453042579879,16.587011824156733],[121.17313512123867,16.586213070210363],[121.17173655931687,16.585760342245997],[121.17075821550213,16.585720283381967],[121.17049635234642,16.585812361862537],[121.1703622973323,16.58618870612733],[121.17039313398895,16.586377738781064],[121.17015942863682,16.586941968008812],[121.16983053501393,16.587222217368957],[121.16916119709445,16.58727924895591],[121.16782609552834,16.587015814518697],[121.16603757812067,16.58640231367514],[121.16502810543979,16.586204652409375],[121.16375706800798,16.58606759856058],[121.16144185486594,16.585952773312318],[121.16080633909,16.58588423658481],[121.159209097969,16.585744271753725],[121.15601162872991,16.585778879788165],[121.15424859001104,16.585920547925333],[121.15320321424029,16.58606857198322],[121.15209049216101,16.586436212363385],[121.15041809419421,16.58733369099392],[121.14953280735071,16.58779771806914]]},"properties":{"ID":0,"RIVER_NAME":null}},{"type":"Feature","geometry":{"type":"LineString","coordinates":[[121.17039283652434,16.586409196414536],[121.17068642976287,16.586411777878105],[121.17126915649546,16.586888804286687],[121.17223651070564,16.588092794861517],[121.17282723798841,16.58945077571096],[121.17356685214114,16.59058984078636],[121.1738559974639,16.59106428362028],[121.1747961080404,16.591701740628448],[121.17609359004452,16.59249962948757],[121.17754826831505,16.59392809529652],[121.17838253595312,16.595414040050755],[121.17919724527599,16.59724587502205],[121.17980879894301,16.59813211893525],[121.18045623846203,16.598672611519582],[121.1814302158248,16.599184498245563],[121.18273191653941,16.599541943497393],[121.18448858623152,16.600092116745174],[121.185267724178,16.600507904260056],[121.18630579324524,16.60114617120845],[121.18717278174252,16.602632374062132]]},"properties":{"ID":0,"RIVER_NAME":null}},{"type":"Feature","geometry":{"type":"LineString","coordinates":[[121.19948561252852,16.580276467246104],[121.19887401033827,16.579390276445626],[121.1984922293209,16.578500515470008],[121.19771577015538,16.577649913882848],[121.19658460269228,16.576507533552395],[121.19551517050826,16.575743211013926],[121.19499618118948,16.575424105577525],[121.19473815369315,16.575107261964526],[121.1943528740851,16.574443247549517],[121.1936743125073,16.57374522782171],[121.19221993275447,16.572285417351903],[121.1914441158128,16.571523626041767],[121.19056809621088,16.57101264639451],[121.18946227717957,16.570656968502867],[121.18806053671418,16.570550394930418],[121.1874108040642,16.570261595693783],[121.187153679261,16.56985037049745],[121.18704304615258,16.569471880926525],[121.18691875403776,16.56881012755404],[121.18705865059863,16.56780460801413],[121.18776159296993,16.565891631611763],[121.18839516595618,16.564418496054824],[121.18872928665131,16.56357196583952],[121.18883684349524,16.562534701708522],[121.18890884108725,16.5618117341069],[121.18881804414826,16.561055890691215],[121.18854520564933,16.56058160995268],[121.18783674013956,16.559600171415276],[121.18715677952413,16.559059427006886],[121.18595318334955,16.55870288613859],[121.18461882963877,16.55837666012882],[121.18322072164237,16.5578925675535],[121.18116940026204,16.557497147430706],[121.17908369962812,16.5572901701689],[121.17727583879815,16.55702268186486],[121.17542054017592,16.556597460953466]]},"properties":{"ID":0,"RIVER_NAME":null}},{"type":"Feature","geometry":{"type":"LineString","coordinates":[[121.18250417497282,16.54907737448606],[121.18361722363619,16.54864662711192],[121.18502557181424,16.54802968076567],[121.18561264685945,16.5480347904982],[121.18626259937642,16.548292130261476],[121.18755751257873,16.54934159100467],[121.18845928808763,16.55057639264526],[121.18867937128216,16.55145920220719],[121.18922179781376,16.552753800123217],[121.18976775528914,16.553670900333795],[121.19048002960002,16.55424337658903],[121.19096722130436,16.554467830202768],[121.19148879138226,16.554503817211035],[121.1927966765514,16.5541690944453],[121.19338347958387,16.554205642268577],[121.19409811182933,16.554526442224194],[121.19503608399133,16.5553840060546],[121.1969527858622,16.55798037580309],[121.19814529194511,16.559532266357476],[121.1991429871391,16.560988085627187],[121.19971432506712,16.562691903388775],[121.20017413747736,16.564111609970464],[121.20091150502859,16.565502252627777],[121.20148870910569,16.566576902949837],[121.20274420294604,16.568381004076375],[121.20361178825343,16.569804224284777],[121.20432182955439,16.570628328392868],[121.20464364970402,16.571103015065233],[121.20561815487046,16.57155186584801]]},"properties":{"ID":0,"RIVER_NAME":null}},{"type":"Feature","geometry":{"type":"LineString","coordinates":[[121.19276435332893,16.554137353513514],[121.19268175163576,16.552500682622366],[121.19295440705717,16.551244619517647],[121.19351942781411,16.550116931979034],[121.19507227758871,16.547991053666774],[121.1963277535641,16.546271577896608],[121.19728382587638,16.545178719395754],[121.19829348366778,16.543582946015228],[121.19862605692381,16.54289368180928],[121.19925245051304,16.542175493121807],[121.20017295292232,16.541396918659636],[121.2021076982357,16.540281015143766],[121.2032247394926,16.53940973657512],[121.20388430120705,16.538628895156318],[121.20453249767638,16.537313118314273],[121.204935209778,16.53608960918538],[121.20488947308594,16.53398133577673],[121.20479890553754,16.533194034166645],[121.20477676395845,16.53206125132111],[121.20511132676747,16.531151763004054],[121.20546335525164,16.53011658032185],[121.20546829736465,16.52958178724185],[121.20534482448922,16.528825663533667],[121.20492784172544,16.52806701569187],[121.20412126158541,16.527116250134032],[121.20376863800333,16.52645253702443],[121.20377358362283,16.525917744255786],[121.20381170610186,16.52355850434045]]},"properties":{"ID":0,"RIVER_NAME":null}},{"type":"Feature","geometry":{"type":"LineString","coordinates":[[121.04000360132542,16.495188503293303],[121.03890912192983,16.496102111379322],[121.03790355243983,16.497694052307768],[121.03689361564443,16.49971708490063],[121.03578044021796,16.502478235430264],[121.03503709010133,16.50496569361904],[121.0342573566291,16.506313366965774],[121.0336065319518,16.50753906706892],[121.03294791032761,16.50953458034257],[121.03230055752962,16.511992129494754],[121.03151765405497,16.5136477127818],[121.030679944066,16.514409704380867],[121.02942945480002,16.51495222902529],[121.02824529814872,16.515249007787947],[121.02677542294764,16.51538910276592],[121.02498760016695,16.515402998872617]]},"properties":{"ID":0,"RIVER_NAME":null}},{"type":"Feature","geometry":{"type":"LineString","coordinates":[[121.03668649757509,16.475940862798897],[121.03555927822559,16.476946543888225],[121.03398494279952,16.47797881328518],[121.03212647610468,16.47870044078574],[121.02866450732024,16.48017683981337],[121.0268210257672,16.48099094382042],[121.0242225467309,16.482290629867254],[121.0224603795585,16.482951481912345],[121.02156364760646,16.483250958446128],[121.02012561906518,16.483422127002395],[121.01725175227864,16.483548886590125]]},"properties":{"ID":0,"RIVER_NAME":null}},{"type":"Feature","geometry":{"type":"LineString","coordinates":[[121.05019186411802,16.457928298510073],[121.04869051374506,16.45806829957309],[121.04607104896512,16.458321047633262],[121.04338745057065,16.458603959085846],[121.04217514769606,16.45856183677028],[121.04077230924709,16.458425538078565],[121.03975147426682,16.458385192475472],[121.03901628903031,16.45850149507094],[121.03770330222798,16.458951137061526],[121.03632555850685,16.459492550451372],[121.03469190009169,16.46009314454506]]},"properties":{"ID":0,"RIVER_NAME":null}},{"type":"Feature","geometry":{"type":"LineString","coordinates":[[121.0495546490004,16.445049643375466],[121.04804323894204,16.44620582338753],[121.047014452551,16.446966140311137],[121.0462793125368,16.447082473623016],[121.04538647674666,16.44701255823413],[121.04452894399635,16.446604213273993],[121.04342015649847,16.445793173359668]]},"properties":{"ID":0,"RIVER_NAME":null}},{"type":"Feature","geometry":{"type":"LineString","coordinates":[[121.10004236160336,16.99669438684068],[121.09924066633616,16.99372978691332],[121.09875383154328,16.991811813364656],[121.09841195939774,16.989860402930724],[121.09833261495658,16.986972122958367],[121.09874518819602,16.98533973025392],[121.09912577208357,16.983604928701496],[121.09954163863013,16.981799745108997],[121.10032248835977,16.979650065159248],[121.10070682620494,16.978678627418923],[121.1017797648719,16.976741306860685],[121.10243778236907,16.97601684910728],[121.10338393275885,16.975399438934712],[121.10436238317631,16.97516501160892],[121.10577984656682,16.974412812156963],[121.10647259355315,16.973827820996952],[121.1070589848756,16.973033100657222],[121.10753832223834,16.97209822514397],[121.10794570779012,16.97112789048798],[121.10817165455855,16.97022545096585],[121.10831001809986,16.969043879608382],[121.10845085941455,16.965809728832713],[121.10850929800078,16.963583718979226],[121.10863062182231,16.96229761843906],[121.10903449396037,16.961675144676885],[121.1098335302862,16.961299860896396],[121.11059259164601,16.96130689255184],[121.11116918561011,16.96148618164586],[121.11142046793694,16.961662457771027],[121.11167348906785,16.96166480005052],[121.11192859591588,16.961458421685972],[121.11269356571833,16.960874071058416],[121.11344566608017,16.960533330487],[121.11452239825137,16.960543081990867],[121.11622298216577,16.96038484182647],[121.11760379770674,16.959666996380157],[121.1206990101372,16.957399384895506],[121.123321849314,16.955370906682806],[121.12456113132365,16.95433859486067],[121.12565444205927,16.953444094399345],[121.1260547913709,16.953169449270504],[121.1271098764054,16.952483330002444],[121.12756581645093,16.952070030710896],[121.12771418344896,16.9516886992465],[121.12765050728231,16.950818359318863],[121.12747805486657,16.949981811758935],[121.12651802229365,16.94837265250042],[121.12627087638887,16.947778950452857],[121.12638378743564,16.94732771387424],[121.12674694480799,16.947157095331768],[121.12736103859781,16.947197519436042],[121.12768391875103,16.94744401260408],[121.12840059169403,16.94807680877762],[121.12886942633237,16.948185477352006],[121.1293392939833,16.948189783553648],[121.12963085182604,16.947948923131037],[121.13017678991135,16.94757123116445],[121.13105317418493,16.946674708400923],[121.13214778389153,16.945641016341945],[121.13312948889059,16.94505855939845],[121.13400516123738,16.944231595648393],[121.13451939726541,16.943401325663707],[121.13497701369555,16.94281406945854],[121.13531121392035,16.94191257152618],[121.13622985801813,16.940390180073045],[121.1369629808814,16.939353156676525],[121.1379872849636,16.938110041932042],[121.13857137327355,16.93752392816662],[121.13897474933482,16.936936165983695],[121.13912855211413,16.93599822461711],[121.13943615164631,16.93412234084023],[121.13979727069356,16.93231652401547],[121.14053956496983,16.930340222270583],[121.14138616440484,16.92878235112765],[121.14263131191206,16.927123725946643],[121.1433984363202,16.926295722877335],[121.14389416571053,16.925500042351548],[121.14456478750007,16.923453486527148],[121.1457031550048,16.92161991388418],[121.14705594910379,16.920031810691857],[121.14800337641861,16.919240210180188],[121.14902035376046,16.918727559634664],[121.15003460855073,16.91849320448483],[121.15206005837406,16.918337567341982],[121.1531101081683,16.918138310647944],[121.15379606040163,16.918214087178416],[121.15503640095707,16.918886308067837],[121.15582535507183,16.919519660230407],[121.15654508348149,16.919839268351698],[121.15686931750962,16.919946564108905],[121.15787917585173,16.920164410811118],[121.15968071499938,16.920737289342735],[121.16147787714488,16.92176239497165],[121.16255699421032,16.92229396076129],[121.16236752196967,16.923196820704966],[121.16199464789855,16.92437635816386],[121.16133366167264,16.925448930120005],[121.16067401913234,16.926382347860752],[121.15959199381396,16.92800777607295],[121.15856754361975,16.929285807447666],[121.15797338504947,16.930915619749804],[121.1577610681345,16.93230533707512],[121.15771544681671,16.933279067636764],[121.15749114842816,16.93404244199607],[121.1559907040789,16.935942395229247],[121.15372649057132,16.93832250185485],[121.15237326101132,16.93994542680302],[121.15128597988212,16.942092607997587],[121.15075651334426,16.944488367961494]]},"properties":{"ID":0,"RIVER_NAME":null}},{"type":"Feature","geometry":{"type":"LineString","coordinates":[[121.16253858703767,16.92232858619882],[121.16290335521552,16.92198395567799],[121.16337316692811,16.921988177237026],[121.16376766487267,16.922304839446895],[121.16448034010442,16.923354967667265],[121.16483836594018,16.92370609159502],[121.16519908921192,16.923778911758898],[121.16563344008618,16.923713228320526],[121.16581717084392,16.92340175859187],[121.1659002298401,16.922289193584987],[121.16565702319708,16.921278073893628],[121.16569686796605,16.92089573097992],[121.16595253690161,16.920619697205662],[121.16620551103496,16.920621966537375],[121.16674557862187,16.92083555602572],[121.1670688119579,16.92104720017629],[121.16742953154247,16.921120016009837],[121.16800809663518,16.921090410595472],[121.16819114791377,16.920848513978957],[121.16844984055757,16.92025938488196],[121.1687105490968,16.91946152732739],[121.16864667806455,16.918591180138996],[121.16873778475407,16.916643699681593],[121.16894469646954,16.913931853128595],[121.16891502458617,16.911391842510625],[121.16871802877577,16.909337408024776],[121.16819412435534,16.907454001621616],[121.16759425777711,16.905952615458144],[121.16738483638316,16.90518533718252],[121.16723163788858,16.904209816261293],[121.16727248092263,16.90372310772973],[121.16767401014374,16.903309211374907],[121.16862127037419,16.902517497455566],[121.16891337940457,16.90220699202131],[121.16891673810667,16.901859111484193],[121.16837907102473,16.901402016073646],[121.16762694646371,16.900699462056913],[121.16726996234752,16.900243981918308],[121.16721068761008,16.899777269735377],[121.16763938081667,16.899412304747628],[121.16789266290111,16.899379781196025],[121.16850696057908,16.89938527936252],[121.16893789610346,16.899667463813945],[121.16929723389634,16.89987942487413],[121.16962245139818,16.899882333749726],[121.16980447045806,16.899744797254378],[121.16991556132616,16.899467462009333],[121.169882782472,16.899119258067273],[121.16963252189746,16.898838691449313],[121.16956360853968,16.898490164341734],[121.16974730438616,16.89817868734144],[121.1701846150388,16.897799895382345],[121.17127268642821,16.897392126396408],[121.17178259719162,16.896979188052327],[121.17222157695669,16.89642645035061],[121.17228147617112,16.89583553596042],[121.17247655712325,16.894341258755585],[121.17277233131544,16.893648076016756],[121.17361245741051,16.892716211294832],[121.17412368888661,16.89216411246838],[121.17553926611826,16.891515698955356],[121.17655201580858,16.891420347206477]]},"properties":{"ID":0,"RIVER_NAME":null}},{"type":"Feature","geometry":{"type":"LineString","coordinates":[[121.18659437235205,16.899372384624904],[121.18544269480465,16.898875098385524],[121.18382093205926,16.89840842672112],[121.18248792657621,16.897979098471012],[121.18086818247302,16.89730367497438],[121.1795050669404,16.896247818449808],[121.1785397811012,16.89516070304454],[121.1772924488517,16.893340457347218],[121.17683473648394,16.892083898020626],[121.17658814961966,16.891420669003665],[121.17641583716824,16.890549354023666],[121.1764934522046,16.889993385768868],[121.1769344057969,16.88923190517979],[121.17755067784272,16.88902864343869],[121.1784901458772,16.889037002367687],[121.17917601311316,16.889112684688296],[121.17993314729462,16.889293372035265],[121.1805109495034,16.889333298177373],[121.18115868561321,16.889617382964527],[121.18212562890854,16.89053054354686],[121.18255723522778,16.890743122842704],[121.18313604222637,16.890678676945736],[121.1837549776807,16.89019708931258],[121.1840132393486,16.8896427184946],[121.18416576121399,16.888809078804666],[121.18427948596162,16.88825342563378],[121.18442535037103,16.888115553489722],[121.1848231498252,16.888084288550893],[121.18500381654717,16.88808588987056],[121.18532569096297,16.888436656038234],[121.1855348429219,16.889238710803728],[121.18614379464178,16.889800767762203],[121.18668480309093,16.889909933542885],[121.18693973306294,16.889703442610294],[121.18716218368286,16.889113958448178],[121.18753481354018,16.88793434931686],[121.18771780527551,16.88769242896187],[121.18815206933071,16.887626688696415],[121.18876401239133,16.887875641821598],[121.18922943230955,16.888332046274517],[121.18940279932951,16.88909899065666],[121.18939516670773,16.88989912601479],[121.18892044832928,16.890416799126054],[121.18884253693676,16.89100756405704],[121.18902154706687,16.891183104505643],[121.18945482344242,16.891221727689835],[121.19017982645522,16.890984597300143],[121.19061575614633,16.89074490991087],[121.19142562074853,16.8891864492169],[121.19216353554711,16.88759255731735],[121.19232911730045,16.88728089562958],[121.19262017133563,16.887074715572524],[121.19316316436074,16.886975132422986],[121.1938858304897,16.886981506919156],[121.19446098573043,16.887299702077076],[121.19507227647146,16.88761821426155],[121.19706126995301,16.88746177688369],[121.19858283783964,16.887057667742187],[121.2000294947829,16.886931221183946],[121.20136478408239,16.887116910822364],[121.20254994281521,16.887892732301612],[121.203613252393,16.88818039561976],[121.20476953235735,16.88819053531124],[121.20552768377375,16.888266763556164],[121.20588606243287,16.888583028877594],[121.20624082595344,16.889281970683427],[121.20645565760438,16.88949260264289],[121.20706796473542,16.889706715044937],[121.20818812207068,16.889716519937785],[121.20887499877294,16.88968773749614],[121.20909016229969,16.889863578134893],[121.20908589494864,16.890315833442365],[121.20889865762757,16.891010030445738],[121.20881982222072,16.89170517546946],[121.20899655504236,16.892124222296665],[121.2094643354324,16.892337064136598],[121.21015253434052,16.892169122773236],[121.21106180301476,16.891550817709366],[121.21161267203274,16.890616252017715],[121.21186823461584,16.89034014969203],[121.21215927532032,16.890133940323004],[121.21262902099699,16.890138041222098],[121.21284353372731,16.890383456167832],[121.21329952494689,16.89184869132042],[121.21358368985854,16.892373047947782],[121.21404984005075,16.89275982462311],[121.21487635940635,16.89325411833258],[121.2153809397539,16.893397684634945],[121.21632273803151,16.89316234913547],[121.2173390918208,16.89268411522704],[121.21839680111698,16.89164956554643],[121.21892532495448,16.891167077261777],[121.21950641609517,16.890859003984975],[121.22023008616141,16.89076091971548],[121.22098630326583,16.891045826795384],[121.22145279331406,16.891397798677055],[121.22177213826828,16.8920268272272],[121.22255928458064,16.89286866885595],[121.22356487728595,16.893538443787833],[121.22493378299588,16.89400261293435],[121.22655531876639,16.894503754111685],[121.22803232220436,16.89500363214501],[121.22882470582343,16.895288825634566],[121.22932735753781,16.895641094435707],[121.22973512743822,16.896479630312413],[121.23001869662883,16.89707354733111],[121.23062781656633,16.89763548644618],[121.231131126616,16.897918173119063],[121.23203453018733,16.897925978321414],[121.23301182674246,16.89776045698072],[121.2338426342881,16.897802419527277],[121.23441887036492,16.898016143566576],[121.23484667832963,16.89864609156164],[121.2357803997115,16.899280400398027],[121.23639439660245,16.899320484188987],[121.237263935861,16.899084429958286],[121.23853743491925,16.89815600521379],[121.2395195727021,16.897468611089206],[121.24096760228251,16.89720272237367],[121.24291863540618,16.89725427167167],[121.2440175709319,16.897611624724693],[121.24549176077687,16.898424488906063],[121.24631904140934,16.898849086282652],[121.24689658420009,16.89892361855503],[121.24765577501182,16.89889532756693],[121.24863531883021,16.898486203688915],[121.24979618334962,16.898009040550452],[121.25062668176471,16.898085725006027],[121.25109292893261,16.898472425497186],[121.25162856567273,16.89917284925312],[121.2522255810069,16.901056737182433]]},"properties":{"ID":0,"RIVER_NAME":null}},{"type":"Feature","geometry":{"type":"LineString","coordinates":[[121.1260419671909,16.953130960042184],[121.1263401679269,16.953488647059913],[121.12680183537869,16.954267319612164],[121.12736567851395,16.95488558847837],[121.12813259076484,16.95531211018052],[121.12883213771457,16.95577027972187],[121.1301926099987,16.95720254898882],[121.1315901370116,16.9582802003165],[121.13272744662791,16.958548757347845],[121.13613685279306,16.959612514888224],[121.13874200018476,16.960636614465873],[121.14099864703667,16.961302556300993],[121.14226660803602,16.9619272049328],[121.1443044147797,16.962687924515084],[121.14620781726121,16.963479672070363]]},"properties":{"ID":0,"RIVER_NAME":null}},{"type":"Feature","geometry":{"type":"LineString","coordinates":[[121.13153984908854,16.958279739807764],[121.1316254319988,16.959797127420394],[121.13151241255771,16.961054550706926],[121.1309609994133,16.962566102612364],[121.1305819968692,16.963595210173395],[121.12901230980117,16.96635587585032],[121.12814618880174,16.967477311624357],[121.12733098758467,16.968534674136993],[121.12633949772732,16.97046165023024],[121.12578544705647,16.97223130077656]]},"properties":{"ID":0,"RIVER_NAME":null}},{"type":"Feature","geometry":{"type":"LineString","coordinates":[[121.13063164765668,16.963660201486046],[121.13102342857272,16.964728640377007],[121.13161477735514,16.965960247848102],[121.13264102564513,16.967292641218563],[121.13387132017353,16.968336484314648],[121.13493048680506,16.969733706083243],[121.13575879747167,16.970741594625345],[121.1372238261914,16.97178756680992],[121.13867115343864,16.97293017291427],[121.13979966234353,16.974102129616707],[121.14056572776431,16.97462541035208],[121.14243950710669,16.975029711985226],[121.14521888485592,16.97540997039482]]},"properties":{"ID":0,"RIVER_NAME":null}},{"type":"Feature","geometry":{"type":"LineString","coordinates":[[121.11341181860938,16.960565285366304],[121.11343855374538,16.95788729797103],[121.1133176599587,16.956563196607117],[121.11299368792355,16.95543082474151],[121.11220424678879,16.953906932726774],[121.11100769543513,16.95286328904971],[121.10874227193739,16.95142252376334],[121.10634343748674,16.94991596301692],[121.10434303773178,16.948800290962772],[121.10316170735383,16.947918087783506],[121.10223051359405,16.94716727508125],[121.10077624983856,16.94508861659369],[121.09975553332264,16.943239859403192],[121.09933044536245,16.942171068444953],[121.09895476892537,16.93952161889244]]},"properties":{"ID":0,"RIVER_NAME":null}},{"type":"Feature","geometry":{"type":"LineString","coordinates":[[121.10080741112202,16.978679564708404],[121.09983411604921,16.978767295944145],[121.09872865746756,16.978660183985046],[121.09702359648414,16.97816025779826],[121.09451713079791,16.977330152334208],[121.09341266438052,16.977126219227753],[121.09170372164569,16.97701342463318],[121.0901939905751,16.977096087311516],[121.08831251272194,16.97746565948022],[121.08699936828747,16.978001885579296],[121.0858236012194,16.978216718716308],[121.08457946658868,16.978559971852423],[121.08230780698152,16.97937756165115],[121.07995099663097,16.980323391222917],[121.07799321876598,16.981595627779285],[121.07694989385286,16.981972991935855],[121.07631219611814,16.982031507536576],[121.07510517342907,16.982020109601955]]},"properties":{"ID":0,"RIVER_NAME":null}},{"type":"Feature","geometry":{"type":"LineString","coordinates":[[121.09877839250551,16.985372307682322],[121.0979691318062,16.98581650060297],[121.0965823772952,16.98699744908985],[121.09600357975552,16.987863264098632],[121.09514936838502,16.989436387165668],[121.09429807588576,16.990719124934998],[121.09358774265147,16.991325560150358],[121.09270485762637,16.99241438874551],[121.09177177887334,16.995148382170242],[121.09093991723377,16.99781878235625]]},"properties":{"ID":0,"RIVER_NAME":null}},{"type":"Feature","geometry":{"type":"LineString","coordinates":[[121.16742612175219,16.905232638309045],[121.16879874381223,16.905406272486264],[121.17271832853761,16.90563492970413],[121.17660596514523,16.90570188281513],[121.17864894326895,16.905881425121628],[121.18005045944786,16.906539277996433],[121.18255063012117,16.907981343262612],[121.18421166374507,16.909545010474098],[121.18484015712825,16.9104218545082],[121.18546031595277,16.912169889257306],[121.18594486663078,16.91407806560754]]},"properties":{"ID":0,"RIVER_NAME":null}},{"type":"Feature","geometry":{"type":"LineString","coordinates":[[121.16717717200478,16.899776969588665],[121.16643109544493,16.90067381491211],[121.16530884569383,16.902341736789754],[121.16486907860427,16.90275728826872],[121.1639954739296,16.902975333486808],[121.16278920699457,16.902932237822665],[121.16118231307496,16.902724191445383],[121.15971355797609,16.90209788127726],[121.15844935406527,16.90111844609475],[121.1561176869858,16.899613090031902],[121.15438556260025,16.898500341826622],[121.15347237646525,16.89762085098275],[121.15267210200831,16.89719413711043],[121.15217126459714,16.896996004388825],[121.15156799776591,16.89699055746106],[121.15066058170852,16.89724051007435],[121.14944775288235,16.897874920753583],[121.14877336105653,16.89828831408579],[121.14827095118457,16.89825150067857],[121.14787097666603,16.898022001505403],[121.14634631490901,16.89626569637219],[121.14557674101192,16.896129651651147],[121.14346469415617,16.896175043910674],[121.14115156170148,16.896218588275577],[121.13992828352967,16.896207475926307],[121.13895383251754,16.896456766367873],[121.13746937613742,16.897443585804357],[121.13672983612446,16.89766273383678],[121.13555333544782,16.898006972722268],[121.13393764832344,16.898702152801345],[121.13272254087144,16.899562315961575],[121.1321164129637,16.8998471999086],[121.13164625026621,16.899939713206887],[121.13104425280491,16.89980514318764],[121.13037967893901,16.899218243385082],[121.12888328905187,16.898010641174995],[121.12731893445778,16.89689921263748],[121.12643685884905,16.89627804357702],[121.12536599849165,16.89610689789137],[121.1246969911035,16.89597169693517],[121.12328780270718,16.896120123014388],[121.12197787794851,16.896398522711436],[121.12002478639181,16.897316370723388],[121.1183075584482,16.898107294343653],[121.11662735568717,16.89854359372216],[121.11575662192386,16.898471043106614],[121.11381856298352,16.89787236638015],[121.1096305343592,16.896026720560357],[121.10729518881726,16.894940297063002],[121.1057922310333,16.894410108018473],[121.1046237717414,16.89394754177458],[121.10359324130356,16.893099032059183],[121.10247538875996,16.89260465557131],[121.10016686283532,16.89219603173827],[121.09832591317833,16.891953065464907],[121.09624811455633,16.891933755511463],[121.0937981127096,16.89226590487556],[121.09136486186945,16.892598180237133],[121.09065849440776,16.892849735489904],[121.08941234482641,16.893451195976066],[121.08749885343096,16.89375600567118],[121.08461250326876,16.894148499540364],[121.08299964136671,16.89455288116459],[121.08117982184274,16.895536125675736],[121.08028682533069,16.896011766016084],[121.07970077063716,16.897619645544875],[121.07935191492174,16.898971608245443],[121.0793769346432,16.899810798613373],[121.07950249638203,16.9006509325146],[121.07952718946156,16.901522387277407],[121.07948877437678,16.902006039505793],[121.07894339427531,16.902904410360385],[121.07769322094151,16.90389296131036],[121.07634543645531,16.904590178448572],[121.07415911757631,16.905344029124553],[121.07227080903907,16.90645560429953],[121.07132878033295,16.906801666637655],[121.07062496560627,16.90679503011182],[121.07002465200566,16.90649896144044],[121.06956562676424,16.905494342746643],[121.06926760813371,16.905136589738525],[121.0689669619747,16.90503695032345],[121.06822996886532,16.904997725681188]]},"properties":{"ID":0,"RIVER_NAME":null}},{"type":"Feature","geometry":{"type":"LineString","coordinates":[[121.06267649328367,16.890844421750547],[121.06323269714773,16.892172642653318],[121.0638234080835,16.893404387108415],[121.06411317002943,16.89456875001895],[121.0643989847473,16.896120282937886],[121.06491511695177,16.898093468217503],[121.06583868616458,16.89955422713328],[121.06706586670902,16.900824247117267],[121.06789582486488,16.901606500891262],[121.06825001857945,16.903029607690037],[121.06822964015915,16.905029989907213],[121.06763820224462,16.905508414527272],[121.06712923265681,16.906116685533082],[121.06692123581318,16.90679233370541],[121.06673984291389,16.908145846169763],[121.06639876796127,16.90872343370772],[121.06567782806472,16.910394515976456],[121.06455501404105,16.91202952432938],[121.06391096324302,16.91273330772261]]},"properties":{"ID":0,"RIVER_NAME":null}},{"type":"Feature","geometry":{"type":"LineString","coordinates":[[121.06387777695326,16.912700726311204],[121.06346833334001,16.913406728791287],[121.06265999143875,16.91378627932535],[121.06108407735351,16.913835878223342],[121.06034342244179,16.914151526352544],[121.05993098978341,16.91514789629874],[121.05971370374264,16.91672692569394],[121.05908627811783,16.919076472673982],[121.05893667259184,16.92059160792096],[121.05889621232672,16.921268833613066],[121.05909446413939,16.92482010076768],[121.05911310143995,16.92627229847897],[121.05824019027553,16.92803869754842],[121.0577931970274,16.929131530978243],[121.0576531641463,16.929711007608947],[121.05777995719953,16.93042208890058],[121.05821371736346,16.930619814182343],[121.05918312088235,16.93088716158519],[121.06055673991911,16.930964739179245],[121.06152614969895,16.93123207597237],[121.06225861649487,16.93172303145647],[121.06331835784796,16.932991499445695],[121.06450724272013,16.934745194552892],[121.06539479724962,16.936463763558244],[121.06630011598453,16.938085696514722],[121.06737761881956,16.940903143195904],[121.06846832780275,16.942430022324768],[121.06913216617602,16.943081645357147],[121.07006352274276,16.943800329864427],[121.07186250314165,16.9449144133231],[121.07336309469925,16.945702994143527]]},"properties":{"ID":0,"RIVER_NAME":null}},{"type":"Feature","geometry":{"type":"LineString","coordinates":[[121.05822442368321,16.927941746412394],[121.05768845919212,16.927904385774],[121.05704829782101,16.92822097103891],[121.05666767244344,16.929378966512157],[121.05671881300105,16.930928272534686],[121.05698001035856,16.931608365248223],[121.05793783054762,16.933004956820593],[121.05906359326202,16.934370873684077],[121.0600917886721,16.93544545509571],[121.06025442741151,16.93593100632708],[121.06018308821459,16.93634980135539],[121.05867523017932,16.93791656335214],[121.0582187337773,16.938299428820383],[121.05804550298977,16.938846322039243],[121.0580700825113,16.93971776670189],[121.05822377740586,16.94107444509947],[121.0591542939375,16.943503322049427],[121.05954794325747,16.944346007586404],[121.0596040631352,16.945411354607238],[121.05918955367396,16.946601296305737],[121.0586373067659,16.948144864346602],[121.05815408230782,16.949495484214243],[121.05751900423712,16.9509414580979],[121.05750839650385,16.951973902081384],[121.05801658739593,16.9547214359204],[121.05870002968348,16.95672849496356],[121.05963855807462,16.95838304138787],[121.0597640409138,16.95922317789005],[121.05970169326015,16.962029817312857],[121.05969606041987,16.962578303310508],[121.06012260478342,16.96348583726602],[121.0614828862046,16.96488625303767],[121.06274294249586,16.966253442351366],[121.06322078936732,16.967064657770873],[121.06351193330777,16.968099969108106],[121.0634260237841,16.969938376533186],[121.06323721502024,16.972001675480765],[121.06275162490428,16.97357814772803],[121.06207897764374,16.97541097594485],[121.06171654183301,16.978053426164173],[121.06156155578282,16.98008477427511]]},"properties":{"ID":0,"RIVER_NAME":null}},{"type":"Feature","geometry":{"type":"LineString","coordinates":[[121.05864170993254,16.937916244742507],[121.05896963110243,16.938629237361127],[121.05926668150713,16.939083799553487],[121.06013027473907,16.939866414606932],[121.06095837029656,16.940842292252544],[121.06108550949399,16.941521108836117],[121.06135004000002,16.94187855864476],[121.0620085608235,16.943046425959942],[121.06276831443851,16.944150718039065],[121.06439138455573,16.94606987339674],[121.06554682673402,16.947823251948215],[121.06650346387491,16.94934887239084],[121.06718698636985,16.951355911247582]]},"properties":{"ID":0,"RIVER_NAME":null}},{"type":"Feature","geometry":{"type":"LineString","coordinates":[[121.16861554871241,16.91859962229721],[121.1693172998722,16.91869814824832],[121.16992115811709,16.919011025615802],[121.17023608786074,16.919475051471743],[121.17035552768837,16.920337040394557],[121.1704797190722,16.920707117530334],[121.17098895684096,16.92089615701741],[121.17146892790538,16.920808209143082],[121.17188680140795,16.92053522184122],[121.17233483268213,16.920446986199234],[121.17322941191507,16.92042423451339],[121.17364313268513,16.920581666845766],[121.17414881811084,16.921139633298804],[121.17471986557335,16.921544446345766],[121.17558043911389,16.921736611651234],[121.17628309587047,16.92174288138648],[121.17705051848642,16.921657484560217],[121.17765587974331,16.921816618115464],[121.17809888564658,16.92225102828138],[121.1783396136597,16.92379053607344],[121.17815211744912,16.92501875470429],[121.17814294860234,16.925971837395178],[121.17851617027934,16.927020570190855],[121.17898669414744,16.9279164334186],[121.17993691627171,16.928755074398456],[121.18076145340603,16.92937736184818],[121.18136241305405,16.929997656659875],[121.18151236982864,16.93101365127559],[121.18159874142641,16.931998332667735],[121.18185101943547,16.93233879777703],[121.18224703236883,16.93268054151],[121.18291454497819,16.933024699469325],[121.18341910930043,16.93370562685776],[121.18353949737511,16.934475379610102],[121.18391807209426,16.934970702118264],[121.18607741231861,16.93631202202721],[121.1888152689927,16.937289483907755],[121.19053542313888,16.937796687390406],[121.1920044579539,16.937840443398525],[121.19347261401082,16.93797642338255],[121.195433529411,16.93836272668195],[121.19603691203214,16.93873702621168],[121.19657524055162,16.939233739602056]]},"properties":{"ID":0,"RIVER_NAME":null}},{"type":"Feature","geometry":{"type":"LineString","coordinates":[[121.18020106439059,16.93782786491226],[121.17948148605623,16.939574044297114],[121.17892633941457,16.940829730729735],[121.17871899948783,16.942457483564834],[121.17840487126303,16.945221929075394],[121.17816409410354,16.947003117466625],[121.177575783536,16.948381489434297],[121.17600843613617,16.95024306721724],[121.17504300207312,16.950972369118432],[121.1740826082302,16.951179009943235],[121.17277290976952,16.951167289680694],[121.17162620181267,16.950818803242022],[121.17016154943268,16.95031372545442],[121.16923637422131,16.95018244150134],[121.167671137462,16.950168397028776],[121.16600917691282,16.95024571253928],[121.16479561989634,16.950204058428138],[121.16388642324877,16.950072894220718],[121.16315261871169,16.949974051389272],[121.16251285297922,16.95006053421246],[121.16155484774322,16.950021161241036],[121.16012098259671,16.949639279122025],[121.15903820099139,16.94929130085755],[121.15843337450376,16.949070617089937],[121.15728491622293,16.94890651882834],[121.15565461479574,16.949014783153576],[121.15348187950221,16.949056634682638]]},"properties":{"ID":0,"RIVER_NAME":null}},{"type":"Feature","geometry":{"type":"LineString","coordinates":[[121.17840457516982,16.945252673623454],[121.17945721336922,16.945415798238642],[121.18060183838232,16.945979451151086],[121.18180710593846,16.946881857850222],[121.18240870995413,16.947440665053595],[121.18281540681774,16.94833595561515],[121.18290326096351,16.949166913224825],[121.18260749400832,16.950025202915935],[121.18147851957535,16.95115279531228],[121.17960948716312,16.952827230276053],[121.17802910772349,16.954381233555434],[121.17731684278887,16.955358782129455],[121.17706717675638,16.956401954858983],[121.17728426772707,16.9570803312431],[121.17785334844517,16.95770035683103],[121.17944349366545,16.958452482947596],[121.18115936262336,16.959420948867294],[121.18315537030779,16.961160577111443],[121.18370791891091,16.961841936087836],[121.18385760039888,16.96288867421452],[121.18393422854417,16.964887925597747],[121.18427854645635,16.965628924251995],[121.18481100128888,16.96674056370098],[121.18585638405905,16.967672282225276],[121.18712511149027,16.9686367290463],[121.18807909922407,16.969106416446532],[121.18897450429128,16.969022128554585],[121.19038459855405,16.96857343703037],[121.19221441279007,16.967667246316786],[121.1932088870131,16.967245596452436],[121.1946169035351,16.967012086644743],[121.19607136980841,16.966932714555927],[121.19763618339942,16.967008044195904],[121.1985919538688,16.96729321522663],[121.20081799762715,16.968389025970456],[121.20256602731062,16.969357611825565],[121.20342188189278,16.97007234575655],[121.20357577061365,16.970688651080618],[121.20357109104533,16.971180569476903],[121.20321059661327,16.97213056468983],[121.2027586434751,16.9726185407833],[121.20192331100401,16.97310313493373],[121.20080161307887,16.973462208607035],[121.20051232192695,16.973644140019346],[121.20041413318756,16.9738892527456],[121.20050675442089,16.974228291957246],[121.20071266000683,16.974414593863898],[121.20163711033751,16.974637982751965],[121.20227285678405,16.97498181176307],[121.20331954687563,16.975790473069953],[121.20391896423486,16.97659518930728],[121.20394359987225,16.97736409300056],[121.20377888216846,16.977885348418432],[121.20307103043923,16.97840181609305],[121.20220489380819,16.978763147691808],[121.20091052113251,16.98047358203345],[121.19999116900264,16.981387886364107],[121.19972618790102,16.982369462333605],[121.19993194441767,16.984246870807635],[121.2002241681367,16.987108959314245],[121.20030330037372,16.988862259242605],[121.20043857235025,16.98975512832304],[121.20032863855772,16.991230031265136],[121.20034680072621,16.992675318310965],[121.20049863632546,16.993506838920283],[121.20077798614422,16.994370233404542]]},"properties":{"ID":0,"RIVER_NAME":null}},{"type":"Feature","geometry":{"type":"LineString","coordinates":[[121.20137431238322,16.95861623915942],[121.20223070238836,16.95926948391942],[121.2029311699645,16.959521634748562],[121.2052248450007,16.96021827019133],[121.20767710342946,16.961039264743793],[121.20933480714987,16.961422792621413],[121.21149929488779,16.96227196536409],[121.21363214815092,16.963090092052663],[121.21535174690592,16.963689349136896],[121.21672197399978,16.964070304766533],[121.21856735214898,16.96488586979096],[121.22009211735873,16.965821612671544],[121.22119053115686,16.966230915789392],[121.2224997903904,16.96630382576672],[121.2250265169311,16.96601835286085],[121.2284872065651,16.964941518155964],[121.23079604153764,16.964039121331712],[121.23276682560285,16.963410499174334],[121.23545468091949,16.96297254834512],[121.23945034611486,16.962761087869143],[121.24101574895123,16.962774591818622],[121.24178419403344,16.96259672823404],[121.24280992938212,16.96223658973809],[121.24372813367245,16.96141429913484],[121.24534717269765,16.959091376089194]]},"properties":{"ID":0,"RIVER_NAME":null}},{"type":"Feature","geometry":{"type":"LineString","coordinates":[[121.22782060855053,16.94744019804468],[121.22928399675655,16.948098601582814],[121.23262781026261,16.94923450304631],[121.23447456859307,16.9498961906961],[121.23545969089187,16.95045817220487],[121.23631474526965,16.95126500950836],[121.23729013451658,16.952872330953525],[121.23811010994412,16.95401708720849],[121.23908982339294,16.955163219285215],[121.24045347179079,16.95625116233652],[121.2416904958611,16.957215014238127],[121.2437895108536,16.95824777674139],[121.24534717269765,16.959091376089194],[121.24781418823136,16.960065768728132],[121.24880282577799,16.96025874566394],[121.2496973341667,16.960266421580492],[121.25053108053177,16.9599353428262],[121.25104706501426,16.959417047784658],[121.25166315269148,16.958438386302383],[121.2520852811183,16.95770404645638],[121.2526648633154,16.95721703929989],[121.2542056685939,16.956430773854198],[121.2549444044722,16.95600661731784],[121.25539675786234,16.955457016799112],[121.25594778299086,16.95460077583403],[121.25649851933187,16.953775278684358],[121.2569491617159,16.953410148749377],[121.25755754703515,16.953261602313646],[121.25830883735134,16.95320651836661],[121.25913914239595,16.953244350466978],[121.25961889420756,16.953186945370096],[121.25997256087146,16.952943974396277],[121.26013483577195,16.952668623002904],[121.26001667371006,16.951622173211288]]},"properties":{"ID":0,"RIVER_NAME":null}},{"type":"Feature","geometry":{"type":"LineString","coordinates":[[121.24326657269849,16.945759554712225],[121.24450326415632,16.946754131094238],[121.24590168781107,16.947534853758345],[121.24774934333256,16.948104187029696],[121.24927898693966,16.948517036629664],[121.25112922408297,16.948809629260907],[121.25333370243506,16.948797754569117],[121.25461064603462,16.9489009208875],[121.2555031180559,16.949123787207153],[121.25737937122778,16.9500622605923],[121.25861787036054,16.95087228526587],[121.25960364695784,16.95137266549536],[121.26004861916265,16.9516224455288],[121.26141775064487,16.952126085183323],[121.26213680853088,16.95210146043214],[121.26280907810656,16.951953441528453],[121.26329108566657,16.95165005977861],[121.26358311308695,16.951160570535137],[121.2641038370865,16.950119555063914],[121.26442808714114,16.9495995898008],[121.26494090282986,16.949419458825567],[121.266123720038,16.949337263462127],[121.26711458409716,16.949284180221312],[121.26781878632626,16.949136414658998],[121.26846275716628,16.948588406074734],[121.26930402167396,16.9474270988189],[121.27020916492201,16.94626632831507],[121.27138666830194,16.945015613264307],[121.27209338016281,16.944591116089537],[121.27328121980688,16.94395544570669],[121.27434435989504,16.94298048014648],[121.27495996229048,16.94197383994469],[121.27522171081992,16.941358219586178],[121.275324269238,16.940621120594898],[121.27530101342154,16.939667719194816],[121.2749090052964,16.938864946367342],[121.27421017305294,16.93842856334891],[121.27357635293252,16.937869733559257],[121.27307676259845,16.936604820806913],[121.27251048609857,16.93564682858586],[121.27184782517536,16.93474951692041],[121.2715029121827,16.934039383167317],[121.27144829220096,16.93302422006204],[121.27182657791255,16.931828227738386],[121.27208913212613,16.93106173501053],[121.27234831712057,16.930664195652586],[121.2725741562684,16.930420116664507],[121.27295858322145,16.93030037194298],[121.27340829582138,16.930027435342136],[121.27353830688743,16.92978254539366],[121.27354195155702,16.929382844986428],[121.2734195108895,16.928797587996964],[121.27313764258172,16.928180235323946],[121.27275686613625,16.927900280512482],[121.27209001916333,16.927464163909452],[121.27138926922842,16.92724299833887],[121.27062267265488,16.92723651297616],[121.26966302267067,16.927382132878183],[121.26892752453718,16.927468149892906],[121.26857757340481,16.927311442967685],[121.26816627065415,16.9268774792237],[121.26807494552945,16.92638472953736],[121.26786063638345,16.925368213316393],[121.26778950103342,16.92441440731596],[121.26750709449489,16.923858541116996],[121.26747880970935,16.923458571042733],[121.26754803453188,16.922874936436358],[121.26807033104555,16.921649422217886],[121.26859318214359,16.92036241363795],[121.2687285296687,16.91953334991098],[121.26867223537538,16.918702663276086],[121.26818334744279,16.918022055718374],[121.26736331217576,16.916877413999885],[121.26641215312873,16.916100640093404],[121.2656492618448,16.91569444094802],[121.26488524797763,16.915411223588386],[121.26398981762999,16.91552661803092],[121.26379789936442,16.915555737183304],[121.26348019553062,16.91536854887221],[121.26332528851972,16.914844509682887],[121.26326676339009,16.91425979202113],[121.26337018779634,16.913430461898017],[121.26369464851727,16.912879744339083],[121.26414461016185,16.91257607902364],[121.26475229450901,16.9124889901321],[121.26558158152946,16.91261901813344],[121.26625117500305,16.91274768922853],[121.26711099825997,16.9130317126084],[121.26771784056673,16.91303685333148],[121.2683266494735,16.912826769204756],[121.26842527554476,16.912520118912877],[121.2684199795072,16.911351629836904],[121.2684317755057,16.910060291179693]]},"properties":{"ID":0,"RIVER_NAME":null}},{"type":"Feature","geometry":{"type":"LineString","coordinates":[[121.26325079378776,16.91425965640504],[121.26171235440172,16.914830806170166],[121.25982087994345,16.915583430139737],[121.25818179880328,16.91667641748352],[121.25617652499692,16.91764327388383],[121.25418408567624,16.918948449893087],[121.25279564489695,16.92056624962386],[121.2516282082467,16.922462662431897],[121.25046188301896,16.924236082769504],[121.24946206044268,16.925272962782252],[121.24875509778165,16.925728130155658],[121.24766597843492,16.926057025775386],[121.2465480463603,16.926047437916083],[121.24565597979047,16.925793797319667],[121.24463529787386,16.925631292986296],[121.2431183956293,16.925587511540773],[121.24164712259248,16.925790096464304],[121.23991546329083,16.92651314609763],[121.23776884562155,16.927201854169237],[121.23680804086625,16.927470299742573],[121.23565845250492,16.92742963041515],[121.23374199648526,16.927413076488868],[121.23230465588489,16.92740064926444],[121.23100961425504,16.927543183585712],[121.22963098233328,16.928084708861313],[121.22808717140407,16.9292090026984],[121.22563803690659,16.93149384379305],[121.22412727081073,16.932495398428753],[121.22174713006149,16.934227323231994],[121.21981789601175,16.935563424806006],[121.21822634491821,16.93665646924255],[121.21735521711273,16.937571301703336],[121.21647422783276,16.939531466826775],[121.21582116856783,16.941032401768297],[121.21528831019688,16.941642700233057],[121.21351838134981,16.94301087087082],[121.21226533326026,16.943768596471443],[121.21079041666187,16.944339883527192],[121.20912674234363,16.944602027363377],[121.2081039717467,16.944654549489464]]},"properties":{"ID":0,"RIVER_NAME":null}},{"type":"Feature","geometry":{"type":"LineString","coordinates":[[121.2476340375084,16.92605675192131],[121.24740362195088,16.926792733195736],[121.24665559781931,16.92823148237],[121.24615996066356,16.930010623948416],[121.24578894609772,16.932129063092074],[121.24539025376548,16.93378604038319],[121.24467298390603,16.935348034489667],[121.24394115627989,16.93675615905509],[121.24344945947132,16.93810484886144],[121.24291924491213,16.940160411856915]]},"properties":{"ID":0,"RIVER_NAME":null}},{"type":"Feature","geometry":{"type":"LineString","coordinates":[[121.23078213144495,16.912566941129867],[121.23222222594136,16.912271912931235],[121.2331841020909,16.91188049962251],[121.23398313240912,16.91182590413984],[121.23497551016895,16.91158848560595],[121.23571466930619,16.91110289333425],[121.23693060912922,16.91086739296587],[121.23760188280453,16.910811681638034],[121.23853323303538,16.910266237857268],[121.24063403542192,16.907609227784587],[121.24147354100639,16.906632504021875],[121.24205098248457,16.906360732818122],[121.24301281176068,16.9059692683392],[121.24474625833048,16.905030951929827],[121.24641979459251,16.90366163030056],[121.24725868492193,16.90274636967971],[121.24777336966932,16.902351049864468],[121.24985296000423,16.90196911801726],[121.25071724168589,16.90176126952278],[121.25145547502561,16.901367850281915],[121.25228866592067,16.901067484079658],[121.25292853475102,16.900949954121067],[121.254284716828,16.90108452051757],[121.25536830704499,16.901339747958392],[121.25635467658434,16.90174788354894],[121.25727406894659,16.9024936768291],[121.25777687203728,16.903389662140647],[121.25814458698476,16.90508395534397],[121.25812961764944,16.90671349358615],[121.25828365816899,16.907329773173668],[121.25866183071217,16.907886463771693],[121.2590120199911,16.908012437877773],[121.25945971769595,16.907954750519988],[121.26003629619994,16.9077751646223],[121.26032655990328,16.90747014877671],[121.26042773368839,16.9068867887803],[121.26053567594025,16.90556552359471],[121.26070128670197,16.904921214123217],[121.26086351246057,16.904645857018195],[121.26108961272416,16.90437104257772],[121.26173005386515,16.90419199351139],[121.26243070662312,16.904413183778054],[121.26302991589266,16.905248480214414],[121.2632108405999,16.90641845823565],[121.26281209225472,16.908106238711262],[121.26287174284408,16.908567972237122],[121.26332977767231,16.909125333628786],[121.26396572905999,16.909438216357998],[121.26463643568424,16.90944390724467],[121.2652138594646,16.909172068407287],[121.26559796394118,16.909083079873017],[121.26636392272131,16.909151069576808],[121.26766862121852,16.909684847334386],[121.26846399493037,16.910029815375562],[121.26919774027371,16.91012827071819],[121.27034472521066,16.910445458075596],[121.27123480253215,16.91091421106034],[121.27258547643798,16.91166358819537],[121.27359940112315,16.9125638581134],[121.27449005716396,16.91297110598769],[121.27538407460457,16.913009395145483],[121.27615089520356,16.912985111108476],[121.27704854721644,16.912623691237524],[121.27772765101143,16.91170695111121],[121.27886198796713,16.909902327404435]]},"properties":{"ID":0,"RIVER_NAME":null}},{"type":"Feature","geometry":{"type":"LineString","coordinates":[[121.19424240434084,16.816714703924454],[121.19626393792767,16.815625532611715],[121.19748247637105,16.815052012817887],[121.19872828296869,16.81497068933042],[121.19987803479398,16.814919264933604],[121.2016633162432,16.8151808733483],[121.2030937005544,16.815839087265765],[121.206110928915,16.81749508042193],[121.20753730166943,16.818583702312246],[121.20836207781873,16.81914435680734],[121.20963290634145,16.81980113852649],[121.21132075670754,16.820246307142902],[121.21300659881226,16.820906681188532],[121.21521549277205,16.82202878724206],[121.21670660905663,16.82296819366681],[121.21772383521454,16.823438240222195],[121.21873905538106,16.824123501367104],[121.22038557437162,16.825582929630546],[121.22133352505845,16.82663657432158],[121.22221448278525,16.828027865084476],[121.22267078490133,16.828739020368882],[121.22323968534549,16.829358904442255],[121.22383965392574,16.83007130029427],[121.22563779191671,16.834114849919036],[121.2263269736301,16.835535218811383],[121.2267314110501,16.836676393781122],[121.22688101936718,16.837753871481155],[121.22725382389287,16.83886402453732],[121.22775805687972,16.839575585547713],[121.22813373043742,16.840378280610228],[121.22835320846194,16.84081064919933],[121.2283915970223,16.84157588598582],[121.2288645463781,16.84247546303815],[121.22965613410952,16.843189499700163],[121.23076813906263,16.84378330302945],[121.23254804748453,16.84465958727987],[121.23458481661397,16.84538432572702],[121.235952554827,16.845949554562242],[121.2365557543715,16.84632371751319],[121.23750645638837,16.84710059118107],[121.23830037434058,16.847568632253417],[121.23908089298888,16.84775982084507],[121.24023170893481,16.847615950733893],[121.24131781620723,16.847563764503416],[121.24182723795833,16.84772187114555],[121.24226939754698,16.84824838067472],[121.24273184634684,16.850035745577358],[121.24323758580778,16.85059354643084],[121.24380746850632,16.851121146918466],[121.24476021105215,16.851682770037776],[121.24533236981361,16.85196439930469],[121.24676546631437,16.852376379367094],[121.24813754385261,16.852480344735522],[121.24967181258033,16.85230894883504],[121.2509050196765,16.851888987248664],[121.2518203498999,16.851312567291735],[121.2523875693254,16.850394944868142],[121.25274414463223,16.84981376022832],[121.25338835277229,16.849204274649715],[121.25464426481011,16.848046516865175],[121.255368562351,16.847406956525678],[121.25591866126595,16.846612170198117],[121.25643936265163,16.845540395269058],[121.25660829349411,16.84452712799668],[121.25655373159655,16.84351196221837],[121.2559606353207,16.84203099342691],[121.25544285644122,16.841042640329444],[121.25532219288851,16.84027290121347],[121.25527158090149,16.838827289239635],[121.25512406327621,16.83750384788927],[121.25460217033903,16.835224019582967],[121.2539263687647,16.83422272995115],[121.25352644843021,16.83374654645159]]},"properties":{"ID":0,"RIVER_NAME":null}},{"type":"Feature","geometry":{"type":"LineString","coordinates":[[121.2518203498999,16.851312567291735],[121.2535052194153,16.852126376437557],[121.25433395249827,16.85228717165251],[121.25487673935467,16.852291789110495],[121.2559337670491,16.851931794764063],[121.25760700684279,16.8505315776729],[121.25838313790314,16.849461966986283],[121.25889933459342,16.84888212453469],[121.25928415978449,16.84870089773994],[121.25969922534787,16.84870441812848],[121.25995296354321,16.848891061336612],[121.26030108140766,16.84923224738262],[121.26150536546234,16.850226408993016],[121.2619503973777,16.850445419275683],[121.26284439433218,16.850452989757024],[121.26358323852028,16.84996726528819],[121.26487130883093,16.84877896353708],[121.26574205709645,16.84783311539949],[121.26718805942588,16.846830623157558],[121.26901662132641,16.84589284357633],[121.27138793708322,16.844959617808037],[121.27273141178969,16.844694189015932],[121.27658983529382,16.843496669052552],[121.27873676565966,16.842653715094823],[121.2798124468995,16.841986256618057],[121.28117088282,16.840060454543472],[121.28275360918778,16.838044270032206],[121.28349568395306,16.8371895046977],[121.28393140301334,16.836670414512838],[121.28460546019912,16.836276310126586],[121.28559960913229,16.835792628936893],[121.28646660127828,16.83524638354031],[121.2875612187904,16.8342407971969],[121.28820886057082,16.83323147901419],[121.28908798406285,16.831332364635283],[121.28983938690698,16.82943218145683],[121.2900444597737,16.827927185105608],[121.29018957689944,16.82420775663828],[121.29039518886862,16.82264126488378],[121.29084022633995,16.821076763779146],[121.29136671806107,16.81932844349715],[121.29205997639968,16.8167820297023],[121.29252259541559,16.815033173205737],[121.29333938114351,16.812949014445497],[121.2949445370395,16.80941298365119]]},"properties":{"ID":0,"RIVER_NAME":null}},{"type":"Feature","geometry":{"type":"LineString","coordinates":[[121.27986448103705,16.842018139966704],[121.28161368092572,16.84226543199386],[121.28266945256114,16.842390588267314],[121.28348655053988,16.84219385993876],[121.28562009357083,16.84000158117441],[121.28671887234985,16.83870213616943],[121.28754013541504,16.838040138373657],[121.28826715106764,16.837784476820886],[121.28992914216101,16.837652923068383],[121.29370421194736,16.837597086845385],[121.29557548024515,16.837699869826363],[121.29629936482227,16.837793118898258],[121.29826176701927,16.839525143506734],[121.29916033540638,16.84034684441503],[121.30089451013379,16.84228052060024],[121.30185453105652,16.84298639790048],[121.30215024613335,16.843127505270086]]},"properties":{"ID":0,"RIVER_NAME":null}},{"type":"Feature","geometry":{"type":"LineString","coordinates":[[121.2954999943228,16.837699243218776],[121.2958409795141,16.83671333637819],[121.29651227490723,16.835933732518704],[121.29751855772128,16.834837017509642],[121.29918831335253,16.83383303377278],[121.30030989575921,16.8333479494337],[121.30091714273215,16.832974926498515],[121.30158918202771,16.832108067339956],[121.30177475017342,16.831615231658517],[121.30174948168197,16.831062491458344],[121.30136267106047,16.830419520017085],[121.3002272589869,16.82907242103187],[121.29970355091505,16.82854463665718],[121.29905124546244,16.827201530519076],[121.29872950893139,16.826035643800456],[121.29856289100621,16.824405752197574],[121.29863599415843,16.822981409383978],[121.29890638022158,16.821442377059856],[121.29889123778143,16.819755577771588],[121.29889512958742,16.819319401162662]]},"properties":{"ID":0,"RIVER_NAME":null}},{"type":"Feature","geometry":{"type":"LineString","coordinates":[[121.30941969828478,16.803760801257244],[121.30820800566535,16.80421613106363],[121.30693541324189,16.80472911341397],[121.30584033664334,16.805650679491748],[121.30495606006735,16.80663213762437],[121.3038547589368,16.808251576300275],[121.3034173615119,16.809905566608922],[121.3033466362742,16.811068209774678],[121.303441957004,16.812232222912932],[121.30361559976535,16.81307699493978],[121.30366873942017,16.813891691975233],[121.30408494524607,16.814622142374947],[121.30449779313065,16.815730613149015],[121.30520351148034,16.81785932183226],[121.30562810757648,16.81934593676456],[121.30552590251189,16.820653724342925],[121.305357882358,16.822571662793155],[121.30544613218713,16.822834116497518],[121.3061960270246,16.823392831719907],[121.30731030076916,16.82372190103552],[121.30875746949489,16.823966462728862],[121.31041806947378,16.82403659224195]]},"properties":{"ID":0,"RIVER_NAME":null}},{"type":"Feature","geometry":{"type":"LineString","coordinates":[[121.31144377435578,16.861531720896284],[121.30881289478071,16.8619171705362],[121.30754223218437,16.862168413075462],[121.30702937660064,16.8621060186566],[121.30591462609408,16.86180600711884],[121.30440782050131,16.86144458754187],[121.30307935638128,16.861404518940866],[121.30235433896497,16.861427599038926],[121.30170377836633,16.861567615223315],[121.30042843460315,16.862342223245857],[121.30000019791787,16.862949363956947],[121.29945298486172,16.863351953491893],[121.29869542049255,16.863636474318525],[121.29760827361703,16.863627451553782],[121.29658334808465,16.86341537679854],[121.29541030092139,16.862882181113587],[121.29435961896402,16.86217551450607],[121.29375878559651,16.86182155131319],[121.29360936047283,16.861645825546073],[121.29309625324079,16.861612475039024],[121.29212730176134,16.861895211830348],[121.291577203334,16.86261763943422],[121.29129548856551,16.863720346656876],[121.2912798073804,16.865465038519265],[121.29122346876387,16.868372605880992],[121.29107293074071,16.86999985125839],[121.29061183132798,16.870897497556307],[121.2897289784035,16.871675302294722],[121.288849522389,16.872075086708048],[121.28670193534263,16.872435190066266],[121.28512892521704,16.872712837689058],[121.2840716713155,16.872733069178455],[121.28313810671209,16.872434448571987],[121.2820265023842,16.87178536884277]]},"properties":{"ID":0,"RIVER_NAME":null}},{"type":"Feature","geometry":{"type":"LineString","coordinates":[[121.29846483783942,16.931450010270886],[121.29905657964098,16.929477476398613],[121.29913084144816,16.92793683812848],[121.29916940787503,16.92700658908768],[121.29902750614417,16.925987597166465],[121.29870278840174,16.92514156549703],[121.2979861508542,16.924205029593573],[121.29772368555291,16.923155953041885],[121.2969552710366,16.921259333327964],[121.29631940417956,16.91974186004066],[121.29549138529227,16.91775749903265],[121.29487168965085,16.91612383633553],[121.29389109554323,16.914312680292234],[121.29287586043658,16.91299559628005],[121.29158232987548,16.91071653542558],[121.29062832670105,16.90931271334435],[121.29014739638308,16.909046971873032],[121.28966069615873,16.90942094641772],[121.28923204378947,16.91005712719411],[121.28922941961288,16.910347907565605],[121.28934788123341,16.910610620363155],[121.28958611726011,16.910990655622093],[121.28949287557255,16.911280678250034],[121.28921839750494,16.911569185031457],[121.28885435045582,16.911740621173713],[121.28849187814293,16.911737588477386],[121.2882822741025,16.911532272977926],[121.28765451538365,16.910800013369666],[121.28717463730314,16.910417952955907],[121.28629893242788,16.910381538214196],[121.28575154721304,16.91078407425536],[121.28529346218991,16.911332758140563],[121.28468408138237,16.911909252169917],[121.28359666608218,16.911900129903604],[121.28190645034877,16.911740538630045],[121.28143904957979,16.911649371635747],[121.28074853390653,16.911178286790253],[121.27888712707137,16.909912188512955],[121.27787308070121,16.90847872963721],[121.27705194713334,16.907424932625123],[121.27687520868085,16.906929082716637],[121.2766139346222,16.90576367877036],[121.2764088437757,16.90506402922799],[121.27602490539351,16.9041011520771],[121.27594618703742,16.90279188523356],[121.27592681999958,16.90159943865465],[121.27578267158172,16.900842142030374],[121.27515473186882,16.900138928824017],[121.2744057168711,16.899463773342536],[121.27317397708913,16.898726383309963],[121.27251558571152,16.89805198639771],[121.2722048037629,16.897351442116044],[121.2721210787211,16.89659465413441],[121.27221857343734,16.895839395735486],[121.27270844290825,16.89511652826472],[121.27349928042155,16.89451251792831],[121.27398385163052,16.894371203527285],[121.27443663267283,16.89440410047644],[121.27537028431746,16.89470276880484],[121.27654213112311,16.895381479958026],[121.27738491782921,16.895708454843355],[121.27801865932803,16.89577194698293],[121.27862430854547,16.895602559895227],[121.27932399465043,16.89505591947192],[121.2804788320316,16.894280458435006],[121.28114488107533,16.89411157057251],[121.28202156096495,16.89403168859377],[121.28238215580033,16.894238275510883],[121.28289455674606,16.89435889459358],[121.28393840708829,16.8941640856547],[121.2846656485663,16.893908458296192],[121.28527470342335,16.893361036105286],[121.2861022659161,16.892030274603524],[121.28662962719899,16.890493435166604],[121.28691693438657,16.888780103908893],[121.2868800282571,16.887849226902322],[121.28670458860132,16.887207993581292],[121.2861060596819,16.88659230033385],[121.28505398123382,16.8860309689659],[121.28460410585168,16.88567823875106],[121.28454895676064,16.885096172128236],[121.28473778499256,16.884254426543368],[121.28519527317428,16.88376389279722],[121.28674289730705,16.88296259534592],[121.28783224606083,16.88273906104358],[121.28864820808643,16.882687718782257],[121.28920902984743,16.88245976079074],[121.28981829478784,16.881883241823655],[121.29012528214675,16.881333278332193],[121.29019065861173,16.880781297911234],[121.29001416445907,16.8802563791178],[121.28968588086428,16.87981743412352],[121.28884444570176,16.879345123325095],[121.28772858655897,16.879161319150022],[121.28612873060658,16.87906070189337],[121.28501051424233,16.879138585858563],[121.28337914726667,16.87918308466663],[121.28226356025868,16.878970173259283],[121.28093972973589,16.878406546398793],[121.27973960640303,16.87752406808244],[121.2788711707295,16.876702530165755],[121.27865230942159,16.87585736640718],[121.27853809588161,16.87512940234718],[121.27875529182978,16.874491462552264],[121.27927395791001,16.873914214158635],[121.28052083638292,16.872965032173894],[121.28207206461184,16.871756670488594],[121.28253662126819,16.870481032752174],[121.28320941313885,16.86955610046909],[121.28347004600903,16.86912207914068],[121.28353543390944,16.868570101599886],[121.28348212612542,16.86778448803226],[121.2831541400213,16.867316457343335],[121.28258351425808,16.86696271486432],[121.28161820418043,16.866838305283594],[121.28004734252904,16.866883293429183],[121.2784457558768,16.866986171874036],[121.27738985419337,16.866860981850085],[121.27591249177594,16.866586841834884],[121.27443619046915,16.86619637981274],[121.27305286905414,16.865544969558716],[121.27134002057409,16.864599971567642],[121.26982506529458,16.863482149834212],[121.26934613152667,16.863012826611197],[121.26916812020141,16.862662362981354],[121.26903620041234,16.862225048010895],[121.26920493541321,16.861935671220618],[121.26932731459128,16.861762223448444],[121.26981233109092,16.861562755320637],[121.27096196108062,16.861339810378592],[121.27156855888188,16.861054122474904],[121.27205489282957,16.86070925907665],[121.2724869053768,16.859695093408337],[121.27273852111959,16.858592166787577],[121.27304070948001,16.85690806205571],[121.27299219595399,16.855599046232378],[121.2727052773353,16.853939061186768],[121.27234952004984,16.85320906155021],[121.27184199121263,16.85256502364382],[121.2711514387302,16.85212300369902],[121.27048949985527,16.85185570373151],[121.26931317033132,16.85170038409863],[121.26780442127473,16.85157133188356],[121.26611608876416,16.85126627072058],[121.26334495449545,16.850486753540366],[121.26295346984203,16.8503671196272]]},"properties":{"ID":0,"RIVER_NAME":null}},{"type":"Feature","geometry":{"type":"LineString","coordinates":[[121.26903620041234,16.862225048010895],[121.26843144932008,16.8623071827175],[121.26779597021662,16.862447216197207],[121.26709664935174,16.862964749065032],[121.26627122951189,16.864062814240853],[121.2656261934613,16.86524964124484],[121.2653165159398,16.866090342667714],[121.26477450653717,16.867568837709012],[121.26373181603793,16.869304810439154],[121.26275508589744,16.870430655147054],[121.26162841197731,16.871438902541076],[121.26074438541124,16.872332882009367],[121.25998487617267,16.872820794725932],[121.25916363224607,16.873453579617138],[121.25871827842872,16.87426403443686],[121.25858895139113,16.8751934933494],[121.25861275435182,16.87589161392308],[121.25893429271729,16.87705754330698]]},"properties":{"ID":0,"RIVER_NAME":null}},{"type":"Feature","geometry":{"type":"LineString","coordinates":[[121.2548727921965,16.85230507061293],[121.25552030740899,16.85414261377157],[121.25599625121872,16.85493181895261],[121.25653445758941,16.855517992813997],[121.2576771335361,16.856051140626207],[121.25872922604637,16.856583513661835],[121.25926851022469,16.857053370570345],[121.25965654631021,16.857551023025415],[121.2597701504612,16.85833714660264],[121.25964457253909,16.858859520858832],[121.25921462592574,16.859641031624164],[121.25851183389463,16.86053654431634],[121.25752295791433,16.8613423835209],[121.25639951760328,16.862001673408766],[121.25524373752856,16.862893320626686],[121.2543244567049,16.864339492054064],[121.25328276547704,16.865959094470593],[121.25255212867566,16.86659262577094],[121.2520376886612,16.866704559855012],[121.25083082833164,16.866577947344577],[121.24959537866917,16.866276604752695],[121.24797137830666,16.865535737825173],[121.2464970399939,16.86494153801767],[121.24521685025724,16.864581628258772],[121.2431030035639,16.86456352658407],[121.24195521898314,16.864582768281043],[121.24025956867654,16.86506257773564],[121.23904842391651,16.865401135766444],[121.23793137304912,16.865362459024844],[121.23707262257781,16.865151519280698],[121.23532196161916,16.86504922026485],[121.23377890576892,16.86535580976159],[121.23199210026011,16.865892922287934],[121.23057280325564,16.865880678270983],[121.22906318501383,16.865838564718533],[121.22761748842163,16.86541895852046],[121.22569216591744,16.864617158809384],[121.22358377517973,16.864017312927896],[121.22170759052628,16.86280879130276],[121.22053643283547,16.86210072431917],[121.21969499998612,16.86165722917614],[121.21876189118412,16.861329252419516],[121.2176473325673,16.861028774183993],[121.2162917495956,16.860668035149565],[121.21448158472263,16.860477806708264]]},"properties":{"ID":0,"RIVER_NAME":null}},{"type":"Feature","geometry":{"type":"LineString","coordinates":[[121.2235689481847,16.86398810497121],[121.2225631917221,16.864968091596566],[121.22161754816109,16.86597767320306],[121.22031115424777,16.866809641470457],[121.21934128458932,16.86717925264741],[121.21788960898225,16.867399274059785],[121.2164994180798,16.867503502196815],[121.2150806671335,16.86743299581501],[121.21321223204235,16.86700960859879],[121.2119477588725,16.866591473380534],[121.20976582797144,16.865787290583164],[121.20778184464304,16.864810340709386]]},"properties":{"ID":0,"RIVER_NAME":null}},{"type":"Feature","geometry":{"type":"LineString","coordinates":[[121.24953444680041,16.86633424420193],[121.24876582986872,16.867810751361965],[121.24789856206223,16.870158805426875],[121.24754894605262,16.872046003575214],[121.24707852388437,16.873932166964515],[121.24655654767972,16.87485825450774],[121.24593289449186,16.87534727343398],[121.24514421465545,16.875718557991473],[121.24444747443896,16.87594522819157],[121.2423930943619,16.876014857047974],[121.23958399506505,16.876048903164396],[121.23783134267923,16.87615015751635],[121.23565697674498,16.876131447607285],[121.23393695726249,16.875971232865258],[121.23235202777563,16.875899408011364]]},"properties":{"ID":0,"RIVER_NAME":null}},{"type":"Feature","geometry":{"type":"LineString","coordinates":[[121.19863174460251,16.887062935223568],[121.19812219767442,16.886651345192046],[121.19694741395905,16.886321135853528],[121.19667781913711,16.88608612951867],[121.19629156702732,16.88541390927605],[121.19576260544322,16.88386805902712],[121.19504526643216,16.883076604156834],[121.19426449224005,16.8826044577843],[121.19336015673066,16.882422009591593],[121.19260848266669,16.882066430290006],[121.19179835032637,16.881506779228076],[121.19110929802278,16.880919115472892],[121.19008722506855,16.88041574497185],[121.1883082330827,16.880109230699297],[121.18707422324918,16.879662129850132],[121.18672970774941,16.879368291244322],[121.18643076970771,16.87904577662382],[121.18634239344055,16.878812362571114],[121.18634572517155,16.87846344443806],[121.18653413731154,16.877709058874252],[121.18702370343613,16.877044574716486],[121.18815243172553,16.875862319631562],[121.1891559174239,16.87514421455629],[121.18988677833674,16.87451093307294],[121.19052786997568,16.873789618814683],[121.19145015103658,16.87208209583794],[121.19197679893288,16.870690947324224],[121.19262129667428,16.8680213562803],[121.1932745149179,16.86602065702372],[121.19443719853682,16.864431548604497],[121.19573105638364,16.863337931178876],[121.1976159396529,16.862016866521227],[121.20031830371504,16.860470323939957]]},"properties":{"ID":0,"RIVER_NAME":null}},{"type":"Feature","geometry":{"type":"LineString","coordinates":[[121.20555235992641,16.88822870096675],[121.20579863951023,16.887736512381498],[121.20602680682522,16.885964679391478],[121.20652484839394,16.88439876327077],[121.20665141701811,16.883789207724234],[121.20657894127851,16.881869344075298],[121.2066571886273,16.879979878840143],[121.20688835062828,16.8778881966916],[121.2073259591002,16.876321746215027],[121.20822504249973,16.87385787189627],[121.20880621899703,16.873077811672076]]},"properties":{"ID":0,"RIVER_NAME":null}},{"type":"Feature","geometry":{"type":"LineString","coordinates":[[121.22654575672617,16.894489191285476],[121.22629540706613,16.892189744849855],[121.22608531680183,16.888814706544288],[121.2259174243793,16.887388358021994],[121.22547555099096,16.886192271511856],[121.22488131951326,16.885140261340396],[121.22458583744306,16.884439793167626],[121.22441170327174,16.883682217718125],[121.2245145393838,16.882374533167496],[121.2250380006475,16.881303128903944],[121.22546841036724,16.880492632095244],[121.22564347514931,16.879534525287696],[121.2258689975018,16.878024344600632]]},"properties":{"ID":0,"RIVER_NAME":null}},{"type":"Feature","geometry":{"type":"LineString","coordinates":[[121.26175088759413,16.90424211156576],[121.26171499835286,16.90156645597292],[121.26152462437669,16.8992675264998],[121.25987242867376,16.89497874224193],[121.25863165793638,16.89194388382873],[121.2582756337192,16.891242938361902],[121.25602555304995,16.887937761929837]]},"properties":{"ID":0,"RIVER_NAME":null}},{"type":"Feature","geometry":{"type":"MultiLineString","coordinates":[[[121.36057813093481,16.390250913713952],[121.36061478781372,16.390329238307654],[121.36075287604324,16.39088134221429],[121.36051005133699,16.391476395388363],[121.35945898227277,16.392019224643334],[121.35859855799596,16.392517617591544],[121.35850111701765,16.39279237028907],[121.35868522808804,16.39352850999697],[121.36019967420533,16.39445870566942],[121.36237508534846,16.39599098784922],[121.36313194183002,16.396501991137367],[121.36327080736511,16.39696226214202],[121.3632658192764,16.397559169957173],[121.36292325025761,16.39870447636447],[121.36291710904969,16.399439131882374],[121.36333946644861,16.400131205624785],[121.36461729337164,16.400921775171824],[121.36646902108096,16.401349447273187],[121.36746451900792,16.401770454047085],[121.36812474272378,16.402464367495558],[121.36892079320046,16.403985876558817],[121.36995623357002,16.405325564445896],[121.3712805468727,16.406254215984372],[121.37203937618118,16.40653561164944],[121.37231131467873,16.40677568794585]],[[121.37248738463236,16.409815903813808],[121.3722931028763,16.410348863027334],[121.37221841266535,16.41360853945234]]]},"properties":{"ID":0,"RIVER_NAME":null}},{"type":"Feature","geometry":{"type":"LineString","coordinates":[[121.23110174023468,16.26039073524353],[121.22981673029925,16.258856621284085],[121.2285737678046,16.25752382457069],[121.22718070202441,16.25596936511499]]},"properties":{"ID":0,"RIVER_NAME":null}},{"type":"Feature","geometry":{"type":"LineString","coordinates":[[121.21901083895254,16.223285894589484],[121.21860982988403,16.2238292598206],[121.21745938038396,16.224921599218327],[121.21581236621631,16.226266889153496],[121.2151567880356,16.227289907801524],[121.21498153593997,16.229859764636988],[121.2149282827778,16.2315490481627],[121.21514447549256,16.232873266217144],[121.21555209313114,16.23405216179487],[121.21641760867733,16.235051242160072],[121.21720841615496,16.2359027583321],[121.2181529648231,16.236571897437784],[121.2195570688188,16.236877558667583],[121.2200513325055,16.236881708303027]]},"properties":{"ID":0,"RIVER_NAME":null}},{"type":"Feature","geometry":{"type":"MultiLineString","coordinates":[[[121.21971656372519,16.22359391664451],[121.22091769657644,16.225097558530155],[121.22186221186878,16.22576667786929],[121.22382795812103,16.227032080913645],[121.22557055531986,16.227744599185915],[121.22621358217906,16.22811731157607],[121.22674156830523,16.2285992611382],[121.22738032542529,16.22944947038003],[121.22753953264363,16.22970432802659]],[[121.22867437435634,16.23696832702684],[121.22837253491842,16.23753913282459],[121.22855277349453,16.238642643851755],[121.22908100674584,16.239571049586065]]]},"properties":{"ID":0,"RIVER_NAME":null}},{"type":"Feature","geometry":{"type":"LineString","coordinates":[[121.1376082522886,16.169174374965078],[121.13610261359104,16.171658977820023],[121.13556363790147,16.17238889817854],[121.13506611132374,16.172751859143716],[121.13449532888964,16.172820319868833],[121.13385025842292,16.172704467159416],[121.13312641628305,16.172881777910433],[121.1323614601025,16.173389313562264],[121.13096974216761,16.17587486984678],[121.1292801555855,16.177696618264157],[121.12786489690278,16.17863919809023],[121.12591821609148,16.17950362165155],[121.12336166631403,16.1805463047635],[121.12130058081246,16.181446404459805],[121.1191296295416,16.181904729301046],[121.11638716270174,16.18250489665648],[121.11421305489193,16.18329372618247],[121.11287685033174,16.183906311022447],[121.11222582872202,16.184414775669993],[121.11149319855987,16.18551021928673],[121.11128988117876,16.18690421510612],[121.11123894388795,16.18826283251006],[121.11119219862384,16.189180707575606],[121.11076501300018,16.190131933354987],[121.1095751910478,16.19133349776118],[121.10670313099155,16.193548558404956],[121.10386234949179,16.196461750350803],[121.10162613796818,16.199747612159207],[121.0999656468488,16.202450890695797],[121.09902873647383,16.20501370310713],[121.09869752600541,16.207839051330872],[121.09872109683805,16.209345246835486],[121.09935110910435,16.211040528144494],[121.1013024409012,16.213702644477912],[121.10306902780248,16.21581212571049],[121.10381875896503,16.216920766037152],[121.10422180178415,16.218503816319515],[121.10446259961441,16.221150627655074],[121.10451648685263,16.22346518662867],[121.10480901085046,16.224679935483895],[121.10540250091552,16.226227954601026],[121.1063800237973,16.227375355655482],[121.10746914913851,16.228780868870775],[121.10874135511489,16.23092263917039],[121.11042862058086,16.233398685840214],[121.11078845972222,16.235532316797094],[121.11077618793537,16.23681780860193],[121.11069313882768,16.237551697739203],[121.11018662664013,16.238832784223803],[121.1100177129033,16.24059438743676],[121.1100445036346,16.241770032131033],[121.11015224453719,16.24243215849025],[121.11037158731295,16.24335239982281],[121.11051664720772,16.244088321677904],[121.11039030809948,16.24537279531545],[121.11067551760524,16.247358835191537],[121.11104343780453,16.248647715183274],[121.11152542335597,16.249937611552127],[121.11162615462005,16.25133430375302],[121.11115867656866,16.252505541941613],[121.11042925706342,16.25323366527585],[121.10912775740313,16.254140336644234],[121.10870214393834,16.254907895752467],[121.1086208293474,16.255458140157156]]},"properties":{"ID":0,"RIVER_NAME":null}},{"type":"Feature","geometry":{"type":"LineString","coordinates":[[121.1086644740095,16.25487082803846],[121.10750058111664,16.253317715977573],[121.10660144387164,16.251913890751716],[121.10611948837249,16.250623986286858],[121.10601387077328,16.249741490184075],[121.1060638521104,16.248493071514837],[121.1060325158073,16.2477948959859],[121.10569526190328,16.247277642696925],[121.10460183929563,16.246312851283584],[121.10362248573163,16.245349075903107],[121.10294940901791,16.244167650699673],[121.10273186257082,16.243063764599935],[121.10263330578022,16.241446705362268],[121.10265620043911,16.239059375627512],[121.1023696664194,16.2372202458966],[121.10177758696672,16.235525306231025],[121.10080499226738,16.233863689500435],[121.09941175943443,16.232455419411707],[121.09786224526465,16.23148651533205],[121.09585478382864,16.23069714665868],[121.09361464510894,16.23038317456584],[121.09304616920926,16.230194408576985],[121.09129671322202,16.23025213507448]]},"properties":{"ID":0,"RIVER_NAME":null}},{"type":"Feature","geometry":{"type":"LineString","coordinates":[[121.18150197868499,16.21768649586412],[121.18048766738903,16.21836320875099],[121.17807341434107,16.220436262923524],[121.17599720205779,16.22295298227016],[121.17379604567328,16.226644043775547],[121.17240606440086,16.228946226701108],[121.17075060041016,16.23117264248608],[121.16902415698738,16.232847441118157],[121.16706889169312,16.234593709957334],[121.16606781215658,16.235944155248152],[121.16510984610247,16.236743981169507],[121.16384669611176,16.237651356494297],[121.16269077205715,16.239294299803944],[121.16146459073694,16.24031217557734],[121.15978454997332,16.24106897732351],[121.15867548029536,16.241757260360245],[121.15729649951933,16.24284724551715],[121.15569280672995,16.243567942591973],[121.15416205911141,16.24461985150356],[121.15259224601729,16.24578160370351],[121.15114197119367,16.246356671004833],[121.14912034671326,16.24703693448199],[121.14770979574911,16.247428662912597],[121.14588169981863,16.247743264315847],[121.14477771852596,16.247880530097117],[121.14348328746487,16.248052853509556],[121.14253000739924,16.248338355462714],[121.14172570206739,16.248955747130015],[121.14015060644186,16.250668329181973],[121.1389612306352,16.251796574770367],[121.1378931713331,16.252154508890264],[121.13682614715908,16.252402250715406],[121.13534330913762,16.25238920445656],[121.13295003950515,16.25214773533329],[121.1296868067046,16.25142104853851],[121.12854756294793,16.25126406139635],[121.12778748881179,16.251220614408915],[121.12691056837183,16.251469985348926],[121.12622340368574,16.251757762490783],[121.1254152081495,16.252779099764126],[121.12483060361558,16.254279923955128],[121.12409529596354,16.255632484292928],[121.12267871990899,16.256648418985947],[121.12199048469547,16.25704636523556],[121.12058087430046,16.257327714103866],[121.11848756222041,16.2575295173349],[121.11498357797592,16.258122794692337],[121.11335073115562,16.257887866389257],[121.11213718386749,16.257546469577868],[121.11149888301675,16.256695956509766],[121.11070990540678,16.25569717244617],[121.11014309381446,16.255324802029097],[121.10957347422743,16.25524625627671],[121.1086208293474,16.255458140157153],[121.10666836532826,16.256836487214173],[121.10513341182852,16.25829201200194],[121.10431698149897,16.260158000585477],[121.10409514991242,16.263461828203884],[121.10438523531325,16.264933676025446],[121.10487143218728,16.26578284799186],[121.10497880704513,16.26648170322853],[121.1048953592881,16.2672523126645],[121.1045020797492,16.268607847624132],[121.10342463333409,16.2738874918309],[121.10303661982722,16.274692100218388],[121.10261481406165,16.275055630174744],[121.10181240187163,16.275452476096504],[121.10047621977452,16.275991451810402],[121.09924597210345,16.277376186025155],[121.09778118019156,16.27941996204056],[121.0975744090379,16.28114446368279],[121.0977571042649,16.28191745962581],[121.09801656167714,16.282617683649725],[121.09846792367867,16.283135977529756],[121.09853831319866,16.283724307908553],[121.09848683416068,16.285119626521112],[121.09834655127429,16.287836465159117],[121.09796202620889,16.288273779299544],[121.09739125864259,16.28830537503781],[121.09628846004175,16.28829544853306],[121.09472117168811,16.28912614439789],[121.09403418948554,16.2893770694237],[121.09268652570336,16.29109127144653],[121.091882962672,16.291598253296563],[121.09020154705384,16.292427880792143],[121.08878524852419,16.293370083412604],[121.08732983958397,16.294422113796376],[121.08633682063737,16.294853895483516],[121.0848501392619,16.29520773774266],[121.08404868320727,16.295494320309594],[121.083398982757,16.295819006632566],[121.08312456769785,16.296661325766273],[121.08327239752802,16.29710343589101],[121.08398852126253,16.297771083941168],[121.08421491086145,16.29795679038293],[121.08451486070277,16.298400278979297],[121.08466198078915,16.29891584365597],[121.08454253865767,16.299465722883014],[121.08388746867183,16.300341322403536],[121.08258517272617,16.301284508140824],[121.08116341029381,16.302777560368725],[121.08050902938285,16.303579691459422],[121.08023780857934,16.30409145676088],[121.08027333378455,16.304348894494808],[121.08065220529787,16.304499259995602],[121.08088110262429,16.304427878175197],[121.0812621209534,16.304357877840854],[121.08152833298944,16.30436029564437],[121.08179347233096,16.304472895552454],[121.08213324261882,16.30473309566206],[121.08216841283497,16.305027260824964],[121.08174578679237,16.305464192097194],[121.08074482816083,16.306703943775556]]},"properties":{"ID":0,"RIVER_NAME":null}},{"type":"Feature","geometry":{"type":"LineString","coordinates":[[121.09304669146178,16.399009627131306],[121.09195257873539,16.398044700654207],[121.09127056670216,16.397744663157827],[121.08993922485146,16.397695837904866],[121.08887709148391,16.39735560774472],[121.08701666425789,16.396934647491623],[121.08553744700629,16.39644368292267],[121.08425314867192,16.395476988827834],[121.08353814275115,16.394662400737626],[121.0825930593084,16.39402936469127],[121.08107295201529,16.393831842285355],[121.08043010183736,16.39342193865883],[121.0791454902887,16.392491944967258],[121.07798043721188,16.39101208167849],[121.0774129761621,16.39067632013033],[121.0765016534885,16.390484333303277],[121.0745985903178,16.39054037588699],[121.0736503089392,16.390237847629383],[121.07293211698433,16.389753772717086],[121.07198926341711,16.38890033300327],[121.07134536598419,16.388600586030407],[121.0697097348016,16.38854884784863],[121.06841652244628,16.388500242615724],[121.06761936161678,16.388309267640956],[121.06716642954385,16.387937802999186],[121.06638014427386,16.38664501791162],[121.06506485615859,16.384980062867935],[121.06442388546982,16.384386482485613],[121.06355247008926,16.38401115994147],[121.0624114745025,16.383963922105657],[121.06138352614137,16.38402791041293],[121.06099980372913,16.384354944251548],[121.06084435226427,16.384684081980495]]},"properties":{"ID":0,"RIVER_NAME":null}},{"type":"Feature","geometry":{"type":"LineString","coordinates":[[121.09751174174376,16.3937608689401],[121.09652963282463,16.39301736444673],[121.09581886267378,16.391762083793502],[121.09462598701735,16.389216858913414],[121.09331614130429,16.38696441469647]]},"properties":{"ID":0,"RIVER_NAME":null}},{"type":"Feature","geometry":{"type":"LineString","coordinates":[[121.09304035727571,16.38402345973587],[121.09167785440806,16.38327648932112],[121.09050666396065,16.38242105582619],[121.08948945530491,16.381383362089476],[121.0891922517224,16.380646050235352],[121.08893452714264,16.3797621742578],[121.08898187937436,16.37880760810685],[121.08933501954618,16.377708896306665],[121.08953883971331,16.376314982608687],[121.08951152897191,16.37521281525281],[121.08929185127535,16.37432928525588],[121.08831988955225,16.372557387932407],[121.08742331450811,16.370859633805207],[121.08682572513628,16.369715553913082],[121.08657339290573,16.368280766418998],[121.08678366053996,16.36622576257386],[121.08690208427721,16.365786071131154],[121.08728644490343,16.365385526241166],[121.08820482531661,16.364842907365354],[121.09152306641204,16.363991472954492],[121.09320191285401,16.363492452164493],[121.09389023559584,16.363131376424413],[121.09446870901898,16.362328534850725],[121.09467709904092,16.36045715041848],[121.09454026182541,16.35887648856813],[121.09439415746519,16.358250743348695],[121.0945129142248,16.357774317429442],[121.09551373400375,16.356571251999107],[121.09659133417648,16.355295412571895],[121.09686260062081,16.354783631549157],[121.09725154481684,16.353905604336166],[121.09729527818527,16.353318305613985],[121.09722560273852,16.35265652095076],[121.09700376812407,16.351993362075152],[121.0967822906458,16.351293475445182],[121.09679189863586,16.350301829131297],[121.09695828839803,16.348834097384135],[121.09715168618506,16.348505265927486],[121.09716093487478,16.34755034679884],[121.09721071146492,16.34633867734127],[121.09736820101253,16.3457891358786],[121.0975214224233,16.345680326285223],[121.09794162504136,16.345500464205937],[121.09877776394616,16.34558146971432],[121.09900706177008,16.345473345146242],[121.09916099270599,16.345291078813762],[121.09917520323472,16.34382197025666],[121.09922354306468,16.34275720939565],[121.09950010914685,16.341694505909718],[121.1005057767373,16.339977214579513],[121.1012003871367,16.338955004134235],[121.10155017222479,16.338186803226712],[121.1015565561768,16.33752570303884],[121.10160452313235,16.33649766730306],[121.10134961358372,16.335319980913617],[121.10068446391948,16.333293787888213],[121.10023973640767,16.332077660499273],[121.10005239456868,16.331782125330474],[121.09975342940078,16.33122846772166],[121.09968764824865,16.330162676999652],[121.09977258987283,16.329245167795605],[121.1003992458666,16.32737753090434],[121.10052469865686,16.326203268476466],[121.10053391766104,16.325248345456462],[121.10027760329181,16.324217570036257],[121.09953003699705,16.322851792128358],[121.09905155624702,16.32119458834044],[121.09860969652692,16.319684637842816],[121.09838930098766,16.318874570759647]]},"properties":{"ID":0,"RIVER_NAME":null}},{"type":"Feature","geometry":{"type":"LineString","coordinates":[[121.09912295411074,16.345290735772622],[121.10142549712407,16.3432178236164],[121.1032345626234,16.34103024909168],[121.10431095780419,16.339864537643347],[121.10477130493999,16.33946463477358],[121.1050795001288,16.339063363367725],[121.10508304041454,16.338696084767957],[121.10478192752755,16.33836279917278],[121.10413777153427,16.33809989127894],[121.10402543062426,16.33791522606468],[121.10402861842074,16.337584675491993],[121.10410752626936,16.337291536730664],[121.10448931429612,16.33714804480292],[121.10521095818932,16.33726472348017],[121.10593401854439,16.33723448824063],[121.10666061587044,16.336836971495977],[121.10738933168463,16.33621908441511],[121.10864985336279,16.335679426676066],[121.10979978877523,16.334771458195206],[121.11041508332326,16.334079080011456],[121.11085006951977,16.332356612070864],[121.111042720638,16.332101219249985],[121.11238879665795,16.33057055925567],[121.11355066015342,16.328413810493544],[121.11451492820252,16.32702664308969],[121.11540733326198,16.325198052756495],[121.11626731079332,16.322781466661286],[121.11725014991063,16.31944768756291],[121.11784348659705,16.317065442410513],[121.11881643512285,16.31476003913622],[121.11966789525529,16.31322490599215],[121.12085812963664,16.312060096991807],[121.12185468500807,16.311260871646954],[121.12319317395414,16.310501411325543],[121.12593675143417,16.309974803718],[121.1298973526737,16.30945893916705],[121.13157217042802,16.30932683651666],[121.13366499548405,16.309235146320148],[121.13766187355002,16.30890311169486],[121.13891798458998,16.30880398898741],[121.14013710317346,16.308594337643076],[121.1407511686106,16.308012035869055]]},"properties":{"ID":0,"RIVER_NAME":null}},{"type":"Feature","geometry":{"type":"LineString","coordinates":[[121.11088810587232,16.332356952734393],[121.11055459992804,16.33143568649789],[121.11045813319136,16.329598264194086],[121.11038594261315,16.329193574752374],[121.11015984538726,16.328971162496888],[121.10963193423792,16.328488927809097],[121.10952594541484,16.32764316153445],[121.10955947082768,16.324154001523432],[121.10972748612322,16.322502603825914],[121.1097370110458,16.321510947349047],[121.10951480323126,16.320884527070998],[121.1088742229117,16.320254358531756],[121.10827521040756,16.31925724936448],[121.10824282438489,16.31866926055225],[121.10840625287075,16.317495327840575],[121.10890774385454,16.316765197401523],[121.10967369987587,16.316221089518688],[121.11062594026728,16.31608268895063],[121.11302238585107,16.31606739105423],[121.11469971863076,16.315678332454617],[121.11534768972939,16.315537192638043],[121.11595938422731,16.315212070466234],[121.11668974318495,16.314410497635734],[121.11711442831057,16.31375312135843],[121.11727569032114,16.312799544542795],[121.11724643646156,16.311881000158543],[121.11698442297096,16.311437887796888],[121.11661006972338,16.310810116642905],[121.1163473563554,16.31044046014482],[121.11631494455989,16.309852469730824],[121.11677554428391,16.309415801443638],[121.11906974463486,16.308150648107247],[121.12067514285577,16.307320116465817],[121.12136496816211,16.306775281656755],[121.12228612970638,16.305901917718337],[121.12297419608926,16.30554071837073],[121.12346965438093,16.30543492593534],[121.12403907672159,16.30555017805548],[121.1246426854892,16.30606977864137],[121.12512975552204,16.306845463896487],[121.12550832548872,16.307032481374705],[121.1258886433524,16.307035856187962],[121.12642283511569,16.306856937660328],[121.12715277153468,16.306092048777366],[121.12784920789801,16.304849349690766],[121.12854144859362,16.30404738900147],[121.12888791557134,16.303609679077056],[121.12919356007035,16.303465459591752],[121.12949850682683,16.303394696617033],[121.13010665705876,16.303436811844527],[121.13078843114725,16.303736698037095],[121.13158151514031,16.304331419686132],[121.13233935788487,16.30463197413673],[121.13317570237805,16.304676098289132],[121.13374930599828,16.304350581568904],[121.13424510605643,16.304208034322404],[121.13466345181037,16.30421172865946],[121.13523079487908,16.30454732261804],[121.1357231194255,16.304772058108483],[121.13681839374016,16.305589818815545],[121.13788085298317,16.305856309441783],[121.14008670029077,16.305875743312047],[121.14172553618614,16.30552284884022],[121.14325615644384,16.30454454887435],[121.14455822714089,16.303600960988863],[121.14635538477822,16.302588244363527],[121.14753746545887,16.30226802506008],[121.14867771594864,16.302351483467383],[121.1492073955841,16.302649979660252],[121.14984772279446,16.30331676314789],[121.15007384336744,16.30353913497776],[121.1504154386249,16.3036155897975],[121.15072072610707,16.303508066462374],[121.15091536512396,16.303032254572983],[121.15095891115054,16.302444924199264],[121.15111758454837,16.3017484053244],[121.15134680614626,16.301640215117036],[121.15168977688458,16.30156975171783],[121.15218073976816,16.301941365981143],[121.15304616675348,16.302940697198455],[121.15372694989605,16.303350699782513],[121.1542974252447,16.303355684464194],[121.15502346670084,16.302994705834948],[121.15643751069928,16.30227240838147],[121.15758017414042,16.302098715475452],[121.15879752655589,16.302072595505294],[121.16001522236894,16.3020097393409],[121.16070287595154,16.301685137511697],[121.16147241556264,16.30073679908374],[121.16235330136648,16.300083282851205],[121.16334348299713,16.29994496307874],[121.16418153883347,16.299805316925486],[121.16505659917058,16.299776185343298],[121.16574013606888,16.299892316617086],[121.16691398162455,16.30045348684625],[121.16770444556123,16.301341917271763],[121.1681118671298,16.302520882685066],[121.16844459441822,16.303552271009448],[121.16907782809182,16.304990318807445],[121.16979327725628,16.305767896595686],[121.17039702181832,16.306287378838558],[121.17100281564268,16.306586483534815],[121.171529477714,16.3072154924954],[121.17231794341198,16.308324286235212],[121.17413229484109,16.30955214641965],[121.1760668931677,16.31011984867092],[121.17818963396593,16.310909551818877],[121.17913368404925,16.311652342491495],[121.1804519725931,16.313059538726407],[121.18127006472615,16.315086872055154],[121.18182769377955,16.316487508496884],[121.18258160893373,16.317228649494854],[121.18435909111167,16.31834591934095],[121.18670881857119,16.31928442987528],[121.18776941577282,16.319771061334208],[121.18863713605,16.320549893345497],[121.18999460116534,16.32184717907584],[121.19094010008703,16.322443007157823],[121.19264734310363,16.322935158519932],[121.19552934714014,16.323914869623206],[121.1989415454099,16.325156198823276],[121.2014772584593,16.32657367139915],[121.20374372937697,16.32831941978828],[121.20789540745896,16.331917813465978]]},"properties":{"ID":0,"RIVER_NAME":null}},{"type":"Feature","geometry":{"type":"LineString","coordinates":[[121.17913368404925,16.311652342491495],[121.17889868807904,16.31238496459114],[121.17896082982303,16.31389152987611],[121.17921688031204,16.314995710764308],[121.17980573701473,16.31713126905234],[121.18017182530212,16.318677187223926],[121.18034808009911,16.320184736204645],[121.18063980190745,16.321546350775332],[121.18138728047221,16.32298535790234],[121.18274199414452,16.324576523144522],[121.18493624838727,16.325881044969943],[121.18803970037493,16.32759741428186],[121.18973920319503,16.32893437487657],[121.19132326563354,16.33041726435612],[121.19203619149538,16.33148862074204],[121.19270771131875,16.33292694655456],[121.19287933879569,16.33494870994244],[121.1931310960655,16.336530368618686],[121.19392114156214,16.337492183969484],[121.19467484169006,16.338270022741572],[121.1956211049283,16.33879237880992],[121.19672189012196,16.33905892408727],[121.19896554891012,16.339151565461513],[121.20272542522123,16.339844836299125],[121.20408982420274,16.340407453507588],[121.20617028883977,16.341710812189454]]},"properties":{"ID":0,"RIVER_NAME":null}},{"type":"Feature","geometry":{"type":"LineString","coordinates":[[121.18253630173417,16.47871691553269],[121.18221640524035,16.47829755969136],[121.18091213628864,16.47695317975588],[121.17966369073935,16.47656740570862],[121.17906397477176,16.476062296630367],[121.17876528590807,16.47568477867417],[121.17872873388437,16.474976280029743],[121.17939768837793,16.472690926145475],[121.1803703640219,16.47024157723278],[121.18080710892899,16.469703821939387],[121.18219512143816,16.469007695369324],[121.18319033569591,16.46876638652332],[121.1840972702998,16.468732596175148],[121.18453128665698,16.46848641286194],[121.18488206689743,16.467906244395888],[121.18532654827739,16.466535388196572],[121.1855921483621,16.465829506219016],[121.18698631463842,16.464466870769115],[121.18816191372507,16.463393938839527],[121.18970326461339,16.462449134299067],[121.19083682871883,16.46125084749235],[121.1921018105851,16.459845397385912],[121.19276012302011,16.458684653389074],[121.19354792699973,16.457525023039437],[121.19419966778501,16.457072402966332],[121.19493889472652,16.456495560104745],[121.19563418062478,16.456001651970894],[121.19659654548583,16.45463521990393],[121.19751919322684,16.452893517276646],[121.19892432985277,16.450322792462362],[121.19947426922958,16.449202746735157],[121.20040300549367,16.446794546972058],[121.20197725706281,16.44460016859938],[121.20428716722296,16.44220378473706],[121.20722785470478,16.43927120436048],[121.2088371069287,16.437951886158856],[121.21044252188534,16.437049105078515],[121.21135122324108,16.436806905550455],[121.21346809073478,16.436616654352385],[121.21566937900033,16.436635392234297]]},"properties":{"ID":0,"RIVER_NAME":null}},{"type":"Feature","geometry":{"type":"LineString","coordinates":[[121.18217323427959,16.478297184701503],[121.18092399928149,16.477994725788204],[121.17984628459394,16.477818724637977],[121.17868028406889,16.477850238162542],[121.176995845129,16.47791888740199],[121.17617638088657,16.477828432328693],[121.17565989252797,16.477657300188408],[121.17562803234485,16.476448951622334],[121.17638609732501,16.473872784602307],[121.17700995603967,16.4717953357898],[121.17720094131933,16.469839088387893],[121.17708078273341,16.46883825814087],[121.17653010847859,16.46770870621901],[121.17636600606221,16.466790808486877],[121.17641852421366,16.465791481788987],[121.17659898676705,16.46495989965124],[121.1764729889052,16.464583883513725],[121.17613232172569,16.464081024972852],[121.17581246071862,16.463661662567475],[121.17564251817751,16.46336857868506],[121.17551691260813,16.4629509079372],[121.17565381813117,16.462160604784607],[121.17591515900776,16.461912934821527],[121.1760528408122,16.46103932252227],[121.17619324725278,16.459874129867867],[121.17619986799393,16.459166006800665],[121.17620570955448,16.458541192287765],[121.17587400994488,16.457080285305494],[121.17545481407102,16.45574358925584],[121.1752475552163,16.454825315307524],[121.17530006924247,16.45382598806058],[121.17548441428457,16.452577862273397],[121.17676305270443,16.449714607092545],[121.17754740332343,16.448929931207065],[121.1794798723132,16.447696990608126],[121.18017438151307,16.44728644305295],[121.18090972310065,16.447126194195697],[121.18233452462366,16.447096895542423],[121.1839782470572,16.446736220704025],[121.18536569103973,16.44608170876953],[121.18675622124042,16.445093949881265],[121.18762838879658,16.444143358142313],[121.18837492217061,16.44277509659218],[121.18890717468074,16.441238348650362],[121.18962558086326,16.438245174642628],[121.19013584080807,16.436749889176905],[121.19128157633548,16.43421863026467],[121.19242188499628,16.432270528520416],[121.19342383111443,16.431279363807057],[121.19446469446294,16.430746767813748],[121.19728013489457,16.429687863675394],[121.20052906981755,16.428424345361442],[121.20282652885871,16.427360918167906],[121.20592395450113,16.426137670095496],[121.20800403589705,16.425238956265247],[121.20939087433929,16.42462591609396],[121.21215805209434,16.424107945137955],[121.2136311911935,16.423495610015618],[121.21519482345856,16.422425788823798],[121.21671907869496,16.42093903372693]]},"properties":{"ID":0,"RIVER_NAME":null}},{"type":"Feature","geometry":{"type":"LineString","coordinates":[[121.17561711189921,16.477615269648002],[121.17488438155145,16.477483908144887],[121.17471482088155,16.477149168613124],[121.17446438337133,16.476230517242946],[121.17412331429398,16.475769308625438],[121.17343922866154,16.475055161013252],[121.17279402172149,16.474799584215283],[121.17206286759479,16.47450159747497],[121.17146005280496,16.47432970216029],[121.17094592443578,16.473908634958466],[121.17030854637646,16.472819969028816],[121.1701052134511,16.471485150937596],[121.17020562839029,16.469986357489837],[121.17008433316646,16.469110489188967],[121.16957491381177,16.468189570792493],[121.16845997031287,16.46738832862461],[121.16665552326945,16.466456073439197],[121.16558102721118,16.46594677411478],[121.164940958165,16.465149674792787],[121.16434876685933,16.463853104311],[121.16386842184605,16.462140938882968],[121.1637600971308,16.459890487543486],[121.16417015544395,16.45760292151181],[121.16495928815361,16.456318453071134],[121.16692131143867,16.45425275160259],[121.16914306351765,16.45210598161485],[121.16981758756204,16.451528667059865],[121.1703492315259,16.450075292918786],[121.17149530885946,16.447544178780685],[121.17299250708434,16.44439125005335],[121.17414629916992,16.441027026912735],[121.1747951224109,16.438574869150617],[121.17567003344348,16.437332748935024],[121.17836975657343,16.434815087450378],[121.17893434718829,16.43444506916549],[121.17958486988672,16.43411745272783]]},"properties":{"ID":0,"RIVER_NAME":null}},{"type":"Feature","geometry":{"type":"LineString","coordinates":[[121.17832698370569,16.43477305818428],[121.17820177243152,16.434313734792067],[121.17764339734259,16.434017280104054],[121.17695320921733,16.433969625388116],[121.17617553320395,16.434046181153278],[121.17522326763877,16.43432950413173]]},"properties":{"ID":0,"RIVER_NAME":null}},{"type":"Feature","geometry":{"type":"LineString","coordinates":[[121.20735418876899,16.507675119273884],[121.20557850735078,16.50824309066642],[121.20475389231544,16.508694245863197],[121.20419026712621,16.508939350593874],[121.20380166263924,16.508936010129688],[121.20354490202145,16.508683854347385],[121.20281857211086,16.507844447411024],[121.2023058270511,16.50725682423433],[121.20157719644881,16.50666734212012],[121.20093107219596,16.5064951481936],[121.19976411899073,16.50661007186782],[121.19916001758924,16.506563208547504],[121.19799808145922,16.506136612168966],[121.19700615747342,16.506003082196337],[121.1961846269437,16.506120966009572],[121.19505660098052,16.50669443609717],[121.19419188954475,16.50681193869102],[121.19341740208081,16.506513639131594],[121.19204269321503,16.50575190848797],[121.19131449005661,16.505120739651353],[121.1910631753831,16.504285408034107],[121.19046993605043,16.503072195755887],[121.18982887590458,16.502358461807066],[121.18901356411816,16.501809847705537],[121.18724605225195,16.50150292136274],[121.18655639763037,16.50137196575671]]},"properties":{"ID":0,"RIVER_NAME":null}},{"type":"Feature","geometry":{"type":"LineString","coordinates":[[121.20726744861271,16.507716033197195],[121.20623655404239,16.5071239723664],[121.2051223860302,16.506197927053016],[121.20452328212211,16.50560956724252],[121.20306833055997,16.50418068761684],[121.20225258384805,16.503673775562394],[121.20126143756585,16.503456957311336],[121.20010066970505,16.502905409844757],[121.19954553936678,16.502234100555963],[121.19946882425724,16.501191989948616],[121.19947422137592,16.50060882453858],[121.19930460036862,16.50027409944795],[121.19879265563331,16.49960316093368],[121.1982340668383,16.49930674120131],[121.1970714030197,16.49896345312337],[121.19534707236272,16.49865696890898],[121.19426999736531,16.49839772065308],[121.19375498230566,16.498060008313615],[121.19319872742649,16.497513649024604],[121.19306997456685,16.497429220480193]]},"properties":{"ID":0,"RIVER_NAME":null}},{"type":"Feature","geometry":{"type":"LineString","coordinates":[[121.20456607513832,16.50565159298948],[121.20357299153983,16.505643058248587],[121.20254019569587,16.505259254886052],[121.20177147470969,16.504336164940042],[121.20121787537327,16.503498240401065]]},"properties":{"ID":0,"RIVER_NAME":null}},{"type":"Feature","geometry":{"type":"LineString","coordinates":[[121.20545076416313,16.503367996961305],[121.20630086153587,16.504833328561375],[121.2066401356768,16.505502770167585],[121.20792279713592,16.506888492290187]]},"properties":{"ID":0,"RIVER_NAME":null}},{"type":"Feature","geometry":{"type":"LineString","coordinates":[[121.19860654946316,16.542967434365536],[121.19862240458728,16.541259600341146],[121.19884954338639,16.5400534846456],[121.19920546000729,16.538931795781895],[121.19921087096694,16.53834863255946],[121.19921396284602,16.53801539641697],[121.19900461053457,16.537305405615808],[121.19831907237673,16.536716276413554],[121.19711571540209,16.536081013345196],[121.19530430596615,16.535815405347876],[121.19400994785434,16.53567923167839],[121.1928490219633,16.53512762851773],[121.19156088036621,16.53432497053354],[121.19044548357257,16.533523803669077],[121.1899327196159,16.532936148464124],[121.18937910626205,16.532098191691766],[121.18925810314535,16.531180672660877],[121.18917872960726,16.5304301455647],[121.18892312990359,16.530053008414278],[121.1883236254769,16.529506255260266],[121.18669280487627,16.52840899348813],[121.184657225986,16.52672499405969]]},"properties":{"ID":0,"RIVER_NAME":null}},{"type":"Feature","geometry":{"type":"LineString","coordinates":[[121.17506800614683,16.536139266170682],[121.17367476478842,16.537335137896903],[121.1725480629324,16.5377418444298],[121.17168281517561,16.537900892189214],[121.17051841981132,16.537724054512402],[121.16922997637863,16.536962920063594],[121.16713482340104,16.53473668939848],[121.16512765779206,16.532344586504877],[121.16396921345931,16.531542910198723],[121.16293835501851,16.530950637317776],[121.16198953020375,16.530817311115918],[121.16030621741001,16.53071916419466],[121.15970443200962,16.530422258454216],[121.1587211207889,16.529372157611842],[121.15650453597813,16.526311624674072],[121.15518649722216,16.524133813801402],[121.15293813740512,16.52215605369148],[121.15126125343336,16.521391386229404],[121.14975115217756,16.5212530386777],[121.14884199748728,16.521494921609396],[121.14792728185301,16.52231994775615],[121.14601862248605,16.523219458498126],[121.14485077275926,16.523417368317222],[121.14295005472023,16.5234837830628]]},"properties":{"ID":0,"RIVER_NAME":null}},{"type":"Feature","geometry":{"type":"LineString","coordinates":[[121.15121767730696,16.52143265735466],[121.15070903495511,16.52042838559608],[121.1501088836697,16.51996484281225],[121.14920648019216,16.519498619757318],[121.14640300682008,16.51914049728484]]},"properties":{"ID":0,"RIVER_NAME":null}},{"type":"Feature","geometry":{"type":"LineString","coordinates":[[121.16706965542248,16.534777774145862],[121.16581695154015,16.534808422512523],[121.16529875433476,16.53480386635011],[121.16413241729276,16.53483526400199],[121.16296253292919,16.535241538289625],[121.16061722529366,16.536637216450416],[121.15931974914368,16.536834058114895],[121.15776554283205,16.5367786821861],[121.15483699688734,16.53591966080895],[121.15233951630049,16.53514773237794],[121.15036263124063,16.534130450037523],[121.14903072319267,16.533410471454122],[121.14743655285868,16.53302141184428],[121.145690854864,16.532672650931254],[121.14384039531429,16.53198968976706],[121.14281120053028,16.531230710466875],[121.1416156660163,16.529803737501226],[121.13976804403833,16.52882917207811],[121.1376201729105,16.527643629586613],[121.135901336388,16.52675349581717],[121.13499694416683,16.52649547717137],[121.13248887228278,16.526847961909155],[121.13142614093937,16.527338329554556],[121.1299463697125,16.52853311607185],[121.12937498816287,16.52956940848822],[121.12863689639269,16.529979356363942],[121.1283354315265,16.529893339900394],[121.12656822241216,16.52954423155261],[121.12398018285172,16.52922938833345],[121.12260403413511,16.528633824200895],[121.12020446389752,16.52669603395937],[121.11763868182906,16.52409022082913],[121.11645649521687,16.523538026164342],[121.11447873437318,16.522645391711833],[121.11271526933957,16.521921302183276],[121.11147117826503,16.5210769288509],[121.10983606080764,16.52047894655107],[121.10919486808295,16.519806642849222],[121.10760416501954,16.5190840784896],[121.10614097907742,16.518570940015692],[121.10480367950247,16.518433839023427],[121.10286026573154,16.518457848020425],[121.09991968988201,16.518889327422546],[121.09775875554783,16.519077932594357],[121.09561900024053,16.51930836398817],[121.09372039850679,16.51916607221881],[121.09229757482834,16.51894479907003],[121.09096315679255,16.518516045891634]]},"properties":{"ID":0,"RIVER_NAME":null}},{"type":"Feature","geometry":{"type":"LineString","coordinates":[[121.19853542294571,16.578500889287575],[121.19758206077294,16.578825897784615],[121.19701627545588,16.579279232142472],[121.19623645904711,16.579522421787438],[121.19528619575281,16.57951418474903],[121.19472584219692,16.57938435262162],[121.19416548954355,16.579254519057226],[121.19360474908935,16.579166338281222],[121.19256576808488,16.579407264496183],[121.19161122670437,16.579857206712838],[121.19057301922699,16.5800148140423],[121.18940678776983,16.580004672331466],[121.18776971607909,16.579532192787536],[121.18721210023418,16.579110762364827],[121.18708603067248,16.57873474711797],[121.18709110181929,16.578193244110118],[121.1870953926418,16.577735049234175],[121.18701095670413,16.577526026482452],[121.1868833278455,16.57731662751089],[121.18645217746784,16.577229556887346],[121.1857143825191,16.577598045086344],[121.1849333917825,16.577966153760258],[121.18450146003343,16.577962387084007],[121.18411467511986,16.577750726254763],[121.18321387433545,16.57707634786382],[121.18278585472689,16.576656037975376],[121.1821823284139,16.57652579663248],[121.18166440618327,16.57647961608776],[121.18131651635802,16.576726521363558],[121.18135540505912,16.577185092162644],[121.18165462569621,16.577520965026363],[121.18216785712268,16.578066993460595],[121.18216277224984,16.57860849499186],[121.18181331391602,16.57902201655053],[121.18142339992627,16.57914358237886],[121.18090507970243,16.579139053210916],[121.18056109900506,16.578969417354156],[121.18034709026601,16.578759259884308],[121.18030663787677,16.57846730485048],[121.18035609551949,16.577801219676807],[121.18053904583316,16.576719727690374],[121.18058811016684,16.576095296168255],[121.18041964558168,16.575635592899552],[121.1797772395932,16.575046774392334],[121.17930329822974,16.574917658211742],[121.17861143688343,16.57499492128318],[121.17746409506367,16.575276481698378],[121.17672982441212,16.575270052489543],[121.17621347763797,16.57505724347595],[121.17548352576172,16.574592617891792],[121.17407507284508,16.572789009095956],[121.17334709931656,16.572116108360266],[121.17291714827982,16.57190405007851],[121.17265799906585,16.571901776032266],[121.17226691663387,16.57214828691211],[121.17156798598084,16.572975294638535],[121.17083136577442,16.57321876783706],[121.16927646236569,16.57320510210605],[121.16741921854909,16.57318876395099],[121.16547993411596,16.572713458603108],[121.16418932165882,16.57216054195786],[121.16320342620642,16.571360363866756],[121.16226112526167,16.570518909497395],[121.16140323713088,16.569886481840218],[121.16054258578039,16.56954562563679],[121.15954959546758,16.569495195435373],[121.1585346148583,16.569486223042546],[121.1560248004465,16.569963897919504],[121.15446834856024,16.5701167376766],[121.15343256650593,16.570024242060644],[121.15222998404123,16.56930540907593],[121.15171527578555,16.568925930292615],[121.15067990051557,16.56879176847468],[121.14951495648732,16.568656450408273],[121.14843719145769,16.568438587537326],[121.14714626788032,16.56792722593583],[121.14589575102839,16.56770781357854],[121.14535587680103,16.567703006762923],[121.14405818402581,16.567899730265793],[121.14310880411284,16.567807954680426],[121.14224540581944,16.567758598435116],[121.14130922769894,16.568091829992966],[121.14054844558001,16.568151689553417],[121.13937336030442,16.568174520110443],[121.1385111638424,16.568000189362895],[121.1377900595735,16.567527189655802],[121.13722187811346,16.567322157322856],[121.13649789495497,16.567149054837234],[121.1349440329075,16.567035170788593],[121.13221252949116,16.567210644281896],[121.13051757262096,16.56739538808189],[121.12899408462218,16.567714958593054],[121.12771631916355,16.567636825716775],[121.12644048927734,16.567358752167724],[121.12571555253353,16.567285579578105],[121.12518097211864,16.567180793071692],[121.12403722495858,16.56753706959629],[121.12289412000494,16.567826695220997],[121.12209846606387,16.567919497531005],[121.12018843215385,16.568902015055208],[121.11938986183227,16.56929470456261],[121.11866136305005,16.569588048961432],[121.1172421505379,16.56984182208792],[121.11512930548854,16.570355906992102],[121.11410840482768,16.570513288151204],[121.11286226677082,16.570735272713684],[121.11078168150398,16.57148287728724],[121.10758695135408,16.57308677963755],[121.10720557486277,16.57321661188298],[121.10634079324606,16.57330872261674],[121.10478562021683,16.573327897096572],[121.10337192030084,16.573015102026933],[121.10206645396212,16.57223673931825],[121.10072808087716,16.571291446063555],[121.09889428482735,16.56977510478037],[121.09728640927861,16.568127515675716],[121.0965031950789,16.566953998744335],[121.09534910550933,16.564844000983438],[121.09417228707036,16.561534107166437],[121.09365741457162,16.559429950297712],[121.0935125258845,16.55659603797725],[121.0933571506431,16.554828415162405],[121.09298989838338,16.553525397560087],[121.0925163833731,16.552488003618425],[121.09199236242162,16.5513168485263],[121.09116845958717,16.55077611300858],[121.09075913443176,16.550239172030462],[121.0903364749973,16.549302214038402],[121.08989720186706,16.548298454255516],[121.08904566452635,16.547057644170216],[121.08808984003075,16.545882524282376],[121.08686422537339,16.54403843636228],[121.08601338191484,16.54273097448153],[121.08528576220637,16.541191370147004],[121.08477974049309,16.539953719155818],[121.084682351769,16.53931966020754],[121.0848669179031,16.53812167426573],[121.08560913501373,16.53642893884428]]},"properties":{"ID":0,"RIVER_NAME":null}},{"type":"Feature","geometry":{"type":"LineString","coordinates":[[121.08484916093397,16.539921032126223],[121.08378548048125,16.539178125015713],[121.08244412770131,16.538565958501394],[121.08120609079675,16.537988058902567],[121.08034311593924,16.53791347027068],[121.07920081166249,16.53813622557605],[121.07798710469295,16.538591586906914],[121.07555108401935,16.540368639186553]]},"properties":{"ID":0,"RIVER_NAME":null}},{"type":"Feature","geometry":{"type":"LineString","coordinates":[[121.10715342088999,16.57324946247909],[121.10665633205562,16.574611256196345],[121.10616151688882,16.575739795665385],[121.10587042592981,16.57723675875495],[121.10594832793964,16.57987011831186],[121.10608164580005,16.582137410256056],[121.10634209894069,16.583772690013333],[121.10633035973322,16.584972271748146],[121.10590298742035,16.58626804409043],[121.1050961596305,16.587493709840736],[121.10349161902165,16.589012022357572],[121.10122788866677,16.590790900508065],[121.09906942149821,16.592404089148392],[121.09773018874661,16.593291607159994],[121.0969581620784,16.594484226727808],[121.09597649286421,16.595908194435854],[121.09531631853748,16.596268718059797],[121.09320412923265,16.596682578879996],[121.09261470374368,16.5968771197735],[121.09121831470993,16.59829725577151],[121.09009539458704,16.60001981191473],[121.08979639510034,16.60055025491101],[121.08909636731003,16.6014435795025],[121.08741983463764,16.603227675964348]]},"properties":{"ID":0,"RIVER_NAME":null}},{"type":"Feature","geometry":{"type":"LineString","coordinates":[[121.0926319817944,16.596877278256823],[121.09194151756844,16.596804295014593],[121.09073139734447,16.596859836496982],[121.08892756679933,16.59754307820337],[121.08635887054461,16.59868580551976],[121.08430948415209,16.599733310776788]]},"properties":{"ID":0,"RIVER_NAME":null}},{"type":"Feature","geometry":{"type":"LineString","coordinates":[[121.10593754189478,16.586268358652962],[121.10665470789615,16.58714132769687],[121.10726756375831,16.58807999522108],[121.1077405755261,16.58918401291007],[121.10789933554352,16.59061841869226],[121.10816176340565,16.592053767325325],[121.10883723459675,16.59365949545219],[121.10992738967008,16.595268991468764],[121.11081478126113,16.596410095160742],[121.11221923076732,16.597689189666305],[121.11338440212653,16.598699507248476],[121.1152736596324,16.59988300827909],[121.1167984661503,16.60122981722515],[121.1180602184716,16.6029741334056],[121.11894152997569,16.604748326102406],[121.12019910844737,16.60692581787833],[121.12057438981937,16.607429084537404],[121.12158512069364,16.608337993467604],[121.12233796471139,16.60911126884042],[121.12271422707249,16.6095145666888],[121.12318704623753,16.610651883447687],[121.12348351265692,16.612154180619925],[121.12391271893283,16.61422419927295],[121.12396856763534,16.615591023657625]]},"properties":{"ID":0,"RIVER_NAME":null}},{"type":"Feature","geometry":{"type":"LineString","coordinates":[[121.18024153485734,16.57850006158487],[121.17975902456152,16.578362539310362],[121.17886154785023,16.57825471178148],[121.17848270280876,16.578118093601255],[121.17776239184788,16.577545249992674],[121.17728176864756,16.577207783865507],[121.17683256330609,16.577203850171642],[121.17599698225801,16.577863046605984],[121.17516013913219,16.57865553123903],[121.17467323435754,16.578984519927875],[121.1738775373306,16.579077518020696],[121.17287545627656,16.579068724184488],[121.17162960596721,16.57925773882959],[121.17038123426055,16.579713329349378],[121.16965369775184,16.579906887058677],[121.16782167436044,16.579957419785774],[121.16687142397875,16.579949052853223],[121.16452645596827,16.57942850254093],[121.16276607959536,16.57921301800555],[121.16145396475433,16.5791014555593],[121.16041923632186,16.57889235995908],[121.1595918357367,16.5786850926337],[121.1581408777813,16.578638933171014],[121.15727575554497,16.57876457829112],[121.15597775336103,16.57898636169052],[121.15487043230617,16.57914317615968],[121.15373141632509,16.578999774324966],[121.15252552071256,16.578622494742056],[121.15104701813897,16.577842882322475],[121.1496056298938,16.576796987161732]]},"properties":{"ID":0,"RIVER_NAME":null}},{"type":"Feature","geometry":{"type":"LineString","coordinates":[[121.24803374066205,16.54525482285315],[121.24778557048862,16.54595260473136],[121.2476326193923,16.547584342201926],[121.24724292969941,16.54864753025096],[121.24668259064791,16.54947599320444],[121.24493093337348,16.55212741011141]]},"properties":{"ID":0,"RIVER_NAME":null}},{"type":"Feature","geometry":{"type":"LineString","coordinates":[[121.24664804001597,16.54947570263575],[121.24634401445948,16.548706625259424],[121.24559264508109,16.547733822182032],[121.24456729465275,16.546492094965032],[121.24343679892304,16.545416112727924],[121.2426145457757,16.544642665497893],[121.24072217021873,16.543760210112808]]},"properties":{"ID":0,"RIVER_NAME":null}},{"type":"Feature","geometry":{"type":"LineString","coordinates":[[121.26377789848203,16.57358131363212],[121.26460722455053,16.573588227349155],[121.26540199573714,16.573594849898587],[121.26612526966848,16.573867491595806],[121.26656971616586,16.574404427377033],[121.26697752172295,16.575174347822077],[121.2673156223968,16.57601034199039],[121.26771538316828,16.577680029049827]]},"properties":{"ID":0,"RIVER_NAME":null}},{"type":"Feature","geometry":{"type":"LineString","coordinates":[[121.2687443166189,16.578555096414654],[121.26872734276819,16.576588649226967],[121.26888165522995,16.574790262113158],[121.26948935022278,16.572529061393695],[121.26967492857803,16.571097531773454],[121.26962070443453,16.569430718458285],[121.26973746546707,16.56796528904869],[121.26987955194546,16.567533214909798],[121.27043599068043,16.56713790893612],[121.27112945429886,16.566877047790815],[121.27247795945469,16.56678825441881],[121.2734785464068,16.566963187214963],[121.27471656398207,16.56763999223473],[121.27567785787598,16.568347827120437],[121.27640083452752,16.568653757661373],[121.27729866155556,16.568727840620365],[121.2778869790875,16.56863272386539],[121.2782703380482,16.568269292066308],[121.27918059765584,16.566943718623108],[121.27981293196024,16.56578248215823],[121.28086020131367,16.564591340231953],[121.28183687264182,16.563566246854666],[121.28315759362069,16.562710620744006],[121.28404490892629,16.56201805357831],[121.28457058675951,16.561189194908966],[121.28482484707462,16.559791532797796],[121.28500409991626,16.55905980291462],[121.28559945987308,16.558164858802503],[121.28674618548824,16.557441083678423],[121.28785511265217,16.557083594121064],[121.28913532924115,16.556894142437653],[121.29031012253061,16.556903783428247],[121.2909338349998,16.556708933612224],[121.2913165586047,16.556412123312338],[121.29142550320782,16.555813119376175],[121.2914726836105,16.554380418455153],[121.29150757772422,16.55238104690103],[121.2917561934873,16.55161654882426],[121.29221211727588,16.550853748591063],[121.2931175012206,16.550061299677214],[121.29426444500469,16.549304150257782],[121.29551181283199,16.54891441939133],[121.29707247940743,16.548260617969394],[121.29894935798761,16.547009484329404],[121.30141533035089,16.545563164148568],[121.30278650674657,16.54484111658806],[121.30417290993438,16.54435247777234],[121.30628632650628,16.543703095369626],[121.30777346016025,16.54354852804371],[121.30891566652373,16.54332449751063],[121.31015920090063,16.543367904933863],[121.31078024323591,16.543472919847],[121.31147183803421,16.54341186446588],[121.31234053422622,16.542852320557962],[121.31345223819149,16.54216142584039],[121.31400649479212,16.541999267022202],[121.31459414329909,16.54197068845988],[121.31514608382275,16.542075131790142],[121.31541930584676,16.542443946785685],[121.31544691274135,16.543244041878058],[121.31509301245329,16.544207694994807],[121.31522745415181,16.544642045100886],[121.31548369328638,16.544977395042114],[121.31613987474766,16.545016022459905],[121.31690231204101,16.544755553264782],[121.31797570688188,16.544497589374014],[121.31915102014212,16.54444040949522],[121.32008591869759,16.544214646098133],[121.32074642646181,16.543753372548522],[121.32189208480698,16.543129360339737],[121.32393432948022,16.54271251692904],[121.32511107171753,16.542488673117795],[121.32698198846668,16.541903781915288],[121.3284190026023,16.541548693429924],[121.32928391806973,16.541422310387937],[121.33038696005993,16.541731096811592],[121.33282213570088,16.5423952197662]]},"properties":{"ID":0,"RIVER_NAME":null}},{"type":"Feature","geometry":{"type":"LineString","coordinates":[[121.33628841317488,16.540549097295084],[121.33630901626103,16.538145631635814],[121.33635613442434,16.536679561290228],[121.33660769357303,16.5355484039285],[121.3372778400509,16.533953985094158],[121.33770242073052,16.532790875604668],[121.33793925766808,16.531359642669564],[121.33837409256151,16.528996791015047],[121.33866273985191,16.527565968415217],[121.33889567961613,16.52456826718926],[121.33891893757712,16.523868555938364],[121.33913220703883,16.523170356245817],[121.33955162051221,16.52260710929365],[121.34024826504745,16.521946079932295],[121.34101143859662,16.521585532305696],[121.34139174423007,16.52155522515017],[121.34184057575888,16.52159211837447],[121.34263175462813,16.52199834132485],[121.34365937182723,16.523039678192234],[121.34441146898507,16.523978840688446],[121.34537313234101,16.524653034192443],[121.34651123092807,16.524895350793212],[121.34789230351727,16.525006270318475],[121.34851558607181,16.5248445592382],[121.34889703130345,16.524680933706282],[121.34942148170731,16.5239518528427],[121.3498796629194,16.522888960999325],[121.3504055191037,16.521993245129888],[121.35193550810219,16.52083882649636],[121.35275274071748,16.520212031544162],[121.3541728514071,16.519789957036032],[121.35700911217594,16.519412347611215],[121.35776971547874,16.51935167306395]]},"properties":{"ID":0,"RIVER_NAME":null}},{"type":"Feature","geometry":{"type":"LineString","coordinates":[[121.33629145548448,16.538178819907536],[121.33712094700027,16.53815210509818],[121.33853579623329,16.538363348128357],[121.34036496906522,16.538611206780608],[121.3405430289971,16.538627902224924]]},"properties":{"ID":0,"RIVER_NAME":null}},{"type":"Feature","geometry":{"type":"LineString","coordinates":[[121.20696742149579,16.781217844514],[121.20393350827915,16.781231441190087],[121.20239709353123,16.781097931632228],[121.20115232174328,16.780886889230217],[121.19957662150148,16.780512808302543],[121.19833034884988,16.780461874573497],[121.19537768011334,16.780676229333125],[121.19354434399705,16.78118060414128],[121.19170039316151,16.782805832855384],[121.19014805913157,16.78435353674229],[121.18967918904858,16.78559048106016],[121.18936781019242,16.78774959955462],[121.18913725823607,16.790149633830424],[121.18947720993323,16.79155382722324],[121.1930105996522,16.79586856199757],[121.1942856532366,16.797280960098224],[121.1946929106006,16.79816529143031],[121.19501137566927,16.799649359884963],[121.19485153285981,16.801169266005957],[121.19471663137594,16.80224901178603],[121.19416802310198,16.80312495359056],[121.19324423264342,16.804117701349615],[121.19203102821639,16.804947762694834],[121.19056769252934,16.805855684100525]]},"properties":{"ID":0,"RIVER_NAME":null}},{"type":"Feature","geometry":{"type":"LineString","coordinates":[[121.2283915970223,16.84157588598582],[121.22719355239407,16.840764845741237],[121.22574498786935,16.840071739030808],[121.2247915233231,16.839783252895508],[121.2233774478565,16.839851090588525],[121.22238055203441,16.8397623918122],[121.2212600743438,16.839552513264582],[121.22014147069827,16.839142471235967],[121.21923295934222,16.8384940373191],[121.21782938569264,16.837440956195763],[121.21671605127963,16.83647045692262],[121.21572593026707,16.835661161915283],[121.21349330817675,16.834360641512877],[121.21221337168483,16.833428706334956],[121.21091304075252,16.832456551907597],[121.20959081157903,16.831604303213023],[121.20806038743785,16.830790265320655],[121.20569978952419,16.82984886338966],[121.2040001168374,16.82935359535246],[121.20325306599382,16.829226958869732],[121.20217500205894,16.82893728510116],[121.20142795472199,16.82881064224593],[121.19910671626384,16.828109720374908],[121.19645638605515,16.827045575479847],[121.19492416690602,16.826431603330697],[121.19374601776406,16.825740665059907],[121.19047343012208,16.824550874124316],[121.18616521542869,16.822991587456343],[121.18401037481748,16.82229197428699],[121.18251675224734,16.821998530250795],[121.18139758932288,16.821668355871314],[121.1803646147297,16.821018666155304],[121.17958179138746,16.8202911196633],[121.17863654629042,16.819161790622587],[121.1781450590484,16.81839678726871]]},"properties":{"ID":0,"RIVER_NAME":null}},{"type":"Feature","geometry":{"type":"LineString","coordinates":[[121.14633079545463,16.89629328372759],[121.14633697559165,16.89566073321801],[121.14616958393741,16.894451514065807],[121.14518452996907,16.89133706947938],[121.14511171512885,16.88656310626251],[121.14539499929049,16.882022404521337]]},"properties":{"ID":0,"RIVER_NAME":null}},{"type":"Feature","geometry":{"type":"LineString","coordinates":[[121.14615778509328,16.895659110484928],[121.14438050324753,16.894147756660356],[121.14337747801136,16.89287345100593],[121.14100802764348,16.890839115207623],[121.1396224460469,16.88898622561643],[121.13821548643249,16.886270491847714],[121.13770050668268,16.883965429707956],[121.1378284186077,16.883103950009026],[121.13910633173137,16.88070016244325]]},"properties":{"ID":0,"RIVER_NAME":null}},{"type":"Feature","geometry":{"type":"LineString","coordinates":[[121.12468038703382,16.895923549882063],[121.12463884542436,16.894082878371492],[121.12435213726229,16.892872560782045],[121.1224687013595,16.890037353373092],[121.1221814418128,16.888884538123406],[121.12213650559623,16.887388890559585],[121.12203298021282,16.88577768749257],[121.12127531731343,16.88387294001094],[121.12069399729734,16.88225735392144]]},"properties":{"ID":0,"RIVER_NAME":null}},{"type":"Feature","geometry":{"type":"LineString","coordinates":[[121.17411784289237,16.892172238763404],[121.17365494458726,16.89061532822414],[121.17276896742743,16.88957223615838],[121.17152407319264,16.888583446951436],[121.1689696044439,16.887122863745898],[121.16647157265002,16.886007818826847],[121.16450611570748,16.885415111342933],[121.1630771059517,16.884942218272066],[121.16117529929684,16.883947480484917],[121.15998856164246,16.883131681602606],[121.15874601125287,16.881912804418512],[121.15773568594575,16.881386130209183],[121.15696482817641,16.880804095968745],[121.15631286829557,16.880280639295506],[121.15422694225232,16.879801776625047]]},"properties":{"ID":0,"RIVER_NAME":null}},{"type":"Feature","geometry":{"type":"LineString","coordinates":[[121.18650096436687,16.877789572317024],[121.18615084591,16.876923810503765],[121.18574649689779,16.87548245975792],[121.18533391390368,16.87490369820932],[121.18450106200395,16.874551256529116],[121.18378766283341,16.874199870401142],[121.18296801608116,16.87246728128489],[121.18226012884867,16.87154083189112],[121.18071777143398,16.870434443491224],[121.1787601270178,16.869036802199712],[121.17769338609865,16.868164661893445],[121.17728635750356,16.867010830105002],[121.17677533260733,16.86424577467147],[121.17691462681563,16.862176629168037]]},"properties":{"ID":0,"RIVER_NAME":null}},{"type":"Feature","geometry":{"type":"LineString","coordinates":[[121.12389109162103,16.818508853640008],[121.12405209999429,16.820350625805407],[121.12445419829488,16.821964560686286],[121.1253829166466,16.82467598031963],[121.12565373799386,16.82749641484222],[121.1255764929444,16.829278502994143],[121.12519730324847,16.831402891342545],[121.12493412588589,16.83387339353828],[121.1245284568726,16.835652480210012],[121.1237853019886,16.83834863113369],[121.12358519980782,16.840474648025456],[121.12398958480645,16.84185856806264],[121.12540399850286,16.843769298864576],[121.12563945365591,16.844116505395284],[121.12658467854014,16.845160304205056],[121.12728766269656,16.846546945640757],[121.12837031720815,16.848799689994934],[121.12924568682806,16.850878012329208],[121.12964843216645,16.852434439080316],[121.13064721792846,16.854111316540912],[121.13140658678182,16.855843519130858],[121.13134009012539,16.856533027002584],[121.13078850490362,16.85796573745424],[121.13036426180014,16.858594474413138],[121.1293422686207,16.859275268278036],[121.12802337505232,16.859780818369877],[121.12610332467335,16.8606834322423],[121.12501931958093,16.861593672402954],[121.1237516074245,16.862962298789206],[121.12188327315337,16.864670469668823],[121.12003566540294,16.86729895593563],[121.11851533189758,16.870045442725154],[121.11790445143198,16.871420051064874],[121.11764619617209,16.873372985781632],[121.11696246398975,16.876069626644973]]},"properties":{"ID":0,"RIVER_NAME":null}},{"type":"Feature","geometry":{"type":"LineString","coordinates":[[121.11833559902807,16.870101301881956],[121.11755979355601,16.870036669405447],[121.11684257033627,16.87008759026227],[121.11552357402397,16.870593048539245],[121.11342591050037,16.871321367440203]]},"properties":{"ID":0,"RIVER_NAME":null}},{"type":"Feature","geometry":{"type":"LineString","coordinates":[[121.12563888740165,16.844174009597392],[121.12826683970547,16.844140482014282],[121.12952082092376,16.844151913559795],[121.13047680063377,16.844103113811617],[121.13131165981524,16.844225735455822],[121.13202878628955,16.844174753697725],[121.13310814172404,16.84372449736506],[121.13377400957933,16.842810399041333],[121.1342618593166,16.84177966073666],[121.13474519616163,16.841208956806536],[121.1351648747205,16.841040240744036],[121.13565214862386,16.840067002315507],[121.1368683405542,16.83783516475459]]},"properties":{"ID":0,"RIVER_NAME":null}},{"type":"Feature","geometry":{"type":"LineString","coordinates":[[121.21519802767091,16.82220161003701],[121.21548876233072,16.819324634648435],[121.21561235149801,16.815514602971835],[121.2147624410955,16.81237364891473],[121.21461196029728,16.80966222301454]]},"properties":{"ID":0,"RIVER_NAME":null}},{"type":"Feature","geometry":{"type":"LineString","coordinates":[[121.26160655417715,16.814892390273865],[121.25877513867249,16.81681636376631],[121.25727341813182,16.817565872668986],[121.25586426193557,16.81780799854345],[121.25313774822465,16.817869537334403],[121.25138309238281,16.81743115450651],[121.24849395939724,16.81605147632646],[121.24568656421155,16.81534999749781],[121.24375298456731,16.815248795068673],[121.24111522622339,16.815226243004325],[121.2391769629476,16.815633110521812],[121.23661303462087,16.817135589125964],[121.23546843123738,16.817295150465334],[121.23485138214576,16.817459236366616],[121.23344692140756,16.817193094891095],[121.22986319452795,16.814875585993235],[121.22777346776233,16.812655596796468],[121.22630003260464,16.810356215516503]]},"properties":{"ID":0,"RIVER_NAME":null}},{"type":"Feature","geometry":{"type":"LineString","coordinates":[[121.2435771338848,16.815247292649474],[121.24288387483489,16.814140368518633],[121.24096983748025,16.811922002542364],[121.2404493262232,16.8111553188208],[121.23950561620923,16.808606475170116],[121.23743225542611,16.80460818441929],[121.23578995607686,16.80154518903894],[121.23554577082527,16.799425792106565],[121.23557003455485,16.796800544293152]]},"properties":{"ID":0,"RIVER_NAME":null}},{"type":"Feature","geometry":{"type":"LineString","coordinates":[[121.2586474133557,16.801909328348795],[121.25924508699957,16.8038623254358],[121.2593183307116,16.805472111845077],[121.25930828754296,16.806573035419255],[121.2586843314298,16.807499375775322],[121.25788452324973,16.808424223994567],[121.25637899920959,16.809597164155907],[121.25478475843141,16.810854031372575],[121.25310877739416,16.81143264828513],[121.25082275416703,16.81141321340304],[121.24888765174842,16.811481434586064]]},"properties":{"ID":0,"RIVER_NAME":null}},{"type":"Feature","geometry":{"type":"LineString","coordinates":[[121.26474887956549,16.77875492494696],[121.26209927526553,16.780087677473038],[121.26086082917567,16.780924155398033],[121.25980436308119,16.781084617395113],[121.25769297129827,16.781236151500075],[121.25655399999397,16.780803047036162],[121.2557697652398,16.780034169253412],[121.2550827233003,16.77824979628817],[121.25387133891186,16.776122205847024],[121.25294072317304,16.77213374594622],[121.25297012141493,16.768915661513816],[121.25360710283869,16.76654965567621],[121.25425179309103,16.76333678040778],[121.25480778360607,16.760207842684338],[121.2567778503546,16.756243928140787]]},"properties":{"ID":0,"RIVER_NAME":null}},{"type":"Feature","geometry":{"type":"LineString","coordinates":[[121.27116108613143,16.774523349884948],[121.26977724382252,16.772004801441142],[121.26950513884216,16.77098619295959],[121.26966172623254,16.769225880608655],[121.27159292994989,16.765651074062955],[121.27279759761093,16.76464484744207],[121.27513046568963,16.763309280805334],[121.27569915011763,16.762636487382935],[121.27725538695124,16.761633171280607],[121.27874372418358,16.76035825415615],[121.27945851127534,16.759076870758612],[121.28059764572046,16.757528001691522],[121.28243813637434,16.75618823345697],[121.28441984825527,16.7547818658729],[121.2863384897574,16.752561886574018],[121.28832740401893,16.750342468368835],[121.28932880340862,16.748453618481317],[121.29019680566236,16.745750588454342],[121.29085081131697,16.743384558201686]]},"properties":{"ID":0,"RIVER_NAME":null}},{"type":"Feature","geometry":{"type":"LineString","coordinates":[[121.27512985490965,16.76337703079757],[121.2752099490133,16.762293619252862],[121.27486811222987,16.76120667718816],[121.27362066059516,16.75916358236694],[121.27341336565354,16.75875531607156],[121.27320790532217,16.758143799764134],[121.27308193520382,16.756516622891205],[121.2723255392759,16.754613145111573],[121.27170367746574,16.753388343521568],[121.2709362921087,16.752704361042632],[121.26974822879271,16.751881337534552],[121.26848740779585,16.751328717131624]]},"properties":{"ID":0,"RIVER_NAME":null}},{"type":"Feature","geometry":{"type":"LineString","coordinates":[[121.23014384021612,16.74565071999765],[121.23120168102244,16.745321022159207],[121.23267890236166,16.745265926908598],[121.23598616452773,16.745023213103646],[121.23810182185018,16.744363749093576],[121.23902150916946,16.74376181304662],[121.24050867780446,16.74262267846274],[121.24137482662972,16.74019091011226],[121.24167099740666,16.73856733196574],[121.24197213356182,16.736401760930775],[121.24254704798302,16.735051570755196],[121.2429480408464,16.733496635080048],[121.24303697897504,16.731464762421503],[121.2427675394656,16.73017513744734],[121.24235624372498,16.72901981358583],[121.24236245390676,16.728342323239183],[121.2427264123274,16.72699033384654],[121.24309160598118,16.72550284499413],[121.24309284724481,16.72536734682883]]},"properties":{"ID":0,"RIVER_NAME":null}},{"type":"Feature","geometry":{"type":"LineString","coordinates":[[121.238986352269,16.74376151300757],[121.23911701544564,16.744846694153626],[121.23867457138806,16.74707880323926],[121.23830741627943,16.74876952043466],[121.2383979319853,16.75039639122165],[121.23880175751175,16.752364707816184],[121.23913153261869,16.754738916145648],[121.23865164314746,16.761035943151985],[121.23863480483388,16.762865157537576],[121.23897705521279,16.7638843918371],[121.24015257271475,16.766062560678396],[121.24014571658262,16.766807796450795],[121.23967802236861,16.767955620379727],[121.23895857665593,16.769711077130896],[121.23690108795078,16.771658346434453],[121.23533457914739,16.773745304982818],[121.23426406716187,16.775429977652806],[121.23255433889425,16.777786696314084],[121.23120435196194,16.779265688806444],[121.23090674127879,16.78102472795472],[121.23102168274016,16.783803615163375],[121.2313268715965,16.785025802580158],[121.23151904424316,16.787060062737716],[121.2317005565012,16.790246042885045],[121.2316051338581,16.7929553678431],[121.23130560995487,16.794917648262604],[121.23135899822542,16.796747453919675],[121.23173578998347,16.797834749617635],[121.23242908768194,16.79892476425472],[121.23283980148891,16.80014785726742],[121.23290135497473,16.801096936436963],[121.23260935152776,16.802246239009598],[121.23175403248321,16.8034584526118],[121.23048234074948,16.80405729833461],[121.22844072142952,16.804242984818366]]},"properties":{"ID":0,"RIVER_NAME":null}},{"type":"Feature","geometry":{"type":"LineString","coordinates":[[121.25282244198449,16.707020597902964],[121.25238707044264,16.708507522657204],[121.25194182031453,16.711078437690645],[121.2504413890693,16.71370817502241],[121.24844816694875,16.71640147547073],[121.24681755501489,16.71787824711191],[121.24505064580377,16.718879564634495],[121.24441480218574,16.71921293512307],[121.24433953752697,16.719754331064216],[121.24475517044586,16.7204354069889],[121.24502957491946,16.72118303706122],[121.24494625261828,16.722605172452614],[121.24344624483541,16.72516708947691],[121.24316315445682,16.725367944864225],[121.24295347418072,16.72523065252942],[121.24267907390056,16.724483020194363],[121.24242081552985,16.721973911702424],[121.24180855215312,16.71973280815034],[121.24139355255326,16.718983978323745],[121.24112164918054,16.717965348674763],[121.24120561510983,16.716475467643427],[121.2414973846339,16.715326126502994],[121.24298802378185,16.713780453867802],[121.24497199486656,16.71210344876252],[121.24688934200243,16.71001932890967],[121.24837000610988,16.70955759871473],[121.25069860342626,16.708628751448146],[121.25176052704893,16.707824677853953],[121.25275152462497,16.707087753341597],[121.2538849643022,16.706148761994953],[121.2547371919628,16.70520738993456],[121.25545435011503,16.70365508025508],[121.25588476199427,16.702710142682783],[121.2565242215592,16.701970231006754],[121.25765699758136,16.701098963713616],[121.25936872691865,16.69840317735431],[121.25975966149358,16.69793218163421],[121.2599094611599,16.69691711631079],[121.2598495946622,16.69576477697342],[121.26006539348046,16.69522455169509],[121.26126473096454,16.69476034967902],[121.26211012960917,16.694564187796587],[121.26310101888004,16.693827202589453],[121.2635295313528,16.693085492743347],[121.26381806053544,16.69227485191898],[121.26390181974263,16.690784940477062],[121.26469402887794,16.688691173562415],[121.26508982052236,16.68767816327218],[121.26509532299946,16.687068412111522],[121.26559410424706,16.686327284601656],[121.26616012026267,16.68592549521501],[121.2667994810382,16.68518554165514],[121.26751340283535,16.683971922301804],[121.26822182404658,16.683368051933275],[121.26906777697876,16.683104105744487],[121.26977801900003,16.682296978259036],[121.27027920640721,16.681284834866243]]},"properties":{"ID":0,"RIVER_NAME":null}},{"type":"Feature","geometry":{"type":"LineString","coordinates":[[121.28024649462743,16.672735786630383],[121.27923675164566,16.67245637713984],[121.2786734684175,16.672560105915824],[121.27788283389135,16.672932965825495],[121.27647170768596,16.67351747808635],[121.27472269739344,16.674153370039523],[121.27398730926299,16.6746350829795],[121.27183784267753,16.676026472848893],[121.27070345539512,16.67710109090636],[121.27018274184232,16.678722872838875],[121.2702243522227,16.680349351379384],[121.27032804529401,16.68132589617806],[121.27055298008455,16.681327775337813],[121.27089330602145,16.681005391805225],[121.27275972454709,16.67982847430399],[121.27445644967038,16.678758532731827],[121.27519379751553,16.678060017904045]]},"properties":{"ID":0,"RIVER_NAME":null}},{"type":"Feature","geometry":{"type":"LineString","coordinates":[[121.27275972454709,16.67982847430399],[121.2728237448347,16.67896173754337],[121.27327798833214,16.678477686228838],[121.27412634558752,16.67794271453295],[121.27519768525735,16.67762641435816]]},"properties":{"ID":0,"RIVER_NAME":null}},{"type":"Feature","geometry":{"type":"LineString","coordinates":[[121.27421352428262,16.680762073089547],[121.27312707861566,16.682758577544604],[121.27142933521195,16.68393690444061],[121.27075257181926,16.684148069363427],[121.2696191021008,16.68511427512879],[121.26859565075452,16.686352415453165],[121.26780347615734,16.68688782981341],[121.26644992106782,16.687310130772644],[121.26549000874911,16.687735721843143],[121.26515259624024,16.687732893709722]]},"properties":{"ID":0,"RIVER_NAME":null}},{"type":"Feature","geometry":{"type":"LineString","coordinates":[[121.26644943234233,16.68736433091509],[121.26628659147526,16.68671251605864],[121.26629392255188,16.68589951390994]]},"properties":{"ID":0,"RIVER_NAME":null}},{"type":"Feature","geometry":{"type":"LineString","coordinates":[[121.2696191021008,16.68511427512879],[121.2694058703137,16.68381158872437],[121.26918727460735,16.683105104909014]]},"properties":{"ID":0,"RIVER_NAME":null}},{"type":"Feature","geometry":{"type":"LineString","coordinates":[[121.27137310072277,16.683936434840287],[121.27079759571083,16.685395145602094],[121.27004849805715,16.68739444615236],[121.26913945924365,16.6884167273273],[121.26766365456952,16.689922098110127],[121.26658001589969,16.69159335453661],[121.26493349782534,16.693314087970762],[121.26430754761965,16.69412190000761],[121.26384785593447,16.695202125657534],[121.26378378264371,16.696068854047287],[121.26400530606249,16.69645014211018],[121.26467624521794,16.69688940477579],[121.26607632807143,16.697551595507026],[121.26955334327903,16.698664797660268],[121.27101018539544,16.69927322796067],[121.27204280604413,16.700149126483183],[121.27276660616813,16.700968237307713],[121.27343465980188,16.701732676316873],[121.27410564085311,16.7021719119052]]},"properties":{"ID":0,"RIVER_NAME":null}},{"type":"Feature","geometry":{"type":"LineString","coordinates":[[121.26374692521556,16.690810742924363],[121.26210970326787,16.691501652312144],[121.25996290651379,16.69256769131645],[121.25888458937457,16.693642700508747],[121.25757836243531,16.69504100743929],[121.25547199354793,16.69784186003524],[121.25518834201837,16.698110487104536],[121.25388846110594,16.69880416838096],[121.25185105933511,16.700196257972287],[121.25071444056871,16.701487538549483],[121.24945890547563,16.70348245354078],[121.24888267236962,16.704995279064796],[121.24785007646815,16.70720888297583],[121.24744352951978,16.708614732724573],[121.24692449286897,16.710019627018845]]},"properties":{"ID":0,"RIVER_NAME":null}},{"type":"Feature","geometry":{"type":"LineString","coordinates":[[121.2473872885294,16.708614255927085],[121.24823733227264,16.70791681270957],[121.25016088158901,16.706686416701334],[121.25196649964528,16.706051245309272],[121.25287374278705,16.70524585636425],[121.25373015961047,16.703843791143303],[121.25504189493404,16.701849320850698],[121.25555936944762,16.7006069966963],[121.25596337538197,16.699472121621795],[121.25687204496735,16.698504110713184],[121.25902039871852,16.697275512608527],[121.25998184467247,16.696687358044308],[121.2607148997488,16.696476706715497],[121.26145285749239,16.69572405310191],[121.26185240428471,16.69507696149625],[121.26196978142154,16.694535906722763]]},"properties":{"ID":0,"RIVER_NAME":null}},{"type":"Feature","geometry":{"type":"LineString","coordinates":[[121.24105862362242,16.71793771042709],[121.24026375819399,16.718743994245973],[121.23991585440035,16.71987930314352],[121.23996066209939,16.721126363900936],[121.24034293836993,16.722376299456442],[121.24033249705923,16.72351448262942],[121.23952267827772,16.725946735665236],[121.23877953643691,16.727241281057516],[121.23827132911838,16.727453759920984],[121.23709015861226,16.72744368056876],[121.23551676199195,16.727267633832636],[121.23439134142629,16.72731221870874],[121.23247248149175,16.728000446862595],[121.2312853121484,16.728640720899705],[121.23043211304724,16.72966327166785],[121.2300821248599,16.731015350854523],[121.23011535420386,16.733508980113847],[121.22975584287899,16.73589083504936]]},"properties":{"ID":0,"RIVER_NAME":null}},{"type":"Feature","geometry":{"type":"LineString","coordinates":[[121.25088530718243,16.657963255396144],[121.24959013280306,16.658169138143233],[121.24879902231436,16.658596087553715],[121.24811691047535,16.659403382402132],[121.24804589202775,16.661028899696614],[121.24853665376432,16.66271336933688],[121.24824269501654,16.664120186287228],[121.24794823770584,16.66558120195163],[121.24748854231585,16.666661391859055],[121.24709148651814,16.66703745999395],[121.24556836917179,16.667566606028952],[121.24421145960481,16.668368167730485],[121.24273713221272,16.669710760974688],[121.24204901181517,16.671168423127476],[121.24163955522307,16.672899466333664],[121.24161825716843,16.675230044489822],[121.24191415538046,16.676696056464316],[121.2425735838735,16.678381968806505],[121.24261644595288,16.679845832429958],[121.24226419152103,16.68146895262057],[121.24140682096309,16.68297937363806],[121.24100128914718,16.68427681540024],[121.24115115019784,16.686337826873842],[121.24119300526682,16.687910087675334],[121.24109774322748,16.68910175761283],[121.24057872909637,16.690506639093382],[121.24050810499892,16.692077942646797],[121.24055193611402,16.693433404932627],[121.24048974485885,16.694083318953773],[121.2393525998262,16.695428733294047],[121.23923764278946,16.695698772565283]]},"properties":{"ID":0,"RIVER_NAME":null}},{"type":"Feature","geometry":{"type":"LineString","coordinates":[[121.24709099297208,16.66709165968178],[121.2475861972427,16.668288334070628],[121.24863581160191,16.670356957790105],[121.24890709774368,16.67144332905204],[121.24922672679476,16.67339737096157],[121.24943932221572,16.674754265156857],[121.25021817881823,16.67568231353252],[121.25160081403541,16.67824157597164],[121.25186867577887,16.679707343531234],[121.25203047792522,16.680467564516704],[121.25286264731345,16.681721279276836],[121.25375302940323,16.682758666750548],[121.25402927659914,16.683303036424856],[121.25412747341724,16.684875779299457],[121.25395384890432,16.685416354207238]]},"properties":{"ID":0,"RIVER_NAME":null}},{"type":"Feature","geometry":{"type":"LineString","coordinates":[[121.24237997771239,16.653392394743012],[121.24131566668011,16.652949739213252],[121.23940353825986,16.652987715000148],[121.23568379213765,16.653931761140047],[121.23483843624044,16.654141380052955],[121.23376967063525,16.654186481381686],[121.23258696412697,16.654393216547465],[121.23168338938694,16.654819139948057],[121.23128334687178,16.65552037329919],[121.23138634212296,16.65655111911054],[121.23165751709675,16.657637503206637],[121.23159432479358,16.65839581348722],[121.23130921390592,16.658827008971805],[121.23096936912289,16.65909512626819],[121.22983339130877,16.660332107580103],[121.22864466196009,16.661189206299262],[121.22751214910359,16.662046778027666],[121.22688467114435,16.66301707128851],[121.22669702090239,16.66507519395971],[121.22695719337403,16.667353962160025],[121.2273895503648,16.669254779988318],[121.22759699630967,16.67115367296852],[121.22814531787192,16.672676058622443],[121.22908576302706,16.674364406924887],[121.2300558349465,16.67589039515251],[121.23088035863137,16.67795717067075],[121.23158296541848,16.681052767751893],[121.23218807092367,16.682521428235017],[121.23251401074052,16.68377089031302],[121.2327175232304,16.686103375326123]]},"properties":{"ID":0,"RIVER_NAME":null}},{"type":"Feature","geometry":{"type":"LineString","coordinates":[[121.23391023230988,16.654187678810064],[121.23234539042795,16.65314447497148],[121.23094625231757,16.652427895756208],[121.22881771046042,16.651542468200894],[121.22831468683597,16.65121294993353],[121.2281500028954,16.65077791496943],[121.22843959096556,16.649858929976187],[121.22864384505543,16.649047622387716],[121.22853389000926,16.648775665687975],[121.22769901926706,16.64784707339526],[121.22630143442153,16.646967870267396],[121.22490336376667,16.646142858019477],[121.22378241917633,16.645753837799983],[121.22350580519043,16.645263638322348],[121.22322869296565,16.644827637693695],[121.2230147976964,16.643633331008047],[121.22308700401743,16.641899441068375],[121.22281389332656,16.641029847417318],[121.22316020627616,16.640057152449238],[121.22378961191079,16.638870066428595],[121.22391003832001,16.638003842408317],[121.22374736959873,16.637352008829563],[121.22347126478611,16.636807610945322],[121.22296828750787,16.636478083841567],[121.22178968402044,16.636251174209317],[121.2205558650584,16.63591537794434],[121.21933005662116,16.63471239011185],[121.21758070711347,16.632366631484434],[121.21663402255776,16.631382840700685],[121.21512367175083,16.630556810280005],[121.21367406735976,16.629243463698554],[121.21289054631004,16.628857297760337],[121.21126126920339,16.628734859561874],[121.20962948117416,16.628883402695447],[121.20901260833075,16.628715472463096],[121.20711685879823,16.62701881413951],[121.20471722105485,16.625100973028953],[121.20387550486076,16.62493108479168],[121.2029715199608,16.625411090060215],[121.2025152353934,16.626111779045935],[121.2020599572009,16.626704069519796],[121.20126839143526,16.627185039648726],[121.20025549646057,16.62728466759338],[121.1991326981874,16.627112322882983],[121.19761639320272,16.626936556551684],[121.19629735298919,16.626708290391118],[121.19551641710575,16.62605107125685],[121.19524344953727,16.625181454319886],[121.19476336535294,16.622412939524217],[121.19356316535725,16.618499904286114],[121.19357837584593,16.616873953389494],[121.19358344563055,16.616331969697814],[121.19404530858783,16.615035118345787],[121.19502319899256,16.612658692317886],[121.1952842519796,16.611793714475482],[121.19547060467112,16.60989823310972],[121.19526449395912,16.607890937543118],[121.19415903506602,16.605875830155167],[121.19305055731736,16.604185909291672],[121.19193297203448,16.603471555191966],[121.18952209576663,16.602800139343067],[121.18721908039822,16.60261746166356],[121.18446589834633,16.60248503055833],[121.18171017468457,16.602623553767494],[121.17985684139707,16.602444727863958],[121.17794883814648,16.602102799223562],[121.17682314941294,16.6022555375169],[121.17467957764755,16.603049763179452],[121.17341182613076,16.603363841774616],[121.1717255870425,16.60334901833181],[121.17088246814419,16.60334160148763],[121.17021156500476,16.602956281419225],[121.16914875133237,16.60240490157788],[121.16780490720784,16.60185104027181],[121.16533795716376,16.60117885866876],[121.16444018761005,16.601008327923356],[121.16146070221085,16.601036203166792],[121.15837035586527,16.600900447705705]]},"properties":{"ID":0,"RIVER_NAME":null}},{"type":"Feature","geometry":{"type":"LineString","coordinates":[[121.1935839525986,16.616277771327006],[121.1929686592807,16.615947203453274],[121.19201558792172,16.615667897303872],[121.19050700063566,16.614679113981488],[121.18921971860881,16.61407166865202],[121.18748834860953,16.612864113365767],[121.18553724849448,16.611112600827333],[121.18375124768303,16.609741933800056],[121.18290911473271,16.609626166792822],[121.17970616242101,16.60948973066163],[121.17610821613076,16.609512386279704],[121.1753790235239,16.609343378062913],[121.17375713679817,16.608461894395482],[121.1724106727909,16.608179046575327],[121.17156855825712,16.608063234918433],[121.17049955542264,16.60816223171031],[121.16909021483927,16.60858343801991],[121.16830122846272,16.60879329423164],[121.16728843108366,16.608892769341075],[121.16521074284267,16.608657627753654],[121.16403343842266,16.608322017897187],[121.16252043094983,16.607820827822128],[121.16078827187464,16.606721466258687],[121.15832904245634,16.605236237485062],[121.15609002927933,16.604240753307984],[121.15395983230736,16.60362562618618],[121.15098758003555,16.602894586892514],[121.14759536147966,16.60199716034701]]},"properties":{"ID":0,"RIVER_NAME":null}},{"type":"Feature","geometry":{"type":"LineString","coordinates":[[121.16827209610464,16.60890144180671],[121.16804263324552,16.609387238666567],[121.16691278545628,16.609973498967527],[121.16460509936817,16.610278342121653],[121.1626893306172,16.61074923062743],[121.16189929942294,16.61106745578287],[121.16133410567689,16.61138766732384],[121.15979681770669,16.613433732392455],[121.15874245705403,16.614942044530185],[121.15737839993639,16.616501804651143],[121.15590603765486,16.617626977550646],[121.15387309453953,16.618584551294983],[121.15246209547993,16.619168224446803],[121.15071796923081,16.619315307966286],[121.1477949520235,16.61928926208955],[121.14579683128638,16.619542441682846],[121.14331621605051,16.620279102186576],[121.14071428707885,16.621936069119673],[121.13890974492907,16.622516120102542],[121.13490819114907,16.62356424464479],[121.13023467295774,16.624335232414694],[121.1248928934159,16.624449665692534],[121.122365437913,16.624210022527603],[121.11942801622327,16.62277421804496]]},"properties":{"ID":0,"RIVER_NAME":null}},{"type":"Feature","geometry":{"type":"LineString","coordinates":[[121.21932955628986,16.634766589153603],[121.21913270126097,16.63172951317216],[121.21903127255936,16.630536169353935],[121.21905328313449,16.628151410654095],[121.21930115395887,16.62566018177994],[121.22022959393554,16.622524344445694],[121.22114451627935,16.62085187677899],[121.22200470481657,16.619016324495128],[121.22235596008409,16.61750163330371],[121.22248036046493,16.616201813914348]]},"properties":{"ID":0,"RIVER_NAME":null}},{"type":"Feature","geometry":{"type":"LineString","coordinates":[[121.21897455493935,16.63058988607866],[121.21852731840758,16.63031503168998],[121.21780400350977,16.629495773217837],[121.21730456014076,16.628786841847354],[121.2169280696962,16.62694069609003],[121.21627601600424,16.624495946618122],[121.2154473151119,16.62291693092364],[121.21378944960271,16.619813091824692]]},"properties":{"ID":0,"RIVER_NAME":null}},{"type":"Feature","geometry":{"type":"LineString","coordinates":[[121.2232335158371,16.64491440441902],[121.22178784275339,16.645595818779437],[121.22078753329933,16.646758032215928],[121.2195491031705,16.649349161962334],[121.2183660392716,16.650813329299403],[121.21650426030034,16.652705276577233],[121.21583600427608,16.65443402834421],[121.21582476033635,16.655648082188065],[121.21608821361549,16.656344149805022],[121.21644403739816,16.656780836840518],[121.21702757236595,16.656915944387045],[121.21801312049851,16.657358044585163],[121.21854847040633,16.657839634372298],[121.21881153508153,16.658579058748188],[121.21862399374827,16.659401335725747],[121.21807901150967,16.65996036418645],[121.21739868228842,16.66056158934659],[121.21712438171039,16.661036217649677],[121.21712157166435,16.661339731145482],[121.21747660328971,16.661863135477557],[121.21796658054299,16.66238769981965],[121.21926261675549,16.663309454455934],[121.2197076209459,16.663833628873537],[121.21990081790464,16.664832627683097],[121.21966829018852,16.665654518533064],[121.21926024305948,16.6659979123765],[121.21840036607256,16.66655423315981],[121.21726938554474,16.667238304816912],[121.21595123349552,16.668701282337],[121.21576125410473,16.669783707848783],[121.21597612066455,16.67086962011584],[121.21637614718858,16.671393414708973],[121.2164845870672,16.671827973182154],[121.2166106970396,16.672783033426835],[121.21637010388262,16.674472097688312],[121.21639941161942,16.676163485906415],[121.21670626432315,16.67703337778614],[121.21737540920222,16.677646213939347],[121.21836065797683,16.678131680993786],[121.21889565978304,16.678656633663692],[121.21911416219,16.679352313084973],[121.21910934470903,16.679872621576592],[121.21892418355596,16.680434741144925],[121.21869242918339,16.681169909453363],[121.21873098940739,16.681864040903392],[121.21950619843959,16.683171584404025],[121.22075337431474,16.68452654576865],[121.22208572984829,16.686402583040344],[121.22292565342599,16.68801421051327],[121.22372420828326,16.68923521754783],[121.22533055504964,16.6906799646721],[121.22685094952939,16.69169033865363],[121.22823719426522,16.69261282877177],[121.22937681326421,16.693446474850052],[121.2296865423135,16.694012839784246],[121.22985731163075,16.695011641923966],[121.22970836242368,16.69652805984385],[121.22915050407809,16.698474603044495],[121.22926668952643,16.700513640846836],[121.22983638117165,16.702166297417815],[121.23036428630567,16.70347169442149],[121.23099429142955,16.705905392501055],[121.23107508788355,16.706903424239268],[121.23060838572997,16.70872066036594],[121.230447429845,16.71153785179818],[121.2303181572373,16.713357973843667],[121.2304721452653,16.716177860364407],[121.23009539508327,16.717995861731744],[121.22894611634423,16.720631128813572],[121.22744084380123,16.722829706694586]]},"properties":{"ID":0,"RIVER_NAME":null}},{"type":"Feature","geometry":{"type":"LineString","coordinates":[[121.21964579915516,16.665654325277483],[121.2200831920311,16.66700232263252],[121.22083546920582,16.668353023939055],[121.22185565168174,16.669922836019406],[121.22323571811842,16.671495731686118],[121.22452863937401,16.67276433449537],[121.22586176423145,16.674553626748157],[121.22643696764918,16.67559925724804],[121.22669048862913,16.67737929720733],[121.22699059670676,16.67898628532599],[121.22733969042945,16.68016006611793]]},"properties":{"ID":0,"RIVER_NAME":null}},{"type":"Feature","geometry":{"type":"LineString","coordinates":[[121.2229523547933,16.643697840150683],[121.22250458350891,16.64347719027701],[121.22219094434386,16.643344414478783],[121.22138135994743,16.643337474621053],[121.22070310496278,16.643721922059203],[121.21961404734785,16.644753281086572],[121.21880125303281,16.645093204032285],[121.21745073332167,16.645211690063356],[121.21488703253553,16.645189642057954],[121.21398748932137,16.645181898415096],[121.21268677068973,16.644780431913077],[121.21044677617498,16.643807144493383],[121.20840879745374,16.64287894197994],[121.20764701923412,16.642568824689167],[121.20657323293925,16.641952471021956],[121.20429721508718,16.640024839465344],[121.20246210406812,16.639054977623015],[121.20178908993583,16.63887569675177],[121.20084460728857,16.63886750921441],[121.20003059930906,16.63933743422561],[121.1985415496902,16.639844857868663],[121.19741716201214,16.639835092169005],[121.1964293236408,16.639653058650197],[121.19498970479773,16.639683901589933],[121.193277390602,16.640015894942696],[121.19131974040076,16.64012892454443],[121.19014915929337,16.640248802775865],[121.18907015706831,16.640196025463283],[121.18848914336893,16.639800694993603],[121.187998082452,16.639406148697326],[121.18718934503008,16.639312360168155],[121.18629269759191,16.639000990156266],[121.1851760752285,16.638167348954006],[121.18383336498518,16.637461809692653],[121.18288930717834,16.637410182778886],[121.18194279790691,16.63761870158568],[121.18162347880913,16.638092884490266],[121.1814734262517,16.63969595955892],[121.18149713735957,16.641950985545584],[121.18134830443303,16.643423984691896],[121.18106944869443,16.644375500798294],[121.18002271681891,16.645667174611972],[121.17902463396086,16.646569012538368],[121.1788586126158,16.647478152853296],[121.17907612296055,16.648260575347933],[121.17982926590501,16.649481317978033],[121.18089071192264,16.651398552910425],[121.18132780288418,16.652746604220077],[121.18145127793247,16.653961818779813],[121.18189287813148,16.654832928762996],[121.18305046254807,16.656100571506528],[121.18335795465138,16.656883780018067],[121.1832585903897,16.657880231993634],[121.18343360053265,16.658402108180084],[121.18423873480694,16.6588861435605],[121.18616469199893,16.659770245159095],[121.18743764056484,16.660735344130558],[121.18855357877838,16.661655702021047],[121.1890418384215,16.662353760653126],[121.18934610121013,16.663483830389303],[121.18933835380085,16.66430763991874],[121.1889707564402,16.66512830442002],[121.18846902756248,16.665861071349592],[121.18819465072109,16.666335653421402],[121.18818730508514,16.66711610384315],[121.18840364390164,16.6680285961209],[121.18843107776122,16.66989339866151],[121.18834401250152,16.6719740090423],[121.18859799107183,16.67366734488709],[121.18867612029769,16.674925523510115],[121.18835307052389,16.675789935635734],[121.18781040778674,16.6760887206528],[121.18727182889575,16.675953921122076],[121.18601923634975,16.675205801033897],[121.18530113690116,16.67502606228918],[121.18494167873621,16.674979550274905],[121.18453069126271,16.675626375038703],[121.18430944130004,16.67761907852229],[121.18448201132807,16.678401104238674],[121.18483370154924,16.679271423934292],[121.18576855853414,16.68032030163967],[121.1867046519745,16.68123910124114],[121.18736920887204,16.682328967295224],[121.18767102892421,16.683719189201266],[121.18789105316282,16.68424145774305],[121.1886468229773,16.685202033895315],[121.1895845859779,16.685947390501546],[121.19115298008445,16.686611532284065],[121.19218317955888,16.687097514812752],[121.19291934190842,16.687754373143008],[121.19389682582843,16.68906376489265],[121.19420155099024,16.690150473249503],[121.19410342916663,16.691016856026366],[121.19364948063908,16.691446513036777],[121.19297344600811,16.691570695879022],[121.19247858395718,16.691566373453984],[121.1913988854465,16.691556938605355],[121.1908140490451,16.69155182571285],[121.19000305092425,16.691674818486852],[121.18802156190125,16.6918742844222],[121.18721260658191,16.69178047479214],[121.1862265673148,16.69138157725696],[121.18550677141945,16.691375266308444],[121.1847849283349,16.691585743715564],[121.18423770779904,16.692361453732108],[121.18413298413245,16.6939215574465],[121.1838139717161,16.694352374488844],[121.18268517436007,16.694776078796124],[121.18160218123398,16.695113455730986],[121.18029013831604,16.695882428488265],[121.17911633764088,16.69630571583916],[121.17807503037253,16.696990332715306],[121.17770360836433,16.69820118563861],[121.17783117171852,16.698982818215796],[121.17822990343248,16.699636754725873],[121.17936767117065,16.700644090894336],[121.17985680097817,16.701255459140526],[121.18020439214851,16.702559367084508],[121.18010044337292,16.70403274752303],[121.17968238104476,16.705416639089734],[121.17848877553652,16.707921098595047],[121.17780280072765,16.709085815366368],[121.17666813817243,16.710116487030287],[121.17463363148241,16.711139206491364]]},"properties":{"ID":0,"RIVER_NAME":null}},{"type":"Feature","geometry":{"type":"LineString","coordinates":[[121.1973496987755,16.63983450603349],[121.19798664905518,16.639059519077566],[121.19803810682285,16.63836617032165],[121.19827756520823,16.636807209177316],[121.19855308379377,16.636202529726642],[121.19900566465161,16.63590292223847],[121.19963733296477,16.63569159190577],[121.20004210424413,16.63569510308029],[121.20129856287664,16.636009533291627],[121.20389740661952,16.637072739193655],[121.20537391661354,16.637909399141687],[121.20662072404613,16.639264413202067],[121.20759849931903,16.6405303722497],[121.20794621700425,16.641834248505514],[121.20771408073348,16.64261276649535]]},"properties":{"ID":0,"RIVER_NAME":null}},{"type":"Feature","geometry":{"type":"LineString","coordinates":[[121.20120861348609,16.63600875362889],[121.20139700292194,16.635099778042562],[121.20117536529999,16.63475095861585],[121.20104367706767,16.634402918719577],[121.20073047462245,16.634226754427637],[121.20014702293767,16.6340916085124],[121.19726664923341,16.63428342037075],[121.19492636982206,16.634436527721938],[121.19366668746815,16.634468929872735],[121.19299451242351,16.6342029055345],[121.19228264753524,16.633372825759775],[121.19116683895804,16.632452499894363],[121.19013895423127,16.631749746037947],[121.18964465347464,16.63170207334983],[121.18923704423483,16.63200205241649],[121.18923134672721,16.632609071772915],[121.18940839259159,16.632914150822366],[121.18935690753293,16.633607494882792],[121.18908340118436,16.63399536722522],[121.18840634928844,16.634249630788407],[121.18759681810592,16.63424256287096],[121.1853043722482,16.6340924447092],[121.18409007870487,16.634081823604284],[121.18323394292925,16.63424777873241],[121.18156337189374,16.63492693865495],[121.17993367287595,16.636040061228275],[121.17904644268432,16.63711632413066],[121.17890660649239,16.637635439144933],[121.17809174040832,16.638191989814054],[121.17686471863787,16.639525428163754],[121.1756785524782,16.641292834514868],[121.17467924486462,16.642324726513607],[121.17345669107354,16.643181200149012],[121.17191847358625,16.644121607180608],[121.17020116083027,16.644973698209125],[121.16925254700298,16.645398943854413],[121.16862247000365,16.64543674312801],[121.16781537351821,16.6451694456879],[121.16691791543829,16.644944708321056],[121.16624740133797,16.644505165895694],[121.16553273993662,16.64397850803044],[121.16481973351384,16.643278416512945],[121.16433284724326,16.642450239412067],[121.16371145264745,16.64157750941153],[121.16317836096059,16.640879005872055],[121.16250952256456,16.640266022069678],[121.16206432145471,16.639785102160165],[121.16144253177902,16.638955724852703],[121.16039514704377,16.637949127419773],[121.15878808361977,16.63667739167725],[121.15753544518974,16.63597249071288],[121.15682001129798,16.635532523391305],[121.15570894103963,16.634135087755872],[121.15463912641987,16.633128266603965],[121.1534773028411,16.63233742908334],[121.15248956595003,16.632155194075374],[121.14934148896357,16.632127148801867]]},"properties":{"ID":0,"RIVER_NAME":null}},{"type":"Feature","geometry":{"type":"LineString","coordinates":[[121.16689542747872,16.644944509581205],[121.16571408873642,16.646191550875795],[121.16507823087967,16.64683634940023],[121.16363237975429,16.647517336467594],[121.1619504712362,16.649366979853554],[121.15976922572042,16.651689150801726],[121.15897425156692,16.652505960064474],[121.15829876057452,16.65258668372305],[121.15726469344898,16.65253413444171],[121.15583039578183,16.652001045993185],[121.15431030583618,16.651033571697198],[121.1527410987053,16.650499262665747],[121.15076253434367,16.650438265803515]]},"properties":{"ID":0,"RIVER_NAME":null}},{"type":"Feature","geometry":{"type":"LineString","coordinates":[[121.24963540301273,16.645138879211483],[121.24838311103905,16.644347770240575],[121.24726103194396,16.64407811297309],[121.24649483358068,16.644245090174515],[121.24541339534113,16.644452761309374],[121.24338505179324,16.644912588477986],[121.24176308324569,16.645202387755532],[121.24072819770284,16.645236975914592],[121.23933745026338,16.644834908275463],[121.23817318240646,16.64426130352266],[121.23737151595279,16.64338723324887],[121.23684328786602,16.642125217747342],[121.2367656259236,16.64078030512452],[121.23722490599363,16.63974349591861],[121.23745573290985,16.639095011795142],[121.23742026774896,16.638053998297792],[121.23719816177409,16.637748570484224],[121.23670223671739,16.637874445876477],[121.23602164783719,16.6385191060718],[121.2358405533556,16.638647655394145],[121.23521049044177,16.638685660476856],[121.23498719706741,16.6385103093401],[121.23463016667964,16.63820373134864],[121.23445542289323,16.637638526180627],[121.23437420393654,16.636683850103942],[121.23419708006944,16.636378802310055],[121.2337536771348,16.635681221715515],[121.23358012873119,16.634985937439982],[121.23345513009646,16.63390079979659],[121.23332219060197,16.633682853494367],[121.23296397980198,16.633506352292184],[121.23260497521036,16.63341656963552],[121.23174846584033,16.633626088896186],[121.2307104645433,16.634007508934886],[121.22972061795247,16.634042431159283],[121.22877853326268,16.633774216237605],[121.22839903446092,16.633467437269235],[121.22804361729304,16.63298741191316],[121.227916658967,16.632119071088834],[121.22806313073198,16.63086279881263],[121.22798154487664,16.62995148241084],[121.22780563146166,16.62951635217035],[121.22753857646147,16.629210532248518],[121.22717958315751,16.62912074117896],[121.22636886061912,16.62924390479061],[121.22623075078201,16.629589627380476],[121.22603730162864,16.631062310150945],[121.22585062687293,16.63179788249117],[121.22544306630586,16.632097938152565],[121.22512864457413,16.632051887012537],[121.22477204148316,16.631701935150577],[121.22419216513478,16.63117662167283],[121.22397128574434,16.630741104197515],[121.2239338949846,16.629916891552114],[121.22398525423338,16.629223526490012],[121.22444695983368,16.62792659214926],[121.2254567077306,16.625723721591854],[121.22627379089015,16.624906809146328],[121.22749761092412,16.62387655070567],[121.22831626943082,16.62288619052344],[121.22864062423855,16.621848247895237],[121.2288352305361,16.620245480100873],[121.2286463826605,16.618769530676417],[121.22843107318963,16.617726984598697],[121.22785480498698,16.61681144818292],[121.22696693198031,16.615546348239917],[121.22697091254523,16.615112753293626],[121.22702264952277,16.614376025609797],[121.2271607442817,16.614030300826414],[121.22752169972102,16.613903291783043],[121.22801557633872,16.61399423033999],[121.22864277371615,16.61425975618415],[121.22936031123888,16.61448268728095],[121.22994611827659,16.614357590135807],[121.23026369183141,16.614056754773976],[121.23063378113935,16.612932469605713],[121.23059874031242,16.61184809684647],[121.23042601046608,16.611066092379065],[121.23020473742528,16.610673941188082],[121.22945019021058,16.60958343955101],[121.2282013902577,16.608445359775704],[121.22788978908368,16.608095799542287],[121.22603711702122,16.606605655413794],[121.22536816490297,16.605992864359425],[121.22416796631111,16.60446491314469],[121.2231878406778,16.603459191887676],[121.2216681164877,16.602448851750925],[121.2195160736929,16.601736627182518],[121.21799078822114,16.601333293991594],[121.21682444552938,16.601019754483794],[121.21579580906754,16.600403851442525],[121.21512411004414,16.60009454724153],[121.21480974373556,16.600048485620768],[121.21400114523945,16.599954816050722],[121.2129195418773,16.600205698473008],[121.21202020915922,16.600197966627295],[121.21116423864639,16.60036405450834]]},"properties":{"ID":0,"RIVER_NAME":null}},{"type":"Feature","geometry":{"type":"LineString","coordinates":[[121.21480854254352,16.600178563432305],[121.2157806012305,16.602051504428047],[121.21653464100699,16.603185405462742],[121.21733645647966,16.604016174945773],[121.21818084806615,16.605107483387574],[121.21888634790835,16.60663122664865],[121.21990344282503,16.60850453961798],[121.22105546373962,16.610379004134213],[121.22216892087629,16.611559329010156]]},"properties":{"ID":0,"RIVER_NAME":null}},{"type":"Feature","geometry":{"type":"LineString","coordinates":[[121.22871062680998,16.61421697174865],[121.22880891710241,16.613307188086733],[121.22881766384654,16.61235327802051],[121.22864056761864,16.612048227794258],[121.22819484672696,16.611610798314132],[121.22747692345473,16.611431223811955],[121.22693649221392,16.611513338940266],[121.22617081438895,16.61163689280293],[121.22522007856448,16.612322580522388],[121.22475922321395,16.613532803635696],[121.22448422152628,16.61409417080571],[121.22380608056358,16.614478639934028],[121.22290587819252,16.614557667555992],[121.22209641420854,16.61455074212863],[121.22164751062178,16.614460174562858],[121.2214696262475,16.614241837926198],[121.22156116345872,16.61406917034345],[121.2221016028013,16.61398707013458],[121.22250792965202,16.613817095536646],[121.2227801437043,16.61355924731349],[121.22296520944653,16.612997113575897],[121.22301536473147,16.61243382582293],[121.22274873771828,16.612084642862833],[121.22225846089262,16.61160345789094],[121.22158471643513,16.611510967048197],[121.22037014118268,16.611543931211724],[121.21982890938837,16.611712746205516],[121.21906123020946,16.61205306995504],[121.21887695425734,16.61252848062013],[121.2189608967303,16.613179641308633],[121.2191387771897,16.61339797974652],[121.21954270671573,16.613488167034678],[121.21985589761714,16.613664301667576],[121.21989807033468,16.613968202299386],[121.2198511022048,16.614184613657706],[121.21980453358579,16.614357665661483],[121.21890393210536,16.61448003514013],[121.21773590981226,16.614339930423274],[121.21670720345135,16.61372402548434],[121.21635104794747,16.61333070406464],[121.21621894149823,16.613026031126687],[121.21631448627029,16.612419773697873],[121.21667904631917,16.61190255050352],[121.21713394320201,16.611342738868142],[121.21727325261354,16.610866944215008],[121.21728125475131,16.60999975849371],[121.21719691818136,16.609391956908244],[121.21670626249796,16.608954119991505],[121.21594419567025,16.608687403167906],[121.21432612486646,16.608586781253496],[121.21288672821265,16.608617771300096],[121.21229892701456,16.60895961687823],[121.2122459341814,16.609826413469083],[121.21250371208619,16.611129509627084],[121.21290201691036,16.611826737568624],[121.21343723809868,16.612308329076964],[121.2142021202085,16.612271541628093],[121.21501076982864,16.61236521532633],[121.21568170821334,16.61276124214821],[121.21621894149823,16.613026031126687]]},"properties":{"ID":0,"RIVER_NAME":null}},{"type":"Feature","geometry":{"type":"LineString","coordinates":[[121.26400515198688,16.625355777535436],[121.26265711115272,16.625214412239966],[121.26193909428896,16.625034949263476],[121.26140292605072,16.624640188929874],[121.26047645680326,16.622637708118333],[121.25986911165913,16.620160899767132],[121.25948194838705,16.618206297643237],[121.25939825792143,16.617511780118864],[121.25882222547972,16.616552955461497],[121.25797480605425,16.615765308152778],[121.25703745125227,16.614976903438635],[121.25542593171028,16.61413947189022],[121.25431028032196,16.613176105449],[121.25284546510505,16.6110389861456],[121.25182645386812,16.6093392434254],[121.2496421858478,16.607196053111487],[121.24763233634314,16.605661400768998],[121.24700828010604,16.605049052186132],[121.2463621370254,16.604393152399048],[121.24546670476319,16.603951963559552],[121.24430580026741,16.603031533243552],[121.24323760119928,16.601808337883448],[121.24245144022112,16.59924326151442],[121.24220016525621,16.59720306442965]]},"properties":{"ID":0,"RIVER_NAME":null}},{"type":"Feature","geometry":{"type":"LineString","coordinates":[[121.24631716858839,16.604392773036658],[121.2464642690385,16.603049751107797],[121.24684289079138,16.600971504501345],[121.24703416360417,16.599715580353966],[121.24695877580726,16.598110500967426],[121.24674966748648,16.59637420407364],[121.24655478822514,16.595548657396666],[121.24594138349869,16.593765587739462],[121.24483848275692,16.59141466395637],[121.24359716905006,16.58945283751844],[121.24302168270601,16.588450622031445],[121.24222728881305,16.586796106621748],[121.24152874539706,16.584491949753154],[121.24133428972814,16.58362304059868],[121.24130154108705,16.582278501680147],[121.2416296765747,16.58080692187818],[121.24236561812968,16.578991878218055],[121.24323721739187,16.57709124859213],[121.2443655219834,16.57415205706498],[121.24596823193818,16.570956671572638],[121.24702077122417,16.568927451951133],[121.24734412358322,16.567976177048973],[121.24735393065603,16.56689217276891],[121.2470509820642,16.565588719273844],[121.24615011513258,16.563282872849022],[121.24558292202892,16.5613701049886],[121.24545354242731,16.56076192708169]]},"properties":{"ID":0,"RIVER_NAME":null}},{"type":"Feature","geometry":{"type":"LineString","coordinates":[[121.27934390293015,16.56692618527121],[121.28271057855503,16.568228852535277],[121.28512765952212,16.56895703687317],[121.28652230209246,16.569039342507807],[121.28799163399562,16.568980598884963],[121.28939378468824,16.568213022652632],[121.29087373334882,16.566950284721283],[121.29273144276782,16.56448656915724],[121.2939916645619,16.563151176400705],[121.29517345174689,16.562381750660972],[121.29576340774146,16.56210326820045],[121.29701239145874,16.56204265359739],[121.29774236714717,16.562544410336635],[121.29831863861126,16.56382401023324],[121.29904365070115,16.564892341532538],[121.299918646881,16.565607758129765],[121.30101705926856,16.56597085687914],[121.3024129389275,16.56591140991405],[121.30315286826767,16.56527999133803],[121.30374840426305,16.564364083973775],[121.30435942666436,16.56167761193575],[121.3048136538179,16.560123101713412],[121.30518700958955,16.559417862996],[121.30563131823173,16.55899651066568],[121.30729158340036,16.558089244289],[121.30839800669388,16.557531606964165],[121.30957291502764,16.557541140562716],[121.31008508545682,16.557757777648064],[121.31044175088611,16.558964741380304],[121.31050098459528,16.56059425977229],[121.31122605777765,16.561662554065755],[121.3127632274855,16.562241630123268],[121.31657440101607,16.56312239399655],[121.31835817644583,16.563322964759475]]},"properties":{"ID":0,"RIVER_NAME":null}},{"type":"Feature","geometry":{"type":"LineString","coordinates":[[121.30559522122945,16.55892538955612],[121.30560698346682,16.557579760724384],[121.30568969993026,16.55651801903291],[121.30643700463284,16.55503671252884],[121.30725154435137,16.554264225022315],[121.30843199295455,16.553636358927395],[121.30990368554819,16.55329415812967],[121.31151853395761,16.55337807302161],[121.31276191922181,16.553954764014154],[121.3141441685088,16.55545333391331],[121.31560540887072,16.556315083384664],[121.31684882669086,16.556891752681647],[121.31817182886866,16.556760777449718],[121.31993646595875,16.556073135072573]]},"properties":{"ID":0,"RIVER_NAME":null}},{"type":"Feature","geometry":{"type":"LineString","coordinates":[[121.28510525836441,16.55904108188467],[121.28378537438167,16.558817734748885],[121.28268829750631,16.558312908219154],[121.28188683322978,16.557598033167277],[121.28138349167656,16.556389826163425],[121.28147512713196,16.554336602503646],[121.2817763763078,16.553489163400293],[121.28251568677729,16.552928641022202],[121.2835474546312,16.552512177892588],[121.28450516317614,16.552165926785577],[121.28516978015304,16.551746433145787],[121.28561598704121,16.551112659992928],[121.28562224767987,16.550404441175306],[121.28555570614937,16.54962479660756],[121.28512578393446,16.54841720132878],[121.28454400195473,16.547774972310858],[121.28366788967791,16.54720114643551],[121.28279617122602,16.54613156468938],[121.28207382269143,16.544779902765683],[121.28120776966333,16.543072920056797],[121.2799815130459,16.540583868647932],[121.27904835048373,16.538168057164754],[121.2784456091158,16.5357549696698],[121.27839793656304,16.5328506731586]]},"properties":{"ID":0,"RIVER_NAME":null}},{"type":"Feature","geometry":{"type":"LineString","coordinates":[[121.26955377568996,16.569465658473096],[121.26875232301973,16.568750733812827],[121.26810534233705,16.56718717453918],[121.26774957121383,16.565909341328137],[121.26710007259106,16.56462906457751],[121.26683104510266,16.561864598281655],[121.2662739994944,16.558460298128534],[121.26571189940296,16.555622566125166],[121.26448959114482,16.55270851121394],[121.26340973107597,16.550291422525426],[121.26290588931003,16.549154003774483],[121.26284134263433,16.548161897382517],[121.26285149062474,16.547028760578183],[121.26352246821551,16.545901127716817],[121.26449220662153,16.54420936724946],[121.26523658839363,16.543082337741783],[121.26583854312912,16.541458335287373],[121.26621705273445,16.54018660531723],[121.2663024968955,16.53884161213412],[121.26639046909415,16.537213333626262],[121.26645374353336,16.534239145512583],[121.26729234731258,16.530775609284007],[121.26827080663212,16.52809231930474],[121.26924355631677,16.52604641447025],[121.27057580586754,16.524853401974962],[121.27146564360739,16.52386919722754],[121.2733124145046,16.522609596834613],[121.27419845371055,16.52205030784098]]},"properties":{"ID":0,"RIVER_NAME":null}},{"type":"Feature","geometry":{"type":"LineString","coordinates":[[121.26294260272053,16.549154309661798],[121.26162663314129,16.548505904687865],[121.26075123041613,16.547861167625136],[121.26024296355108,16.547219490968654],[121.25995497713788,16.546579651653428],[121.25939362336791,16.543671090621373]]},"properties":{"ID":0,"RIVER_NAME":null}},{"type":"Feature","geometry":{"type":"LineString","coordinates":[[121.25012419473762,16.52061278304827],[121.25064514240977,16.520366947886505],[121.2511660619361,16.519592223910685],[121.25175911778416,16.518959754455622],[121.25264200802953,16.518754665406977],[121.254183722139,16.518767559973654],[121.25623680110716,16.519068019023567],[121.25689372627019,16.519498461493],[121.2582044114557,16.52071344630276],[121.25900056381727,16.521994960782862]]},"properties":{"ID":0,"RIVER_NAME":null}},{"type":"Feature","geometry":{"type":"LineString","coordinates":[[121.248436934489,16.520985870737828],[121.24690415298873,16.519981443251723],[121.24486196241608,16.518476943329794],[121.24354754262001,16.517686807057046],[121.24318623353166,16.517046334873783],[121.24312050180271,16.516195871158537],[121.24378826313259,16.515422402103113],[121.24430471520995,16.515143440225817],[121.2453325007741,16.515152077055944],[121.2467918237063,16.516155895842317]]},"properties":{"ID":0,"RIVER_NAME":null}},{"type":"Feature","geometry":{"type":"LineString","coordinates":[[121.30623136818792,16.54377060764647],[121.3063786773127,16.543046528129242],[121.30624521651275,16.542184179232247],[121.30573898377577,16.540956164744415],[121.30438809032998,16.539585296039725],[121.30210412649876,16.537436223366182],[121.30065811086993,16.536200549141753],[121.29963582358967,16.534877660581508],[121.29940960548106,16.533878564885512],[121.29941873684577,16.53283605752548],[121.29956883715745,16.531794698769072],[121.29990371908978,16.531117482328092]]},"properties":{"ID":0,"RIVER_NAME":null}},{"type":"Feature","geometry":{"type":"LineString","coordinates":[[121.37161859874367,16.51543800239695],[121.36967667894436,16.51486453717338],[121.36800234922742,16.51346590113565],[121.3674484600629,16.51249770470921],[121.36627774964968,16.510621058216348],[121.36584774627018,16.5097743108171],[121.36523143619335,16.50880562173074],[121.3642435282888,16.507472572306238],[121.36263630433993,16.50553225072308],[121.36062427271385,16.503468260953],[121.35981611995926,16.503040229079332],[121.35870035104963,16.502067604526967],[121.35702671881182,16.500608658245945],[121.35485157447897,16.49938672051001],[121.3529871151244,16.498347934491527]]},"properties":{"ID":0,"RIVER_NAME":null}},{"type":"Feature","geometry":{"type":"LineString","coordinates":[[121.38183055513505,16.506190821396032],[121.38061705263858,16.505913323121792],[121.37934304591045,16.50518054162163],[121.37792048408564,16.503542968838133],[121.37694155244174,16.501125686289715]]},"properties":{"ID":0,"RIVER_NAME":null}},{"type":"Feature","geometry":{"type":"LineString","coordinates":[[121.40212043564311,16.469393722859277],[121.40171345996984,16.469086673952898],[121.40109361283596,16.468539756167736]]},"properties":{"ID":0,"RIVER_NAME":null}},{"type":"Feature","geometry":{"type":"LineString","coordinates":[[121.39850823143327,16.47789835471765],[121.3978468477486,16.476165769731303],[121.39711253374723,16.4743528662471],[121.396128510934,16.472538048135636],[121.39564642149405,16.470425859709124],[121.3950929857933,16.46939749248145],[121.39349265821522,16.466614057766733],[121.39157974015936,16.463888456277616],[121.39053239403655,16.4621936176004],[121.38877562210884,16.45946919575947],[121.38791709088345,16.45759507136987],[121.38657660987431,16.45360874440814],[121.38614960511183,16.45240060529473]]},"properties":{"ID":0,"RIVER_NAME":null}},{"type":"Feature","geometry":{"type":"LineString","coordinates":[[121.39176878321413,16.483068396150877],[121.39002137954324,16.48249143280349],[121.38883664235598,16.482301586353735],[121.38652711503465,16.482223548198224],[121.38303736577392,16.481413459825482],[121.38148155324185,16.480799008982018],[121.37862420004107,16.479029864853306],[121.37676881061766,16.476907005477013],[121.3745434006517,16.474239080202377],[121.37262617330398,16.47205546827042],[121.37102213817144,16.46975379447398],[121.37034650124608,16.468423211293544],[121.37017281224362,16.466795323208498],[121.37015066139905,16.465710793172136],[121.36978516207773,16.46462359086777],[121.36843041600267,16.462384085468404],[121.3667001382547,16.460262130023565]]},"properties":{"ID":0,"RIVER_NAME":null}},{"type":"Feature","geometry":{"type":"LineString","coordinates":[[121.18819351503936,16.9693580162524],[121.18725679187749,16.971033071209582],[121.18576344598453,16.97314616219006],[121.18538073791481,16.974648936364343],[121.18510200585295,16.97491225159119],[121.1839845131525,16.976231281354185],[121.18268373673912,16.977460070771834],[121.18193274844167,16.978959550969677],[121.18191482707127,16.980819962507535],[121.18171107055396,16.98285591284292],[121.18067189871827,16.9855931929668],[121.18016022471457,16.987094798241202],[121.17998078136314,16.990424498500122],[121.18002570909786,16.993401808396843],[121.18016070611264,16.994678832445864],[121.18000039854795,16.996024096155235],[121.17873045704722,16.997855588486022]]},"properties":{"ID":0,"RIVER_NAME":null}},{"type":"Feature","geometry":{"type":"LineString","coordinates":[[121.18268356615651,16.97747778898865],[121.1809944381649,16.976966570134568],[121.17805467819824,16.97630240631508],[121.17650876407939,16.976217704667587],[121.17540405201325,16.976207819667714],[121.17400200896554,16.976478780211313],[121.17170520951359,16.97787576495107],[121.17088615400586,16.978789837890933],[121.16990879737308,16.98083654159451],[121.1698124657363,16.983174666995392],[121.16965554108978,16.984165556296503],[121.16875522846816,16.985858549795697],[121.16717206443708,16.989600868314284],[121.16604591649009,16.991787960748994],[121.16566455298027,16.993131214259517],[121.1650615309731,16.9945433476544],[121.16423477469333,16.996236974406653],[121.16400138713863,16.997510678163355]]},"properties":{"ID":0,"RIVER_NAME":null}},{"type":"Feature","geometry":{"type":"LineString","coordinates":[[121.17177885745971,16.97787642553585],[121.17031070803516,16.97736710215754],[121.16788583905631,16.97677829369375],[121.16398253368976,16.976743173753437],[121.162285889507,16.977011398046226],[121.1597701401482,16.97819363105149],[121.15843549509923,16.979102992813825],[121.15760668871825,16.981009211426585],[121.15712395987617,16.98518665306744],[121.15679958423722,16.988231474604387],[121.15671623700639,16.98922301281541],[121.15582063616915,16.990419832714384],[121.15484651715926,16.992112081859087],[121.15453526047274,16.99381033210285],[121.15486191390403,16.998065966806408]]},"properties":{"ID":0,"RIVER_NAME":null}},{"type":"Feature","geometry":{"type":"LineString","coordinates":[[121.1584341120882,16.97924473659782],[121.15710429781126,16.979657985330256],[121.1559905756609,16.980569326488403],[121.15546187587742,16.981911224621076],[121.15486575544531,16.98261460810004],[121.15383050809547,16.983030499539232],[121.15195245421563,16.983013476006263],[121.15025852512377,16.98299810661987],[121.14818870210293,16.98375896305477],[121.14508080433546,16.985219126010833],[121.14175260994027,16.986606350298874],[121.1407909680984,16.98702284206495],[121.13902196534427,16.987148445764856],[121.13784636085113,16.986854194180186],[121.13688961057514,16.98677456971911],[121.13615171067246,16.986909575122592],[121.13526160606844,16.98753932589692],[121.13466189236495,16.98859699508653],[121.13478606576572,16.990937082426164],[121.13521185713111,16.992571158577626]]},"properties":{"ID":0,"RIVER_NAME":null}},{"type":"Feature","geometry":{"type":"LineString","coordinates":[[121.1774081003752,16.955529123397152],[121.17195741777651,16.955622126245185],[121.16967254279348,16.955814281290444],[121.16657007217711,16.956778730157293],[121.16486948293765,16.95747222808604],[121.16286674435032,16.95894265295638],[121.16123907522739,16.959707652481914],[121.15924664263238,16.960114955537506],[121.15732715286657,16.960593775391512],[121.15584604100818,16.961430930362226],[121.15450804551183,16.962694636810543],[121.15413083745052,16.96361263912139]]},"properties":{"ID":0,"RIVER_NAME":null}},{"type":"Feature","geometry":{"type":"LineString","coordinates":[[121.24097784748955,16.96289155636809],[121.24055540364327,16.963965302999597],[121.24048803819527,16.96487199741209],[121.23983361694272,16.965546807563626],[121.23900244027016,16.966220089132218],[121.23752740228343,16.96643416673114],[121.2356425914695,16.966361166007015],[121.23434536156537,16.96646334913005],[121.23286183251786,16.967584590975147],[121.2306564038316,16.970287282747666],[121.22773856457634,16.973550796795823],[121.22446763773063,16.97675448009997],[121.22268723461396,16.978099865513464],[121.22079110375427,16.979217406265686],[121.21918901987848,16.98039420091648],[121.21690771795102,16.981735151568888],[121.21566287106941,16.98251811188407],[121.213936982389,16.984317518915063],[121.212498688017,16.986856582086396],[121.21183441718462,16.988551869056195],[121.2112209905172,16.99109815661234],[121.21061077205226,16.993304245669282],[121.20945513415356,16.997093241803956]]},"properties":{"ID":0,"RIVER_NAME":null}},{"type":"Feature","geometry":{"type":"LineString","coordinates":[[121.22776855618581,16.973494353152283],[121.22647287542395,16.973426382052175],[121.22499617614861,16.973810461127066],[121.22120828139002,16.975591981256972],[121.21937643755307,16.97614303026801]]},"properties":{"ID":0,"RIVER_NAME":null}},{"type":"Feature","geometry":{"type":"LineString","coordinates":[[121.25593110423974,16.954684293882682],[121.25636998620023,16.95820376392882],[121.2567588545727,16.960758818480333],[121.25703826593852,16.962405655087117],[121.25678167459559,16.964671667986302],[121.25623100948194,16.966878460405407],[121.25538207112398,16.96947963380543],[121.2544825727651,16.971173087716604]]},"properties":{"ID":0,"RIVER_NAME":null}},{"type":"Feature","geometry":{"type":"LineString","coordinates":[[121.27498891158075,16.938798564928334],[121.2766394109015,16.938699086060314],[121.27911103380801,16.939003454217517],[121.28034401513939,16.93946748562787],[121.28098893302715,16.939813149696064],[121.28150933820812,16.940894940557033],[121.28173159050584,16.94237116313184],[121.28230422363832,16.944190568438355],[121.28318120466325,16.94493512029861],[121.28376774897717,16.945223580657228],[121.28500232590925,16.945517483573276],[121.28635832738595,16.945415456724987],[121.28807447106226,16.944579262471517],[121.29086279017595,16.94244778929533],[121.29377347067822,16.93980693912118]]},"properties":{"ID":0,"RIVER_NAME":null}},{"type":"Feature","geometry":{"type":"LineString","coordinates":[[121.27501887276964,16.9419743375557],[121.27542090845694,16.94311184718055],[121.27587203995051,16.945327179264474],[121.2759092431051,16.947709132733202],[121.27589528585473,16.949240068442375],[121.27635573439926,16.950434776254234],[121.27828386399014,16.95220892583367],[121.27962391821744,16.953864692085855],[121.28037897314134,16.95506187649876],[121.28048648678356,16.956196897724855],[121.28042344501867,16.95665001259768],[121.27971233402691,16.957097664971524],[121.27705132509452,16.958152622069875],[121.27639963407597,16.95854405778224],[121.27503629333034,16.959439826566047],[121.27307807873292,16.96095431186815],[121.27152758226505,16.962982580053],[121.27011448002668,16.966089402277895],[121.26896802070763,16.96902835728202],[121.26787940119193,16.97208120418793]]},"properties":{"ID":0,"RIVER_NAME":null}},{"type":"Feature","geometry":{"type":"LineString","coordinates":[[121.27642909191825,16.95854430661788],[121.277519031323,16.961785733699248],[121.27861881938716,16.963949832402612],[121.28001477037009,16.965946307438156],[121.28065667662692,16.966632188065166],[121.28153787273654,16.966923143242653],[121.28354213185358,16.966826609134646],[121.28454374643212,16.96683503609975],[121.28530454021748,16.9674084919354],[121.28541774537332,16.967919796117407],[121.28535522335638,16.968316211243952],[121.28451696709358,16.969783512560305],[121.28421567309843,16.970518152957034],[121.28438006912133,16.97188047495692],[121.28484215947604,16.97290506663664],[121.28559937306575,16.97387543364391],[121.28712514045993,16.974568727867048],[121.28803533155634,16.97491660805982],[121.2885584259548,16.975714882105237],[121.28907381608701,16.977363678516962],[121.28989204568522,16.97810772103535],[121.29182621688882,16.97925805735173],[121.2928842602261,16.97955045139397],[121.29400686774163,16.97921961484499],[121.2950782314733,16.97803775298409],[121.29680590880024,16.975954071862006],[121.29740126264836,16.975278572011042],[121.29852537150953,16.974777601886984],[121.30023562524065,16.974621749620184],[121.30123371862982,16.975027011850905],[121.30251979772227,16.97617184831923],[121.30333604240585,16.97714264915109],[121.30402375124693,16.97930320872261],[121.30527277649972,16.98129831651263],[121.30638011391284,16.982668472010573],[121.3066102133745,16.98329415312831],[121.30718012633783,16.985453726723],[121.30722684160564,16.986815065304164],[121.30637490510907,16.98981341606166],[121.30567025543998,16.99281298549962],[121.30500931446032,16.994225140878648],[121.30459070299317,16.99490213058779],[121.3038723473177,16.996143684344304],[121.30268816764757,16.996757585369767],[121.30091878298313,16.99691294838687],[121.29921344019195,16.996501770459048],[121.29744764208864,16.99626019134836],[121.29508641774008,16.99669408437857],[121.2921415526755,16.996499290747533],[121.2905540955181,16.996089030656933],[121.28940706069285,16.99585257592523],[121.28547901392957,16.993608021744173],[121.28295445145957,16.99256605285988],[121.27924312043879,16.992421321641988],[121.27700547493444,16.992232288987907],[121.27524287481991,16.99165031696404],[121.27271736804843,16.99072163047236],[121.27043018933159,16.989511411495048],[121.26820404859271,16.988074866789226],[121.26584314091973,16.98527622739328],[121.2632124528981,16.98298561350508],[121.26116582634802,16.981267005927705],[121.25970113517263,16.980347222005324],[121.25858371091785,16.980110857123794],[121.25752468831767,16.979931690705495],[121.2558712119075,16.980314483158175],[121.25386262489435,16.980864334388265],[121.2517972068892,16.981186857620084],[121.25014686665533,16.981229399269843],[121.24887794104008,16.981445319605232],[121.24599129425,16.981363791155715],[121.244105268649,16.98140425499645],[121.24233233466774,16.981956018782316],[121.23842126161269,16.984303841134512],[121.23521558233226,16.986827804222823],[121.23295685075125,16.988906289903237],[121.23212926093103,16.989182631676567],[121.2310707588991,16.988946625710142],[121.23025274210299,16.988202364696086],[121.22972562339945,16.98785755904256],[121.22919637775814,16.987739550943086],[121.22837145172359,16.987732379122704],[121.22748334076392,16.988178288389822],[121.2262926111283,16.989472122351465],[121.22497601241164,16.99161541383841],[121.22311837152077,16.994888056763124]]},"properties":{"ID":0,"RIVER_NAME":null}},{"type":"Feature","geometry":{"type":"LineString","coordinates":[[121.2320103503552,16.989295008476592],[121.23111479428758,16.99053472992222],[121.23075114316548,16.991608954138666],[121.23055734593635,16.99342180908308],[121.2303417238911,16.997559349827455]]},"properties":{"ID":0,"RIVER_NAME":null}},{"type":"Feature","geometry":{"type":"LineString","coordinates":[[121.24887688879897,16.98155872025216],[121.24798463658307,16.982458328762025],[121.24743537823905,16.984494978634217],[121.24753847792107,16.986083599506426],[121.24793883037795,16.987391252825592],[121.24793093120937,16.98824175672137],[121.24768522739376,16.989317034270865],[121.24690867086746,16.990444448079064],[121.24524453648561,16.991961146602463],[121.24245233498891,16.994375371629314]]},"properties":{"ID":0,"RIVER_NAME":null}},{"type":"Feature","geometry":{"type":"LineString","coordinates":[[121.30456174886459,16.994845183391778],[121.30555638965758,16.99564734769081],[121.30637476306397,16.996391335696387],[121.30719619753967,16.99679510904363],[121.30759800886612,16.99798927943638],[121.30788247491151,16.999125767956684]]},"properties":{"ID":0,"RIVER_NAME":null}},{"type":"Feature","geometry":{"type":"LineString","coordinates":[[121.30312930462597,16.97719763454706],[121.30443221700834,16.97647129486796],[121.30555886295787,16.975686774713964],[121.30609679145736,16.97484065060727],[121.30628322087736,16.97376477966273],[121.30624718679469,16.97121269612643],[121.30632187128494,16.96945542029761],[121.3069303857281,16.96730563182425],[121.3076516419702,16.965723839277675],[121.30884372491298,16.96420265335042],[121.30985801969845,16.962793398696753],[121.31069605284641,16.96132597168554],[121.31144873625746,16.959517594603593],[121.31206272091299,16.956744054922314],[121.31231458601903,16.954931528565798],[121.31275179236319,16.95215652168181],[121.31293561996777,16.9513641489945]]},"properties":{"ID":0,"RIVER_NAME":null}},{"type":"Feature","geometry":{"type":"LineString","coordinates":[[121.31078442926018,16.961326703446076],[121.31337376932021,16.96168836557183],[121.31655129207394,16.962168263266605],[121.31772864376886,16.96229138855605],[121.31831832974922,16.962239543700406],[121.31967848952004,16.961683684370733],[121.32151149592484,16.960961585772644],[121.32369447468665,16.960639292801574],[121.32770640836742,16.960048440402655],[121.32995079531105,16.959443047200825],[121.3303844682,16.959407496181132]]},"properties":{"ID":0,"RIVER_NAME":null}},{"type":"Feature","geometry":{"type":"LineString","coordinates":[[121.30687197462153,16.967248440570756],[121.30541272571917,16.965705250519513],[121.30448580056422,16.963939651822788],[121.30375091448957,16.96047445755461],[121.30320450465827,16.955706583638204],[121.30298105885642,16.954343773886446],[121.30211108071572,16.952805467722417],[121.29983380394398,16.950518260515484],[121.29796591208378,16.94857468278294]]},"properties":{"ID":0,"RIVER_NAME":null}},{"type":"Feature","geometry":{"type":"LineString","coordinates":[[121.42268497894987,16.851093088274943],[121.42214738160676,16.85198248351805],[121.42213838432869,16.853067412948857],[121.42225346703451,16.85517447151711]]},"properties":{"ID":0,"RIVER_NAME":null}},{"type":"Feature","geometry":{"type":"LineString","coordinates":[[121.39116607752041,16.83980706342309],[121.38976634204181,16.840753430675143],[121.38837469598097,16.840742511169704],[121.38531983752404,16.841484378921006],[121.38333014310112,16.8416601877403],[121.38107862676898,16.84145097778741],[121.37835997553628,16.84162098841826]]},"properties":{"ID":0,"RIVER_NAME":null}},{"type":"Feature","geometry":{"type":"LineString","coordinates":[[121.39407548732878,16.848445914325698],[121.39327537784158,16.849014056221314],[121.39221502815045,16.849005751623565],[121.3902931458653,16.848990685589445]]},"properties":{"ID":0,"RIVER_NAME":null}},{"type":"Feature","geometry":{"type":"LineString","coordinates":[[121.39943403012711,16.825958275513454],[121.39745362220928,16.825049317243543],[121.39541556707239,16.823118724383836],[121.3937724379918,16.821510315574965]]},"properties":{"ID":0,"RIVER_NAME":null}},{"type":"Feature","geometry":{"type":"LineString","coordinates":[[121.37948359527806,16.810803599416165],[121.37986650932027,16.812529826410255],[121.38065402909484,16.813429546611395],[121.38131337039503,16.813817674309405],[121.38190862083434,16.81395000519354],[121.38270535619141,16.81376480628194],[121.3836367720748,16.813325372344448],[121.38436616344144,16.81326728258099],[121.38495871317419,16.81371869695931],[121.38528190525321,16.81467857613458],[121.38513371424014,16.816528270370682],[121.38551938889663,16.817935399098968],[121.38677186536981,16.818711105411925]]},"properties":{"ID":0,"RIVER_NAME":null}},{"type":"Feature","geometry":{"type":"LineString","coordinates":[[121.37370336763837,16.812608815356317],[121.37196375862247,16.81457354139547],[121.3713570709781,16.815781360525552],[121.3708730807408,16.818138951129672],[121.37053741569981,16.81864686881493],[121.37040271280463,16.818901090056507],[121.36947015203091,16.819468094614997],[121.36887380478306,16.819463362840633],[121.36659054246442,16.819126119158923],[121.36479931775223,16.819367165005108],[121.36287008863995,16.82024531647415],[121.361004909496,16.821379247237456],[121.35920377335547,16.82276895839727],[121.35707570192135,16.8236454625095],[121.355612986555,16.824208159345186],[121.35289459199346,16.82437785254062],[121.3508332934825,16.825191001565134],[121.349703521111,16.82556486078506]]},"properties":{"ID":0,"RIVER_NAME":null}},{"type":"Feature","geometry":{"type":"LineString","coordinates":[[121.37193062902368,16.814573279040346],[121.3731851991902,16.81509378940965],[121.37437242913832,16.815741404962516],[121.3750241498454,16.81702300607642],[121.37593222371548,16.81932779029922],[121.37691092596239,16.82112255001262],[121.37742255006364,16.82329655348033],[121.37727372541418,16.82521005151198],[121.37673220606099,16.826546044881884],[121.37605488723524,16.828263896988958],[121.3757686144722,16.830750706328416],[121.3757392319458,16.834196881043333],[121.37582557084482,16.83572930003605],[121.3754203498011,16.836619607293095],[121.37475495715435,16.836933453617657],[121.37309337476944,16.837494696348625]]},"properties":{"ID":0,"RIVER_NAME":null}},{"type":"Feature","geometry":{"type":"LineString","coordinates":[[121.3683010582511,16.801205644163804],[121.36835912963237,16.802163439719028],[121.36781817643158,16.80343559474911],[121.36680687200568,16.805469880863736]]},"properties":{"ID":0,"RIVER_NAME":null}},{"type":"Feature","geometry":{"type":"LineString","coordinates":[[121.34561076963047,16.797003661470143],[121.34573276788154,16.798217255515997],[121.34638423879659,16.799498927336927],[121.34795056408286,16.802255847099172],[121.34978636735694,16.80450434551307],[121.35097178809494,16.80534353637499],[121.35288437898353,16.80638001153845],[121.35393731383063,16.807218126089193],[121.35464686823767,16.809457571356226],[121.35521951946988,16.812206495366762]]},"properties":{"ID":0,"RIVER_NAME":null}},{"type":"Feature","geometry":{"type":"LineString","coordinates":[[121.33988256539163,16.80046771520769],[121.33928017892127,16.80116489071123],[121.3385502801239,16.801286640477908],[121.33781871341552,16.801599838638875],[121.33734771171133,16.802425712038055],[121.33713282532912,16.804274798193862],[121.33699531131815,16.804848079730274],[121.33545085752459,16.807196979635236],[121.33364468379223,16.80916081558144],[121.3323404185453,16.81055431174357],[121.33164994530377,16.813739775047015],[121.33116827279493,16.815778146038475],[121.33016322285884,16.817046408969414],[121.32883133854335,16.81780143928436],[121.32750560177122,16.8178544775507],[121.32598220917869,16.817778255346873],[121.32406631488708,16.81712443263872],[121.323208321901,16.816734509309892]]},"properties":{"ID":0,"RIVER_NAME":null}},{"type":"Feature","geometry":{"type":"LineString","coordinates":[[121.33696107169906,16.80497544584029],[121.33755180444543,16.805618436064552],[121.3386720270438,16.806329524011364],[121.34031786161562,16.807555421122707],[121.34182954151596,16.80897168969328],[121.34280509133721,16.811085666291618],[121.34299499260969,16.812108342233934],[121.34285249782211,16.81325598237992],[121.34210812961776,16.815036984966294],[121.34096508201898,16.81694240920088]]},"properties":{"ID":0,"RIVER_NAME":null}},{"type":"Feature","geometry":{"type":"LineString","coordinates":[[121.33081705911103,16.780162985080004],[121.33055207559683,16.780160837329184],[121.33002099348991,16.780284174607417],[121.32947931253084,16.78162003114103],[121.32932506098784,16.784107813977112],[121.32870650770472,16.78665564868957],[121.32835628130965,16.788822730752507],[121.32853492409984,16.7911217490431]]},"properties":{"ID":0,"RIVER_NAME":null}},{"type":"Feature","geometry":{"type":"LineString","coordinates":[[121.32898951189392,16.777020916712264],[121.32687303286403,16.776620808576084],[121.3242889389607,16.776663625051743],[121.32256658410192,16.776649606840174],[121.3204422795921,16.777142866770312],[121.3191746568211,16.77815366531021],[121.31771277887641,16.778652299555013],[121.31644962930663,16.779152547252835],[121.31504554452444,16.7806089488788],[121.31396140710324,16.783344378088668],[121.31394169816633,16.785577950241855],[121.31404321770937,16.78908893349672],[121.3136945104681,16.79106452582128],[121.3126040774506,16.794501916810486],[121.31110988131604,16.798638012871958],[121.30910424529598,16.800663803914038]]},"properties":{"ID":0,"RIVER_NAME":null}},{"type":"Feature","geometry":{"type":"LineString","coordinates":[[121.32422213510364,16.77672690288863],[121.32552354615075,16.77941798103581],[121.32597552655396,16.78076190269234],[121.32603338802944,16.78171969261548],[121.32555848104887,16.782992257557787],[121.32455974529327,16.783558525380716],[121.32276267899063,16.78450121386771],[121.32122722120702,16.785828945200425],[121.32095213598544,16.78697548259085],[121.32100997099198,16.78793327127654],[121.32173085268023,16.788832645297063],[121.32218394257322,16.790048940546548],[121.32295763793765,16.792480449628773],[121.323176064376,16.794013937134352],[121.32296498291747,16.795416282455736],[121.32229069851434,16.796751029981806],[121.32068551112529,16.798461105316875],[121.31861821412228,16.79997592646598],[121.31682039833993,16.800982361386012],[121.3152145634468,16.80275620199621],[121.31433410745112,16.804918898308664],[121.31365182934533,16.807147034680533],[121.31329121803168,16.81046275922726]]},"properties":{"ID":0,"RIVER_NAME":null}},{"type":"Feature","geometry":{"type":"LineString","coordinates":[[121.30109127727565,16.781579261416237],[121.30066486272995,16.7848305937424],[121.29957368042336,16.78833171542722],[121.29854642707969,16.79208863735169],[121.29844037347877,16.796555193810548],[121.29778766580164,16.799166433414886],[121.29596640728518,16.80278911850248],[121.29414165127363,16.806794673241523]]},"properties":{"ID":0,"RIVER_NAME":null}},{"type":"Feature","geometry":{"type":"LineString","coordinates":[[121.34151256105629,16.822563119943727],[121.34265697819313,16.828124824109],[121.34283079013989,16.830998193266417],[121.34261034519038,16.83348545193334],[121.34226246089423,16.83493560016994]]},"properties":{"ID":0,"RIVER_NAME":null}},{"type":"Feature","geometry":{"type":"MultiLineString","coordinates":[[[121.37287878493412,16.851278593198575],[121.37330691967273,16.851281987749953],[121.37433140985293,16.85160921803414],[121.3752554056185,16.852063292189605],[121.37604903983959,16.852261041775726],[121.37671176435727,16.852266285964507],[121.37810783862905,16.85176674777121],[121.37964025493297,16.850821519725827],[121.38189676234036,16.8504563915496],[121.38388329747929,16.850663514012496],[121.3859975113493,16.851446024516008],[121.38843608124648,16.85306075579274],[121.39053954566161,16.855119590722627],[121.39230628786088,16.857813994935903],[121.39270178011675,16.85807238491413],[121.39310050857473,16.85794786358138],[121.39343296162609,16.857822822359278],[121.39363340344411,16.85763292412312],[121.39376972575093,16.857187232844375],[121.39403805768704,16.856806397622417],[121.39457040922125,16.856555273781613],[121.39556291271354,16.856754507049146],[121.39588944209802,16.857331465375815],[121.39581993775928,16.857713858264827],[121.39501817566298,16.858473459071803],[121.3941463595873,16.859679266509044],[121.39401876441539,16.859840340547887]],[[121.39570898239137,16.860581186484037],[121.39613086159257,16.860141553643167],[121.39639973192892,16.859696896855404],[121.39680061407172,16.859317094245736],[121.3971982675795,16.859320202071054],[121.39759215712357,16.859770039125458],[121.39765428866203,16.860431582214787],[121.39792469379199,16.861510211129268],[121.39806387333388,16.86161414047926]],[[121.40039109934806,16.8626349230676],[121.40131152450385,16.862798738100363],[121.40184227648245,16.862739052181393],[121.40250772681475,16.86242512266058],[121.4029732728259,16.862237279955124],[121.40370231771936,16.86224295606491],[121.40409515793081,16.8628204198389],[121.40402245265904,16.863585729042807],[121.40397423578469,16.864206510257052]],[[121.40664338677783,16.86553859197243],[121.40970842972082,16.86528930306833],[121.41017237631883,16.865292900836014],[121.41056844422967,16.86548744062207],[121.41188547791133,16.866518815369115],[121.41379424398329,16.86812916993463],[121.4145201212981,16.868517723761673],[121.41567044515024,16.86912923808798]],[[121.42400950410283,16.86974306291139],[121.42541676249292,16.86936758635822],[121.42667925268225,16.868994338617092],[121.42694648509026,16.868741095409916],[121.42715007751939,16.86816824612772],[121.4269565200732,16.86752852624951],[121.42656571094085,16.866695822153826],[121.42657204964048,16.865929989005334],[121.42657733163772,16.865291794669524],[121.42704814626535,16.86446570139505],[121.42771304095628,16.864215506561205],[121.42804496005039,16.86415422776622],[121.42870510566281,16.8644784050618],[121.42942256923772,16.865888019964235],[121.4309322353056,16.867686638826363],[121.43108746417803,16.867813221269063]]]},"properties":{"ID":0,"RIVER_NAME":null}},{"type":"Feature","geometry":{"type":"LineString","coordinates":[[121.42432315547768,16.857360376543813],[121.42663383464217,16.858463112693602],[121.42821391647168,16.859751697965176],[121.42920226937494,16.860461329090423],[121.43065720438993,16.860855408678717],[121.43191699793287,16.860801220900356],[121.43304634041824,16.860490733972924],[121.43391004586438,16.860242036082457],[121.4349704796625,16.86025013052659],[121.43609351736659,16.860705463173996],[121.43715552719483,16.861204531594627]]},"properties":{"ID":0,"RIVER_NAME":null}},{"type":"Feature","geometry":{"type":"LineString","coordinates":[[121.39759794036004,16.86048496779698],[121.39697901437368,16.860964563466617],[121.39692558093995,16.861114842291524]]},"properties":{"ID":0,"RIVER_NAME":null}},{"type":"Feature","geometry":{"type":"LineString","coordinates":[[121.36792656812922,16.84930363698551],[121.36790322156402,16.848947524774548],[121.3681327835953,16.848249622456922],[121.36831245202262,16.846851594990493],[121.3686048185881,16.845346812258004],[121.36833782706556,16.843891408331956],[121.36795998402013,16.84232747244852],[121.36690964153127,16.840973488798916],[121.36613829074746,16.839675546350353],[121.36597940242771,16.838651602701898],[121.36615722382439,16.837468862695804],[121.3668338700814,16.83677451725619],[121.3687954472308,16.836144205110884],[121.3708128996809,16.835514316421662]]},"properties":{"ID":0,"RIVER_NAME":null}},{"type":"Feature","geometry":{"type":"LineString","coordinates":[[121.28876334645165,16.879412748677638],[121.28899178374803,16.878876423892677],[121.2894452615205,16.87818050774112],[121.29040035343964,16.877650245924933],[121.29135253576399,16.877442894872548],[121.29297402649674,16.877402586183543],[121.29504027731986,16.87763508280998],[121.29789198780611,16.8775511443936],[121.30180670622846,16.877368331476404],[121.30454854609924,16.87706809459307],[121.30639506883772,16.87686806983488],[121.30818137842599,16.877151944447405],[121.3106379840457,16.877495155024924],[121.31225231319448,16.87826199137455]]},"properties":{"ID":0,"RIVER_NAME":null}},{"type":"Feature","geometry":{"type":"LineString","coordinates":[[121.29161112054615,16.910815466288042],[121.29218230814658,16.90947465632351],[121.29314337430665,16.908298566824413],[121.29432369317287,16.90760870899361],[121.29556087703453,16.90681167077492],[121.29658023121821,16.905366930980758],[121.2975995692811,16.903922184502978],[121.29895142113565,16.902803136026982],[121.3003577145802,16.901845999595857],[121.30153363134627,16.901640468728036],[121.30209267335377,16.901645107689717],[121.30348642796491,16.902087254421048],[121.30443295354925,16.90252568707847],[121.30509370759492,16.903661454743677],[121.30625280929125,16.905339581988617],[121.30702779717492,16.906207172697364],[121.30758541313243,16.906373256639995],[121.30797627325232,16.906430312984355],[121.30904328310686,16.905900898362333],[121.31017242769686,16.904672283620048],[121.3113579416994,16.903390302820267],[121.31288269728704,16.90168052105248],[121.31474810896782,16.899381469297094],[121.31587669893793,16.89820663537481],[121.31703656828965,16.896655284327277],[121.31777285316487,16.89558485937016],[121.31834237558007,16.89440541349172],[121.3199238481466,16.892588384827345],[121.32189326998275,16.891151288664528],[121.32268302815034,16.89035039969759],[121.32313974931607,16.8892776602122],[121.32343969441841,16.886965683300584],[121.3234644072977,16.884167035971817],[121.32412767800585,16.88185802906791],[121.32464786104362,16.879924616858855],[121.32521633708903,16.878852782559854],[121.32583311450871,16.878642526645166],[121.32683975507705,16.878596925104723],[121.32801077383866,16.87892942916811],[121.3292874396846,16.879962502865332],[121.3299365176866,16.88076579043916]]},"properties":{"ID":0,"RIVER_NAME":null}},{"type":"Feature","geometry":{"type":"LineString","coordinates":[[121.31017194811055,16.904726103291974],[121.31105397069975,16.906132800473078],[121.31194127651612,16.906947478055816],[121.31249890019444,16.90711354917139],[121.3131138676529,16.907118620596393],[121.3136198950621,16.90679985003469],[121.31412448527647,16.906642537375188],[121.31484839389394,16.90697144349059],[121.31523304177394,16.907728143640593],[121.31566499233867,16.909454060032225],[121.31633157342509,16.909943961119787],[121.31694655127916,16.90994902184859],[121.31840825184342,16.909046038345068],[121.3194193465182,16.90851610886315],[121.3208189221727,16.90831230602521],[121.32445048417269,16.90861120130667],[121.3259599713422,16.90862355896079],[121.3276892898889,16.90906829474444],[121.32907985339676,16.909887018139436],[121.33155968254783,16.91082226863148],[121.33312415411014,16.910942671545712],[121.3340191528474,16.91089613870244],[121.33497904099623,16.909827470750358],[121.3353831532875,16.908377506400207],[121.33581182007194,16.9041288809369],[121.3363423552697,16.90101138883308],[121.33675539783304,16.89853882971527]]},"properties":{"ID":0,"RIVER_NAME":null}},{"type":"Feature","geometry":{"type":"LineString","coordinates":[[121.31849211214015,16.909046727666627],[121.31925238121347,16.911582694749015],[121.31935369801369,16.912767651045236],[121.31911431468878,16.914541869159333],[121.31847544316543,16.917227805834184],[121.31794263599582,16.92056049586925],[121.31736297736335,16.922870145870714],[121.31673381953082,16.927601450585918],[121.315982069476,16.93039408744709],[121.31428167465974,16.932963599975587],[121.31360207863064,16.93392681615646],[121.31320252673355,16.934838518284604],[121.31299099598989,16.936612948764058],[121.313595028778,16.937855878001017],[121.31420386355983,16.938560609968953],[121.31498332536216,16.93894380667889],[121.31570352139221,16.939703277093862],[121.31781301259997,16.94144301838832],[121.31887016416962,16.94204378346965],[121.32015242376853,16.942484924380746],[121.32227535363648,16.942717671144955]]},"properties":{"ID":0,"RIVER_NAME":null}},{"type":"Feature","geometry":{"type":"LineString","coordinates":[[121.31368642919703,16.933873688817034],[121.31268045628435,16.93381155966295],[121.31167544457192,16.933641786488934],[121.31089601149984,16.933258579517307],[121.30978013880936,16.93298023385906],[121.30849460564444,16.932915771688176],[121.307317051264,16.93328278351925],[121.3054073140575,16.934235773755198],[121.30427939273073,16.93530288209641],[121.30348453341874,16.936641865992623],[121.30268338679328,16.93868049633408]]},"properties":{"ID":0,"RIVER_NAME":null}},{"type":"Feature","geometry":{"type":"LineString","coordinates":[[121.3103349207824,16.7344648665974],[121.3082594404022,16.733265477783956],[121.30679121765418,16.732780485586908],[121.30458314833174,16.732703246292548],[121.3028622167699,16.733043824472496],[121.30108255017234,16.733088307398397],[121.29979525478404,16.732959471958022],[121.29808008942588,16.73264974409525],[121.29611953360482,16.732337977518025],[121.29237406856178,16.73266174982664],[121.2896699537455,16.733171439443737],[121.28732705847247,16.73445263689156],[121.28596943552358,16.735328154958545],[121.28507615875625,16.735734569199607],[121.28384809917996,16.73584260153088]]},"properties":{"ID":0,"RIVER_NAME":null}},{"type":"Feature","geometry":{"type":"LineString","coordinates":[[121.31376066934732,16.725151954472054],[121.3125992260078,16.72466951145237],[121.31143674818877,16.724305293350316],[121.3096571576592,16.72434985782996],[121.30787391708017,16.724808214411645],[121.306457709795,16.72538780373648],[121.3054142812269,16.725438365344917],[121.30437137526641,16.72542980638178],[121.30308621869153,16.72506453502939],[121.30162173760596,16.724165706419413],[121.30010221076735,16.7225569822195],[121.29901003308211,16.721188245392568],[121.29791105267212,16.7205880000662],[121.29662436934962,16.720400037554782],[121.2953964085796,16.720508148397244],[121.2935497337585,16.721202335184934]]},"properties":{"ID":0,"RIVER_NAME":null}},{"type":"Feature","geometry":{"type":"LineString","coordinates":[[121.30714631814705,16.70894872623],[121.3050249964913,16.70908269056379],[121.30376804040304,16.70914805390919],[121.3027466380794,16.70921534360848],[121.30168363380493,16.709547142017126],[121.3010135519327,16.7098443278909],[121.30010355829693,16.71063141295311],[121.29915396269298,16.711456003928063],[121.29753594070783,16.71238859451513],[121.29674840039672,16.712646961151915],[121.29627795736782,16.712567410995035],[121.29557531724826,16.71210758112038],[121.29475255000976,16.71191161284814],[121.29400763089814,16.711791956733446],[121.29310332087977,16.711935836374415],[121.29164331808485,16.712756173856814],[121.29049839134132,16.713465597318077],[121.28959339789799,16.71368512762429],[121.28802402597545,16.71355862500187],[121.28661169534217,16.713433412574226],[121.28571176797246,16.713085423953896],[121.28445749579853,16.712847999472178],[121.28359412866942,16.712802995242345],[121.28280826548041,16.712872139942714],[121.28115056583607,16.713842100778994],[121.2803193370644,16.714591908848725]]},"properties":{"ID":0,"RIVER_NAME":null}},{"type":"Feature","geometry":{"type":"LineString","coordinates":[[121.30869319383075,16.69825361612496],[121.30747089857232,16.698849004511164],[121.30616541187815,16.699973416401974],[121.3045824370387,16.70139823675788],[121.30343561785685,16.702334746221876]]},"properties":{"ID":0,"RIVER_NAME":null}},{"type":"Feature","geometry":{"type":"LineString","coordinates":[[121.2948238513805,16.695037157678264],[121.29512044310565,16.697007097478473],[121.29576766462732,16.699282617943396],[121.2957196809514,16.700265970198455],[121.29547675316597,16.70109636993976],[121.29476340673011,16.701847217929778],[121.29369909038391,16.702330312510888],[121.2922838066693,16.70254564846294],[121.289687429516,16.703129572851154],[121.2881709594016,16.70368456959684],[121.28635971164915,16.70427494800645]]},"properties":{"ID":0,"RIVER_NAME":null}},{"type":"Feature","geometry":{"type":"LineString","coordinates":[[121.32703664701032,16.763700027632385],[121.32605514438409,16.763940367898044],[121.3251290959059,16.763734198939144],[121.32425415847356,16.763578103122565],[121.3235832214979,16.763671970989744],[121.32306517397186,16.76396572692437],[121.32232657956759,16.765896519118108],[121.32185658329733,16.766587955054693],[121.32013948468537,16.76841144365031]]},"properties":{"ID":0,"RIVER_NAME":null}},{"type":"Feature","geometry":{"type":"LineString","coordinates":[[121.32625451407708,16.75882683232559],[121.32563426784898,16.759020443229808],[121.32443966255786,16.760053633649658],[121.32329919801813,16.760789286516793],[121.32304104871544,16.760836848503416],[121.32273179171978,16.760834332748153],[121.32252649101615,16.760733339168947],[121.32227269527252,16.76028431947258],[121.32207262012481,16.75958742868441],[121.3219717122098,16.759338299387586],[121.32197563077413,16.758891376760253],[121.32255260618368,16.757753854157038],[121.32266047708424,16.75720845368843],[121.32256261558673,16.756611717997412],[121.3220004455664,16.756060866317334],[121.32061753798457,16.755056376836833],[121.31990206247467,16.754355286975862],[121.31913461541642,16.753703433033913],[121.3181129603828,16.7526522113351],[121.31766087654081,16.751307662408585],[121.31767091103603,16.750165528412648]]},"properties":{"ID":0,"RIVER_NAME":null}},{"type":"Feature","geometry":{"type":"LineString","coordinates":[[121.32186906283097,16.759287802326114],[121.32125316777339,16.7589848189813],[121.32053114007728,16.759028600571916],[121.31940113469105,16.758572438987024],[121.31811694563231,16.758065352500033],[121.31734599921661,16.757810755008666],[121.31461428212717,16.75778844493772],[121.31296757167495,16.757477010125964],[121.31162880298766,16.757317068405317]]},"properties":{"ID":0,"RIVER_NAME":null}},{"type":"Feature","geometry":{"type":"LineString","coordinates":[[121.07241283916983,16.117227350925507],[121.07265147816446,16.11832467317713],[121.07278478130361,16.119799831630814],[121.07310930336816,16.121847279927078],[121.07322790482507,16.12484380673452],[121.0731166688244,16.126174115451107]]},"properties":{"ID":0,"RIVER_NAME":"Barak River"}},{"type":"Feature","geometry":{"type":"LineString","coordinates":[[121.10383122671519,16.2169303051231],[121.10559106683732,16.215587452597532],[121.10580842464577,16.215136536765172],[121.10628888942652,16.21390576264887],[121.10655317489591,16.213002408528002],[121.10715751278752,16.21218442308405],[121.10848966684156,16.211002401627432],[121.109604070653,16.210312457020105],[121.11067625466887,16.20958096132692],[121.11127821175562,16.209009952922308],[121.11175548833562,16.20810848328363],[121.11291560400512,16.20708957404944],[121.1158686000203,16.205716049415273],[121.117755291553,16.20445654016614],[121.11925540480505,16.20352294128995],[121.11975237176846,16.202786298788066],[121.11972147596994,16.2015509552005],[121.11977929735737,16.19994587556324],[121.12004232707226,16.199165991765966],[121.12102959825765,16.198392513136344],[121.12257225201205,16.197459260574604],[121.12347313281886,16.196808512710255],[121.12399525875357,16.195660387767738],[121.12473311038846,16.194225980544463],[121.12576488450237,16.193247022301193],[121.12730941923608,16.192107899524483],[121.12902434151387,16.190970263478103],[121.1306710790089,16.190284873913093],[121.13311173187539,16.188988904277295],[121.13504230748654,16.187564921560018],[121.13778805449944,16.185530518168306],[121.13882087880822,16.184427986072635],[121.13951135031618,16.183487130718],[121.13991209983533,16.181638010087646],[121.14000308161395,16.18102126359406]]},"properties":{"ID":0,"RIVER_NAME":null}},{"type":"Feature","geometry":{"type":"LineString","coordinates":[[121.10156705839717,16.19974275356807],[121.10098835753044,16.19788499314713],[121.10096624414544,16.195744025996653],[121.1010261793877,16.19393314087117],[121.10176811754144,16.19208717852989],[121.10259996294448,16.189747990068],[121.10348225049225,16.186585871355838],[121.10447453842329,16.18305420707678],[121.1056529797034,16.180100554852594],[121.10636751577947,16.176648737031766],[121.10679141351082,16.174635236994465],[121.10710253460437,16.1732794333123],[121.10690053088405,16.172124908388028],[121.10669617579303,16.171217375562357],[121.10560279506639,16.16972556681941],[121.10516377762153,16.168857113071095],[121.10498258443178,16.165520824728127],[121.10529801117627,16.163712203498168],[121.10573297862942,16.16276919063183],[121.10758295836492,16.160850704819133],[121.10848996548272,16.159541358852206],[121.10895716217185,16.157445892663862],[121.1091865634571,16.155718833734277],[121.10966564903383,16.15461152448022],[121.11049367960631,16.152642760471288]]},"properties":{"ID":0,"RIVER_NAME":null}},{"type":"Feature","geometry":{"type":"LineString","coordinates":[[121.10523333447291,16.163793965545025],[121.10511457286078,16.162846025069143],[121.10461520907658,16.16160651472964],[121.10394194253472,16.160735974649327],[121.10258757229967,16.159818195917268],[121.10105969637264,16.159228212715576],[121.09991831838862,16.15831231840201],[121.09933420349607,16.15703087454058],[121.09879386848327,16.15562631426851],[121.09855365513786,16.1540185889489],[121.09822432545332,16.152821755334013],[121.09763590512888,16.15199312648515]]},"properties":{"ID":0,"RIVER_NAME":null}},{"type":"Feature","geometry":{"type":"LineString","coordinates":[[121.1010261793877,16.193933140871167],[121.1004344920379,16.19343382953767],[121.09976075917196,16.192604434235356],[121.09870796396139,16.191318792150025],[121.09739642412089,16.190360179123935],[121.09659412431623,16.189611962263935],[121.09596144059222,16.188947599279683],[121.09528418642886,16.188488678261827],[121.09443851235697,16.187822403145198],[121.09291283395855,16.186985352609003],[121.0921531644596,16.186237504110224]]},"properties":{"ID":0,"RIVER_NAME":null}},{"type":"Feature","geometry":{"type":"LineString","coordinates":[[121.12038635204343,16.426116842207012],[121.12125641749915,16.425379416873298],[121.12267513645459,16.424484801494387],[121.12503003395354,16.423995489342925],[121.12614574035807,16.424062160385418],[121.12731802573866,16.424356158650042],[121.12867036543281,16.424254806470852],[121.13020003984352,16.424041611049333],[121.1317248354841,16.424338725388182],[121.13242767262165,16.4245718093818],[121.13341722598881,16.42554463529163],[121.13522119003039,16.427375304779368],[121.13668132530678,16.428295591835198],[121.13849614716148,16.428992187494586],[121.13955422194176,16.428944864180902],[121.14120466993766,16.42839241708545],[121.14292194237996,16.426989935367782],[121.14487150458484,16.425873028231276],[121.14611065763793,16.425316902522802],[121.14711211339448,16.425042208448577],[121.14934626431337,16.424891797877233],[121.15157451698543,16.425365096138673],[121.1543251219927,16.426523459652145],[121.15584250304103,16.427614247999227],[121.15683861543044,16.427906538852614],[121.15848474664936,16.42780757544606],[121.16066338309224,16.42731631146536],[121.16378044659983,16.427003361168854],[121.1659264983364,16.426852003846065],[121.16951091720952,16.42682659175315],[121.17045254652952,16.4266646784249]]},"properties":{"ID":0,"RIVER_NAME":null}},{"type":"Feature","geometry":{"type":"LineString","coordinates":[[121.11510724259894,16.419739422115914],[121.11400656338637,16.418622999260172],[121.1131357373912,16.417537747188828],[121.11296660610267,16.416799039996427],[121.11297426433471,16.416005214907592],[121.11311363564494,16.413738198602875],[121.1131316815554,16.41186703866033],[121.11302075167912,16.411185561221934],[121.11284998311542,16.410616959591596],[121.11220651741583,16.41032764354792],[121.1111490999408,16.410318136994604],[121.11014330929368,16.411046276194806],[121.10943178811942,16.411720352328206],[121.10896987152938,16.411703907870084],[121.10866918963559,16.411600073012885],[121.10826674093956,16.410689142796866],[121.10780609876151,16.40972098126847],[121.10670036521073,16.408633592529878],[121.10635228603608,16.408176802409855]]},"properties":{"ID":0,"RIVER_NAME":null}},{"type":"Feature","geometry":{"type":"LineString","coordinates":[[121.12161338780005,16.415742434747383],[121.12127342858925,16.414435133633415],[121.12057935952777,16.413294784317937],[121.11994785819746,16.41175804501514],[121.11932835427876,16.408973859823213],[121.11927778272714,16.408122803243494],[121.11939799705242,16.407840344868806],[121.11975101143508,16.40778679794991],[121.12074586424636,16.408192648920117],[121.12173582371516,16.40910881466506],[121.1225446591666,16.410533720666752],[121.1227072964062,16.411952849386534],[121.12356510612065,16.41439891688998],[121.12437288589813,16.41593722314534],[121.1250697037987,16.416794051981608],[121.12565120499555,16.4174230213751],[121.12670323887848,16.41799948124772],[121.12722980124506,16.418231007187252],[121.12769924502621,16.418291901234994],[121.12881817648942,16.418018341048562],[121.1302982674861,16.416840676224748],[121.13071979910445,16.415766992722073],[121.13096454164356,16.414748441600523],[121.13121578058112,16.413049460994344],[121.13142126248715,16.409989098533526],[121.1315447098639,16.409366416946735],[121.1321370388554,16.408861319594347],[121.13261133271301,16.40841187828499],[121.13390427599015,16.408366660856302],[121.1347310377041,16.40792034502102],[121.13526514957019,16.4073580132974],[121.13608920429412,16.40719520428357],[121.13761550373155,16.407322155751356],[121.13919947363208,16.40756302207961],[121.14037546190934,16.4074600205754],[121.14131915997037,16.407071419611043],[121.14261909340188,16.406289010913202],[121.14368349902502,16.40556121984597],[121.14450861763714,16.40528497051383],[121.14527230294667,16.405291713630966],[121.14638577427202,16.405585078655037],[121.14807972814029,16.406620756026495],[121.14956755410668,16.407711313463057],[121.15079532518793,16.408345910394367],[121.15331552543425,16.408991867003735],[121.15624269829513,16.41009503087737],[121.15905348038069,16.411083720742894],[121.1629804996783,16.412082141908023]]},"properties":{"ID":0,"RIVER_NAME":null}},{"type":"Feature","geometry":{"type":"LineString","coordinates":[[121.10736752869228,16.397354987842203],[121.10760925026035,16.397676202248675],[121.10852756994942,16.398896510489447],[121.1092758846926,16.400491031056358],[121.11020919590592,16.401179906474145],[121.1121971520564,16.402161789441983],[121.11318922554291,16.40285118117079],[121.11365261517193,16.40353582316167],[121.1142231166205,16.40529885495597],[121.11444607580285,16.406548405653663],[121.11514172551347,16.407518664008546],[121.11759373349325,16.40912844278838],[121.11922497724011,16.41056072778199],[121.1195714577359,16.41118760613955],[121.11967369195276,16.412776315025273],[121.1200761994441,16.413687229171025],[121.12109120926061,16.41566249571214]]},"properties":{"ID":0,"RIVER_NAME":null}},{"type":"Feature","geometry":{"type":"LineString","coordinates":[[121.10469725136588,16.394041944611786],[121.10482844602221,16.39262546253316],[121.10531810607263,16.39058843776739],[121.10544600171761,16.38951216429312],[121.10545148407775,16.388945147381094],[121.10528129861665,16.388319841093345],[121.10475703848212,16.38786146387106],[121.10417568815132,16.387232451088042],[121.10347576802663,16.38671578098507],[121.10242232646057,16.386309332594653],[121.10095442908614,16.38623937652959],[121.09907536966631,16.386165694385753],[121.09716859627535,16.385921625568486],[121.09593400533733,16.386023864714897]]},"properties":{"ID":0,"RIVER_NAME":null}},{"type":"Feature","geometry":{"type":"LineString","coordinates":[[121.10482844602221,16.39262546253316],[121.10579052673806,16.393371318951438],[121.10748303517873,16.39452069515543],[121.10917775379075,16.39544325256365],[121.1104080303171,16.39579455574859],[121.11116455494582,16.396538542860906],[121.11221042033212,16.397738780877173],[121.11266942436214,16.39887703874669],[121.11300876263374,16.400241048715547]]},"properties":{"ID":0,"RIVER_NAME":null}},{"type":"Feature","geometry":{"type":"LineString","coordinates":[[121.12054522490372,16.456812428840664],[121.12115821769784,16.456964233312473],[121.12185842209789,16.457480872186455],[121.12279694451837,16.457659403929068],[121.12461632586079,16.457902525422945],[121.12649284006983,16.45831626308392],[121.12754453966541,16.458949441636708],[121.12876382545413,16.460491423471],[121.12986941275001,16.461635436002318],[121.13127045213524,16.462611959129596],[121.13243971559177,16.463246165390125],[121.13372813963,16.46371130651861],[121.13512921497303,16.46468780714937],[121.13647864312692,16.46597713627119]]},"properties":{"ID":0,"RIVER_NAME":null}},{"type":"Feature","geometry":{"type":"LineString","coordinates":[[121.12975025863342,16.46180449296885],[121.12857611712568,16.461680591920544],[121.12775236871573,16.461786644262755],[121.1267961071736,16.46214904859684],[121.12651869804468,16.46231764683251]]},"properties":{"ID":0,"RIVER_NAME":null}},{"type":"Feature","geometry":{"type":"LineString","coordinates":[[121.12461632586079,16.457902525422945],[121.12426921681691,16.457332349731118],[121.12380349952369,16.456874525147562],[121.1231005638239,16.456641401978587],[121.12198303779596,16.456744801401697],[121.12115821769784,16.456964233312473]]},"properties":{"ID":0,"RIVER_NAME":null}},{"type":"Feature","geometry":{"type":"LineString","coordinates":[[121.12178402278552,16.453000370882773],[121.124301923449,16.45393023270578],[121.1258835145146,16.454454745873797],[121.12675619230727,16.455369859659886],[121.12780570165081,16.456229843759544],[121.1287420511855,16.456635157167494],[121.12961747045885,16.4572667506739],[121.13007450740761,16.458631797814554],[121.13076768053044,16.459885537667816],[121.13204956174825,16.46103111264797],[121.13326726903774,16.462743179566278],[121.1337335660109,16.463144284364493],[121.1358462908141,16.463446634947285],[121.13683928939082,16.464079249419548],[121.13759778567393,16.46465306731857],[121.13859404426864,16.464945460440685],[121.14041190518152,16.465358560742143],[121.14275810349368,16.465833039591097],[121.14410695805884,16.466128534552507]]},"properties":{"ID":0,"RIVER_NAME":null}},{"type":"Feature","geometry":{"type":"LineString","coordinates":[[121.1358468328369,16.463389932663244],[121.13649538434251,16.46316887567754],[121.1371412263969,16.463231328166135],[121.13813747703415,16.46352372268519],[121.13889597567426,16.46409753607827],[121.13882909527682,16.464947549503393]]},"properties":{"ID":0,"RIVER_NAME":null}},{"type":"Feature","geometry":{"type":"LineString","coordinates":[[121.1454255759948,16.471195403085037],[121.14489171225578,16.47043653297398],[121.14436731336946,16.46964669551015],[121.14414305213501,16.468510561655222],[121.1440961633205,16.46726258521558],[121.14410695805884,16.466128534552507],[121.14423797601725,16.46471201249118]]},"properties":{"ID":0,"RIVER_NAME":null}},{"type":"Feature","geometry":{"type":"LineString","coordinates":[[121.12937198125103,16.446093282194187],[121.12892807496657,16.449491740342207],[121.1288415926278,16.45238302415373],[121.1287730472149,16.453403137506488],[121.12917620547495,16.45425734176766],[121.12998253160855,16.455965748854112],[121.13055545946912,16.457501950409604],[121.13171491633437,16.45915679673675],[121.13247066352632,16.460014140917153],[121.13299734217999,16.460245663862825],[121.13381999840932,16.46025299437582],[121.134646450844,16.459863405819842],[121.13588856219619,16.459023855819975],[121.1368314443423,16.458748708009274],[121.13806542207979,16.458759679021966],[121.13947135697879,16.45922582783596],[121.14023038536332,16.459742932863904],[121.1408681118773,16.460655909767002],[121.1416201260539,16.461910142865054],[121.14219964344335,16.46276589303831],[121.14301529554814,16.46351032123494],[121.14371558753871,16.464026895051113],[121.14423797601725,16.46471201249118],[121.1445878555962,16.464998649238854],[121.14570111698899,16.465348753585292],[121.1468176164056,16.465358636644826],[121.14787696917243,16.465197886072513],[121.14887325124639,16.46549023210648],[121.1496307165603,16.46617741592235],[121.15032404410529,16.467431105751167],[121.15090307830481,16.46834353970465],[121.15125297484333,16.468630166876114],[121.15213336435255,16.468751353492376],[121.15383645733426,16.4688797921349],[121.15477293166276,16.469285000363726],[121.15626123966743,16.47037555651527],[121.15701875106907,16.47106271785502],[121.15811921518481,16.472773632570977]]},"properties":{"ID":0,"RIVER_NAME":null}},{"type":"Feature","geometry":{"type":"LineString","coordinates":[[121.1556430061633,16.47360244454399],[121.15623495704384,16.473153998429723],[121.15729595867158,16.472823095035473],[121.15811921518481,16.472773632570977],[121.15929613733927,16.47261386151699],[121.16023692483547,16.47256542399227],[121.16076742207983,16.4723999623519],[121.16159281676329,16.472123673696657],[121.16200524598655,16.472013879596222],[121.16253306786399,16.4721319286407],[121.16299945256651,16.472532976294858],[121.16399526731311,16.472881959366894],[121.16469992532312,16.47294484631673],[121.16540351651916,16.473121137302222],[121.16622517512211,16.473241752476333],[121.16675407071155,16.47324638500716],[121.1674015652557,16.47313863868742],[121.16792939485123,16.473256674741965],[121.16810356159682,16.473485030698477],[121.16856516614416,16.47439639685762],[121.1689113721596,16.475079921044333]]},"properties":{"ID":0,"RIVER_NAME":null}},{"type":"Feature","geometry":{"type":"LineString","coordinates":[[121.17170930390328,16.477542823643798],[121.17012577347289,16.477188736231007],[121.16924426142184,16.477181027007735],[121.16783117711593,16.477452200718705],[121.16659812742279,16.47732798668096],[121.16454180346585,16.47725325478793],[121.16318962109003,16.477298099455],[121.1620725080879,16.47734499980897],[121.15983614026575,16.47766559437303],[121.15801435530274,16.477649567902688],[121.15672630479395,16.477127858740456],[121.15549810224876,16.47649325454874],[121.15454654457035,16.47620694119479],[121.15376639161913,16.476055033341567]]},"properties":{"ID":0,"RIVER_NAME":null}},{"type":"Feature","geometry":{"type":"LineString","coordinates":[[121.17340187109131,16.478805180039878],[121.17181140896501,16.47918824775458],[121.17098759045398,16.479294465024786],[121.16963698906042,16.479169240231084],[121.1691086094356,16.47910791010051],[121.16799255044035,16.47904143469661],[121.16651801523447,16.47959559939302],[121.16545805401684,16.47981314092773],[121.1646940685938,16.479806441746355],[121.1633440067119,16.479624473283998],[121.1625207201432,16.479673953490966]]},"properties":{"ID":0,"RIVER_NAME":null}},{"type":"Feature","geometry":{"type":"LineString","coordinates":[[121.14624803583507,16.472725552815138],[121.14746054840201,16.47500458149673],[121.1481005088922,16.475690733202107],[121.14891731211826,16.476321740063216],[121.15108145176123,16.477418310938823],[121.15277547900075,16.478510712431955],[121.15382899233181,16.478973669244944],[121.15559362826558,16.478819106928384],[121.15777017178846,16.478611448299382],[121.15912236076643,16.478566639721805],[121.16035540867556,16.478690898129244]]},"properties":{"ID":0,"RIVER_NAME":null}},{"type":"Feature","geometry":{"type":"LineString","coordinates":[[121.15771033189925,16.478724336766426],[121.15801435530274,16.477649567902688]]},"properties":{"ID":0,"RIVER_NAME":null}},{"type":"Feature","geometry":{"type":"LineString","coordinates":[[121.24751263435023,16.504688675050687],[121.24747108980351,16.504296966927036],[121.2475208230686,16.503550532572724],[121.24761804520132,16.502306595281144],[121.24729419246381,16.500063325301056],[121.24723098197435,16.497531798090957],[121.24746386274214,16.496498436535386],[121.24774083896057,16.495834909280557],[121.24956264441818,16.49410751303903],[121.25039163184742,16.492786712235404],[121.25096408486212,16.491297794282552],[121.25118878608608,16.490220885014136],[121.25124110455003,16.48918402585038],[121.25124706673914,16.48852020580922],[121.25106250321707,16.487522857844727],[121.25115931169863,16.48632040290993],[121.25165132001156,16.484208429210703],[121.25204949637836,16.482966999216313],[121.25261520136814,16.48222487000205],[121.25317978576109,16.481607205267327],[121.25421587948946,16.48115944080178],[121.25576945472663,16.48055001691786],[121.25637553909515,16.48009865604327],[121.25798730951618,16.477788525910714],[121.25820564454285,16.477416914772036],[121.25873542712475,16.47684043442735],[121.25910010467739,16.475972134814754],[121.25949784222554,16.47477217254247],[121.25963906502184,16.473404108199876],[121.25969428850199,16.472035328549307],[121.26004753271627,16.47100096234217],[121.26153055364907,16.468648230665945],[121.26261732183661,16.467329501800002],[121.264216344974,16.46642993421286],[121.2663294724772,16.465742070688062],[121.2670396595997,16.465664964124127],[121.26807048095816,16.465797968276586],[121.26888668735212,16.46588770126144],[121.26978999339369,16.465853673862995],[121.27000681910243,16.465648003623023],[121.27023063693707,16.464654037047538],[121.27045629173026,16.4634526235388],[121.27080247121765,16.463206527908227],[121.27131990011826,16.463044829717298],[121.27226839532898,16.462762209267762],[121.27274503037876,16.462351216673174],[121.27326980195677,16.46135972637531],[121.27362111531656,16.460532774347197],[121.27453063671246,16.459793404601896],[121.27574112107612,16.45905650750458],[121.27833001779487,16.458040487067407],[121.27973322605192,16.457388133160507],[121.28016793465468,16.45685229917247],[121.2815992037835,16.455453295856643],[121.2821231799564,16.45454475586415],[121.2825651781358,16.453179123915678],[121.28302684137573,16.452021114387623],[121.28398402453199,16.45074268301022],[121.28536967477963,16.44963372195164],[121.28688865954399,16.448027927896135],[121.28902406698154,16.444767443326224],[121.28998153654692,16.443447486864915],[121.29142751564942,16.44034731610934],[121.29400776176641,16.432899609964004]]},"properties":{"ID":0,"RIVER_NAME":null}},{"type":"Feature","geometry":{"type":"LineString","coordinates":[[121.28016793465468,16.45685229917247],[121.28013627657364,16.455565771175515],[121.27993154199737,16.454402300057826],[121.27879483534623,16.45165446108417],[121.27748288845363,16.449278610558135],[121.27714992515413,16.448031099316463],[121.2770538977085,16.444295985071435],[121.27705226777108,16.439607317472767],[121.27720145868004,16.434878394132763],[121.27764964866222,16.4328074467283],[121.27811427568247,16.428869466038865],[121.27835974439039,16.426381924689522]]},"properties":{"ID":0,"RIVER_NAME":null}},{"type":"Feature","geometry":{"type":"LineString","coordinates":[[121.25873542712475,16.47684043442735],[121.25851687801354,16.47434909301303],[121.25838758732883,16.473418595312772],[121.2575712158226,16.4723827991094],[121.25686220326482,16.470883183475976],[121.25669703895984,16.470118354826532],[121.2561517161639,16.469549522033766],[121.25430551702355,16.468272780903938],[121.25211596281673,16.466926772690478],[121.25129697183833,16.466189676890835],[121.25067044709357,16.465089057044338],[121.25023281437649,16.464023207553616],[121.24854038976862,16.460955256756097],[121.24741753635534,16.459584931140125],[121.24550389231,16.45817478633024],[121.24396205550377,16.457497999249252],[121.24042259609249,16.457103175962185],[121.23774334259706,16.456682337432852],[121.23559963261174,16.456000429170086],[121.23409254967709,16.455290673092854],[121.23231723421772,16.453815198408382],[121.22917068278885,16.451830229760564],[121.22570922142303,16.450440031625565],[121.22454344518871,16.45003184119694],[121.22267108817,16.449783620302455],[121.22122775347934,16.449638603824148]]},"properties":{"ID":0,"RIVER_NAME":null}},{"type":"Feature","geometry":{"type":"LineString","coordinates":[[121.2304491502111,16.513910973045128],[121.23228722385105,16.515149447683175],[121.23390860180884,16.516689893309767],[121.23574793850102,16.517468804560043],[121.23690337576939,16.518038363841455]]},"properties":{"ID":0,"RIVER_NAME":null}},{"type":"Feature","geometry":{"type":"LineString","coordinates":[[121.23684831648967,16.51829235421422],[121.23742119218035,16.519111447070085],[121.23810326654589,16.519524331599527],[121.23926102919553,16.51983944356104],[121.24114856610014,16.521127629232026],[121.24151460509617,16.52148695025115],[121.24183111676527,16.521489615681812],[121.24193754156039,16.521388729511806],[121.24167976849392,16.52072497405627],[121.24132017838306,16.51965323176855],[121.24053489678346,16.518985031930892],[121.23943127045621,16.51851771039532],[121.23816893585158,16.518099935658768],[121.23753638636029,16.51804370711678],[121.23690337576939,16.518038363841455],[121.2368492398576,16.518190579922113],[121.23684831648967,16.51829235421422]]},"properties":{"ID":0,"RIVER_NAME":null}},{"type":"Feature","geometry":{"type":"LineString","coordinates":[[121.2419366206679,16.521490504052206],[121.24303889002331,16.52211047631089],[121.24377190038919,16.522727337530718],[121.24475856300934,16.524465935663617],[121.24611681304334,16.52595319674425],[121.24721636657802,16.52687847471648],[121.24768885321474,16.527136897986875],[121.24837602756537,16.526989991860994],[121.24885402184177,16.526637763484764]]},"properties":{"ID":0,"RIVER_NAME":null}},{"type":"Feature","geometry":{"type":"LineString","coordinates":[[121.24917375404469,16.52628420649014],[121.24824025401945,16.524495180083633],[121.24757007311754,16.522759252345175],[121.24679210305924,16.521276874512612],[121.24559075286565,16.51994361164398],[121.24464628020014,16.51937587084812],[121.24328164323285,16.51860102732297],[121.24255785218566,16.516966419669043],[121.24152125347028,16.51492204765629],[121.24058326565186,16.513641869910778],[121.23979432293066,16.513380767532958],[121.23858338586854,16.513116104398595],[121.23705318709973,16.513154086783977]]},"properties":{"ID":0,"RIVER_NAME":null}},{"type":"Feature","geometry":{"type":"LineString","coordinates":[[121.23715730184176,16.51330763866843],[121.23704764922059,16.513764732882102],[121.23672930460249,16.51396561007166],[121.23567430967012,16.513956701607245],[121.23377763221625,16.51368621754429],[121.23272587884688,16.513321084933974],[121.23068439694788,16.51157351159667],[121.22864248862899,16.50987680853914],[121.22775643306504,16.508698804212386],[121.22708555407068,16.507064605003897],[121.2265826701137,16.50436312196033],[121.22613857427842,16.50100055592261],[121.22635605278994,16.500289929116782],[121.22678033782199,16.500039074301796],[121.22751924140023,16.499994450116063],[121.22809573681121,16.500406464977086],[121.2279240574882,16.501880846094096],[121.22795872517774,16.50386588534428],[121.2282640813394,16.505089855972766],[121.22904416774622,16.50631785019426],[121.22950360692688,16.508001143844854],[121.23001950676031,16.50927778787438],[121.23080517533442,16.50989513355301],[121.23169403232731,16.51076780489682],[121.23300165194867,16.512000252442384],[121.23368276733899,16.51251492253491],[121.2348941531479,16.51272872598327],[121.2364220391629,16.512945194941878],[121.23694814950603,16.5131023092094],[121.23710501371646,16.513256306319672]]},"properties":{"ID":0,"RIVER_NAME":null}},{"type":"Feature","geometry":{"type":"LineString","coordinates":[[121.22630423485117,16.50018770767572],[121.22594615041629,16.4989632879728],[121.22522720834452,16.496819769214575],[121.22370736415361,16.49573815440987],[121.21997926691188,16.493874381447746],[121.21877174726208,16.49325341001329],[121.21714042412918,16.492832382282284],[121.21525145798834,16.491747565160875],[121.21351840756184,16.49091851774513],[121.2120801304076,16.48958307140715],[121.21119987205553,16.48779437449979],[121.20915650973004,16.48630106445359],[121.20732086481338,16.485165750595133],[121.20643785640536,16.483682358020896],[121.20603327234133,16.481795941394072],[121.20567440336976,16.48067327364781],[121.20447405052785,16.47928893483517],[121.203120659558,16.47734348178158],[121.20128647652076,16.47320560339527],[121.20025662578435,16.47049956096433],[121.20016618628121,16.468870290663894],[121.20045523172571,16.466124692499278],[121.20116332897895,16.463688034735856],[121.2026327732545,16.46161414010506],[121.20369590132701,16.460707230426323],[121.20507542472619,16.45980302556578],[121.20593461583276,16.458130996269375],[121.2070579253711,16.456410331538876],[121.207808812209,16.455042708331554],[121.20824375925297,16.453621489528732],[121.20878743273697,16.451844963619347],[121.21009803749162,16.449820532335707],[121.21174903531205,16.44805344800087],[121.21466786870234,16.44604269443987],[121.2158839314001,16.445696810884428],[121.21709720237652,16.445656241554516],[121.2183118666878,16.44546300419007],[121.22016579170182,16.444562713827853]]},"properties":{"ID":0,"RIVER_NAME":null}},{"type":"Feature","geometry":{"type":"LineString","coordinates":[[121.20271140624932,16.461665705315145],[121.2049808698149,16.46148160367077],[121.20678180171139,16.460631888810784],[121.20960008317111,16.458111462204],[121.21135989555455,16.455989083640297],[121.21279674701172,16.45457640300977],[121.21422752393093,16.453825239141775],[121.2151304984635,16.453120460596622],[121.21635730281152,16.451604180133213],[121.21758362290866,16.45013877734903]]},"properties":{"ID":0,"RIVER_NAME":null}},{"type":"Feature","geometry":{"type":"LineString","coordinates":[[121.21117396857892,16.487743262394954],[121.21197771367243,16.486376088149225],[121.21305168966958,16.4842987491038],[121.21323091965378,16.482010200676147],[121.21321878421091,16.47758260929635],[121.21316416409368,16.47203505837547],[121.21357741902222,16.470104738186894],[121.2144977210009,16.46751716066208],[121.21567934654774,16.46518625687024],[121.2167466301036,16.463821295491037],[121.21845183476566,16.461901954508672],[121.21941964909554,16.45987454815269],[121.21996789028671,16.4575891162225],[121.22004197947706,16.455248763098215]]},"properties":{"ID":0,"RIVER_NAME":null}},{"type":"Feature","geometry":{"type":"LineString","coordinates":[[121.2151723433036,16.49174688996022],[121.21651050172528,16.48962089727925],[121.21715692580575,16.48815057774744],[121.21765489446474,16.485610284770793],[121.21773278249167,16.48286284786851],[121.21801650414291,16.48067696151721],[121.21823351552688,16.480017229345055],[121.2193550096792,16.478500051159717],[121.22063052123417,16.477442192309844],[121.22228262111066,16.475573269000574],[121.22356598321059,16.47365030969926]]},"properties":{"ID":0,"RIVER_NAME":null}},{"type":"Feature","geometry":{"type":"LineString","coordinates":[[121.24746386274214,16.496498436535386],[121.24694786910852,16.495221826324755],[121.24679421817456,16.494711624279297],[121.24659332425743,16.493590329516937],[121.24665661143915,16.4924203584188],[121.246826301473,16.49114949632889],[121.24646534490356,16.490230425189093],[121.24589158410808,16.489513134581372],[121.24553292703598,16.48833962476319],[121.24492019144232,16.486095264215283],[121.24450513281177,16.4853284111097],[121.24366768233836,16.484608903189503],[121.24166486562521,16.484439405893788],[121.24077101146939,16.484126543812827],[121.24032454536103,16.483919224031997],[121.24001591218077,16.483051476376474],[121.24002142987102,16.48244082750998],[121.24002786688145,16.481728403785162],[121.24034891048298,16.481222191030575],[121.24226136199691,16.479711524850284],[121.2427424537747,16.479003086358723],[121.24290526453048,16.47849553983906],[121.24255260611775,16.476660489876565],[121.24130659912771,16.474461696283523],[121.23979416831301,16.472566005280108],[121.23885682774161,16.47123494822669],[121.23676571064789,16.4691816971011]]},"properties":{"ID":0,"RIVER_NAME":null}},{"type":"Feature","geometry":{"type":"LineString","coordinates":[[121.13090919147123,16.414779323918992],[121.1295467469343,16.413902080529095],[121.12755411878399,16.41276476709392],[121.12661199456093,16.412043920797633],[121.12604037077078,16.41117371034997],[121.12567865092177,16.410407149702046],[121.1256913227163,16.409084152204382],[121.12591583904732,16.407661266806873],[121.12592753258284,16.40644003786889],[121.12557653963431,16.40455401781108],[121.12485166288975,16.403173550111216],[121.12438891389773,16.401948087152928],[121.12429128123823,16.401132993777203],[121.12419169913254,16.400521438462878],[121.12499510477465,16.399205496882555],[121.12579557708742,16.398194858428635],[121.12625193307605,16.397333815492086],[121.12631827854635,16.395909516597285],[121.12643198231315,16.39504541796346],[121.12664478656042,16.39484375869059],[121.12808023129212,16.3935843210135],[121.12871960503992,16.392877566915544],[121.12899046414127,16.392116642233038],[121.12884155690766,16.39114842558621],[121.12790778762286,16.38956255438327],[121.1275968584947,16.3890000069076],[121.12765783672211,16.38813543672566],[121.12814197088281,16.387121966186186],[121.12856804267264,16.38666775676448],[121.13163893599047,16.385270165357294],[121.1327521887125,16.384618492720104],[121.13312844091543,16.383858495180046],[121.13453062549777,16.383311154318694],[121.13526810237947,16.38336858255401],[121.13615984395327,16.383834489107876],[121.13662360677371,16.384958161406082],[121.13761691512956,16.38583207662537],[121.13814210417507,16.38604028363563],[121.1391441218244,16.385998262433084],[121.14126130337759,16.385100975877457],[121.14184644374002,16.384546363055946],[121.14190880300295,16.38352912641615],[121.14176079743038,16.382459142031667],[121.14182363757682,16.381391020078272],[121.14246485011552,16.38048067359325],[121.14299533355648,16.380129130838792],[121.1437879239894,16.379932567548668],[121.14457955006972,16.379837771530674],[121.14584124251532,16.380205121078067],[121.14741295639332,16.3812367575391],[121.14882895514074,16.38201256570075],[121.15030199885899,16.382330860646178],[121.15106823830675,16.382134038364356],[121.15234051247747,16.381381872264612],[121.15324188083555,16.38083000060422],[121.15361469426314,16.380426155534973],[121.15372778354384,16.379612913114403],[121.15417054854336,16.377377651357133],[121.1545572392066,16.375498123623625],[121.15488020122586,16.37478849937063],[121.15567706887023,16.374133917724635],[121.15705134533576,16.373738838453868],[121.15831972034593,16.373393712812657],[121.15911561665452,16.372840887636308],[121.16012902741132,16.371577502319518],[121.16076726158815,16.370972401583316],[121.16145486253914,16.3707239590639],[121.16308931593122,16.370687338817394],[121.16408507176406,16.371306705731193],[121.16512830785356,16.372486272291113],[121.16575939439589,16.372644443053822],[121.16708141294048,16.372197949819665],[121.16782504884299,16.37159374369933],[121.16867789868827,16.370583364050262],[121.16966013805833,16.369828555659446],[121.17104053164515,16.368771860628108],[121.17332832274022,16.366501665096152],[121.1739665023174,16.36589651823613],[121.17439289990922,16.36539131340501],[121.17466117205907,16.364884736767277],[121.1750495251764,16.362801602140582],[121.17569005134868,16.36194201714953],[121.17670046432139,16.36098385159033],[121.17913819162402,16.359580011254184],[121.1810972881979,16.35863002065622],[121.18289212703489,16.358340169304928],[121.18525732365558,16.35907302739428],[121.18586015689502,16.35943445425148],[121.18674629942439,16.36051078665185],[121.18805833657342,16.36113276553775],[121.18984897181306,16.36130083554067],[121.19148289624576,16.361314872893814],[121.19354269527271,16.360874534494094],[121.1947605767202,16.360274288140545],[121.1967294354251,16.358255522466294],[121.19773973560505,16.357297243377932],[121.19953921853673,16.35649837750527],[121.20249402939683,16.356167374299773],[121.20454538516888,16.356642886714486],[121.20711870775189,16.357682624760855],[121.20785288665365,16.358096000888438]]},"properties":{"ID":0,"RIVER_NAME":null}},{"type":"Feature","geometry":{"type":"LineString","coordinates":[[121.17399238282788,16.36594763291909],[121.17379717662651,16.3642665623063],[121.17354973863964,16.36253414834022],[121.17335406300788,16.3609039636584],[121.17347651991894,16.359072976934968],[121.1743415831053,16.35673952422702],[121.17594260182894,16.354616000022233],[121.17780380258911,16.352850942961226],[121.18116848398677,16.348096310857446],[121.18239149015872,16.346936380239622],[121.18387470408165,16.346134917104028],[121.18529627503762,16.34629983283187],[121.18791969759451,16.34759466949145],[121.18954084559569,16.348982649938627],[121.19111352957367,16.349912187456194],[121.19284668338089,16.35058863702074],[121.19384853567077,16.350546335588895],[121.19485786955752,16.34968984068511],[121.19587326944342,16.348171811237165],[121.19720020495878,16.34716534881914],[121.19963436532352,16.34611744610378],[121.20248314572069,16.345836413822152],[121.20561667951547,16.346117568259285],[121.20782976804429,16.34618728806772]]},"properties":{"ID":0,"RIVER_NAME":null}},{"type":"Feature","geometry":{"type":"LineString","coordinates":[[121.1759157766856,16.354666658094143],[121.17508762705587,16.353030996321227],[121.17478653117091,16.351399898324573],[121.17490659551905,16.34982333839565],[121.17539274405654,16.348555289785473],[121.17593300581318,16.34713503659488],[121.17633640096231,16.343423529929037],[121.17700327855928,16.339714298132087]]},"properties":{"ID":0,"RIVER_NAME":null}},{"type":"Feature","geometry":{"type":"LineString","coordinates":[[121.15375413907681,16.379613144393335],[121.15464974853147,16.379671891419584],[121.15639017297802,16.379585370080225],[121.15765524076396,16.37959645172808],[121.1595988685071,16.380325920085937],[121.16285076809008,16.382084598479526],[121.16379481810732,16.382601740070573],[121.1642649390021,16.383063852515335],[121.1647763403029,16.38474768258717],[121.16507689600061,16.386429672539077],[121.16584759215868,16.38857377272609],[121.1668358259023,16.39000730858641],[121.16866417878249,16.391804389971142],[121.16986616143566,16.392934436318985],[121.1712191783388,16.39482914146983],[121.17236278002744,16.396569349110642],[121.17348478865678,16.397800463697603],[121.1748492541893,16.39847388791367],[121.1764269670737,16.39889470373056],[121.17753449640963,16.39885342011626],[121.17906943959365,16.398205151579553],[121.18070318896854,16.39827018962209],[121.18343927680881,16.398853648433256],[121.18454161913577,16.399372076576572],[121.18657780167229,16.401527051454103],[121.18799129652152,16.402607942877445],[121.19008544464444,16.40420359464991],[121.19291863691315,16.40570380536213],[121.19524775360948,16.407555885697022],[121.19698000750527,16.408385009725382],[121.19965983948407,16.409374916197272],[121.20165339653774,16.41046069764098],[121.20322520814685,16.41154285453476],[121.20432114371248,16.412773605150857]]},"properties":{"ID":0,"RIVER_NAME":null}},{"type":"Feature","geometry":{"type":"LineString","coordinates":[[121.16015538196011,16.371577732687044],[121.16147358683783,16.371538361121942],[121.1629973871126,16.372060565020103],[121.16372721982813,16.372932062792472],[121.16424574335592,16.37385260546367],[121.16529803638079,16.374065341573566],[121.16761727444207,16.374085547346123],[121.16951720971724,16.3738476305659],[121.17161849523023,16.374629248265276],[121.17319079830737,16.375609815772485],[121.1744934055811,16.37724960592439],[121.17516444299974,16.37878213265202],[121.17620967996409,16.379758109751624],[121.17651553880366,16.38088034591397],[121.17664575087267,16.383883997656437],[121.17728951987068,16.385518064429654],[121.17822133218851,16.38735818630612],[121.18010012954741,16.389410064257177],[121.1819319169741,16.39085083844054],[121.18350392962759,16.391882231962505],[121.18424005675995,16.392092151912095],[121.185348964231,16.391898164088264],[121.18577115792822,16.391850917113],[121.18619288040753,16.391854555614565],[121.18634537347704,16.39246655601711],[121.18633406698139,16.393687828269705],[121.18669412788152,16.39465785198897],[121.18810663646813,16.395840511159275],[121.1904172289399,16.39682733385256],[121.19299471907762,16.3974601940489],[121.19447173463752,16.397371105522524],[121.19639965673257,16.396980532262322],[121.19835065474243,16.39694637310226],[121.19950855883921,16.39715985736598],[121.20071684582453,16.397628220405267],[121.20208562740041,16.39784349612222],[121.20374809294994,16.397654146823914],[121.20713132579645,16.39666521453884],[121.21200268483346,16.394365721123055],[121.21497012664493,16.392711532669672],[121.21687949616457,16.39145545650606],[121.2169044133089,16.391433642232744]]},"properties":{"ID":0,"RIVER_NAME":null}},{"type":"Feature","geometry":{"type":"LineString","coordinates":[[121.1622936248694,16.300167097084802],[121.16276678429348,16.299153406696863],[121.16319778678067,16.29813934829032],[121.16357904770142,16.297939100691156],[121.16421132147843,16.297944594133934],[121.16484094238436,16.29823504834982],[121.16601475021604,16.298937346988613],[121.16685816601583,16.298903952886356],[121.16871625303583,16.298553652443232],[121.16951865024372,16.298397755048192],[121.17011217715482,16.298036484233965],[121.17032709258301,16.297590509228794],[121.16999668208427,16.296854826132982],[121.16996133316137,16.296121697791385],[121.17030458924069,16.295473271999473],[121.1706026698053,16.29515015332585],[121.17119278597131,16.295155260142412],[121.1716967123373,16.295363181700626],[121.17223977170184,16.29589713971787],[121.17278773928439,16.295901877784488],[121.17317011948099,16.29557948394526],[121.17330260859707,16.29492923040029],[121.17368951117916,16.29411832530591],[121.17471131095277,16.293027915286725],[121.17577487327202,16.2919785720296],[121.17595138348781,16.291125133050222],[121.1760849885438,16.2903527485512],[121.17550505369174,16.289248507719712],[121.17555774780143,16.288109012933372],[121.17598677470431,16.28729846450249],[121.17764339701219,16.28592852225909],[121.1791436894302,16.28482791268771],[121.18006431351381,16.283954454515566],[121.18072925952686,16.28269808491628],[121.18154246641069,16.28136156172338],[121.18230751378167,16.280676022647235],[121.18323890000835,16.28023618486594],[121.18438626679348,16.279228218859785],[121.18515766008915,16.277850606182174],[121.18546841306745,16.276143337779253],[121.18565496273351,16.274190726898578],[121.18593714798162,16.273297466122912],[121.1868304569142,16.272409441558988],[121.18794196219434,16.270709025162283],[121.1884540672907,16.270021291615503],[121.18893596920807,16.26803048820456],[121.18970429528714,16.26697852701563],[121.19214480784717,16.265126591164826],[121.19517046959238,16.263808879593054],[121.19705595580731,16.262725693368242],[121.19714730371778,16.261952924456995],[121.19745642950545,16.26040846237739],[121.19797552694791,16.25894721194273],[121.19857556350989,16.257853065032755],[121.19942882558782,16.256720355478937],[121.2000099991317,16.255381764205232],[121.20082183934353,16.254167268920167],[121.20128948832698,16.253723396224355],[121.20323287881601,16.253210617532154],[121.20428978126871,16.25285316050795],[121.20577919272193,16.2512779656663],[121.20718281912987,16.24986488500638],[121.20821120433003,16.248000774769775],[121.2084610557931,16.24600793786646],[121.20880593053333,16.24515587439342],[121.209660549616,16.243860270259596],[121.21060054339728,16.24244324230249],[121.21179336642574,16.241028341611067],[121.2126006574354,16.240302309485283],[121.21442114676636,16.239381242563],[121.21657360446363,16.23903293906796],[121.21906354508268,16.23864673460223],[121.22083526561151,16.238458041902682]]},"properties":{"ID":0,"RIVER_NAME":null}},{"type":"Feature","geometry":{"type":"LineString","coordinates":[[121.19210266260484,16.26512623126924],[121.19072080039172,16.25953676410664],[121.19044256726794,16.257702307687353],[121.19016433750812,16.255867851123053],[121.18916968324041,16.2540272714676],[121.18813290376407,16.25218632830268],[121.18721398346753,16.25128278518261],[121.18603960540655,16.250662041594946],[121.18524040189176,16.250492346596236],[121.18473768842348,16.25016233789292],[121.1838109412666,16.25011368336491],[121.18153303662461,16.25033842206881],[121.1792517554474,16.250929520897024],[121.17739563587315,16.251117125295497],[121.17617539855905,16.2509030616537]]},"properties":{"ID":0,"RIVER_NAME":null}},{"type":"Feature","geometry":{"type":"LineString","coordinates":[[121.18809001516422,16.252267387200927],[121.18823248384969,16.250517952920376],[121.18841485226889,16.249013136361224],[121.18844934885905,16.247547768030326]]},"properties":{"ID":0,"RIVER_NAME":null}},{"type":"Feature","geometry":{"type":"LineString","coordinates":[[121.19703488338479,16.262725513935905],[121.19803373485723,16.26411825881997],[121.19932910273388,16.265350670291376],[121.20041857985537,16.266052055595594],[121.2028556201998,16.26688701954204],[121.20609345993245,16.267728745181827],[121.20996500394595,16.268412930846473],[121.21329014977593,16.268929583388772],[121.21619090930668,16.269768315587203],[121.21673697953243,16.269976483694848]]},"properties":{"ID":0,"RIVER_NAME":null}},{"type":"Feature","geometry":{"type":"LineString","coordinates":[[121.18841117414864,16.270102350071163],[121.1927921510304,16.270384080028066],[121.19502367792037,16.2706474001167],[121.19599081586396,16.270899923532497],[121.19678788307966,16.271313845571317],[121.19758309575334,16.271931313905124],[121.19841637427662,16.272996946438568],[121.1990562848478,16.27446806059016],[121.20018535707489,16.275454779075986],[121.20295709659068,16.276577589929982],[121.20526894203026,16.277289335509025],[121.2072883565438,16.27771358764123],[121.20846296588793,16.278334234678145],[121.20989047473347,16.278957015969336],[121.2116141415933,16.279460152722347],[121.2129340861799,16.280326284968893],[121.21520092688195,16.28136325478555],[121.21801904616898,16.282038427780734],[121.22054287520116,16.282629662468146]]},"properties":{"ID":0,"RIVER_NAME":null}},{"type":"Feature","geometry":{"type":"LineString","coordinates":[[121.18006318692106,16.284076582574283],[121.18089265361151,16.28554937228777],[121.18146810789118,16.28714211314157],[121.18259152092917,16.288739563787733],[121.18421850764373,16.29058561136562],[121.18607772891859,16.292392929143],[121.18707774800772,16.293663601006326],[121.18778197065292,16.29501315865798],[121.18840002798407,16.29656553964002],[121.19000642831928,16.298370663163535],[121.19067675448645,16.29882424351471],[121.19210919003802,16.298917928683345],[121.19447308557673,16.298571723904214],[121.19607599675945,16.298463274410604],[121.19729581205098,16.298758673579666],[121.19804711431034,16.29957933880848],[121.19891372001949,16.30162237126703],[121.19969491864421,16.303786812346914],[121.20021440248581,16.30460549650335],[121.20083667319724,16.30571004551136],[121.20125115225626,16.30648712056983],[121.20233824843845,16.30747348520227],[121.20367939791186,16.308339867142926],[121.20561443782574,16.30880415829694],[121.20801060142522,16.309557336720033],[121.21083166749389,16.309947671974157],[121.21390272764523,16.31066578999734],[121.21613549445728,16.310847514441694],[121.21843260614838,16.310907618795994],[121.22045644555699,16.310883969176587],[121.22197846072729,16.31040822954309],[121.2234165257067,16.309891058748672],[121.22583039333438,16.30868994961697],[121.2276148370731,16.30715782227626]]},"properties":{"ID":0,"RIVER_NAME":null}},{"type":"Feature","geometry":{"type":"LineString","coordinates":[[121.17914412270923,16.28478096931075],[121.17917228279686,16.281729649337862],[121.17952939325987,16.279901785054204],[121.17993336574402,16.27826211103903],[121.18058466558871,16.27615509067162],[121.18075210151454,16.2738091713023],[121.18042314339615,16.27258571618293],[121.17960818477071,16.271358081028808],[121.17855066856863,16.270081409100733],[121.17734390056611,16.269179024904503],[121.1764738729557,16.26865511292471],[121.1760885443778,16.268276216111172]]},"properties":{"ID":0,"RIVER_NAME":null}},{"type":"Feature","geometry":{"type":"LineString","coordinates":[[121.17540769403563,16.289349573213556],[121.17501103734224,16.2901911956942],[121.17393216713639,16.29121471333111],[121.17309674735246,16.2921933814495],[121.17250608721751,16.292986373876765],[121.17244616862459,16.294206475885172],[121.17223520740761,16.295988634495618]]},"properties":{"ID":0,"RIVER_NAME":null}},{"type":"Feature","geometry":{"type":"LineString","coordinates":[[121.18992386614302,16.69169975380652],[121.1907401571642,16.692934483650166],[121.19129772422357,16.69405155577595],[121.19129365736386,16.694483632065605],[121.19071493485656,16.695342794963732],[121.19038333542835,16.69592913760979],[121.19037223678228,16.69710752663519],[121.19060752854537,16.69809165674191],[121.19137303446153,16.699041141033433],[121.19270730261778,16.700192008548704],[121.19392337670931,16.70090972444204],[121.194874535062,16.7016251216945],[121.19519542963768,16.702177883646062],[121.19523249650506,16.70257103653503],[121.19510394733604,16.703237724465335],[121.19460524968133,16.704254726980086],[121.19398131541831,16.705584897090905],[121.1929912816907,16.70683329909311],[121.19266151399965,16.707223245299925],[121.19185968785601,16.707962608396084],[121.19136317918088,16.708743922112834],[121.1900852031033,16.71026476699234],[121.18893430343181,16.711276039167217],[121.18831623566216,16.711977712758834],[121.18632933041266,16.715181471790384],[121.18487596484982,16.71799706576632],[121.18434972561754,16.71976016297147],[121.18384199658769,16.72171983376348],[121.18259011500197,16.724772869683875],[121.182514826191,16.726264947073307],[121.18262929704717,16.727090889551484],[121.18331296266608,16.728078970528994],[121.18444540350801,16.729031713276242],[121.18529734403386,16.729471311142017],[121.18631308605758,16.729833779251557],[121.18786135847587,16.729925937902784],[121.18916579374854,16.729937381375393]]},"properties":{"ID":0,"RIVER_NAME":null}},{"type":"Feature","geometry":{"type":"LineString","coordinates":[[121.17462772818335,16.71115018893348],[121.17359304859046,16.712790914269064],[121.17292070249859,16.714906226203233],[121.17299362169572,16.715810368124725],[121.173437871841,16.716246402860655],[121.1738821240026,16.71668243682248],[121.1742037227634,16.71715666875432],[121.1743196510084,16.717825495672834],[121.17427178888508,16.718571440306057],[121.17356950625913,16.71954729558154],[121.17294986095982,16.720406031174292],[121.170408431477,16.721876271866137],[121.16819606000962,16.72303513695719],[121.16705248139478,16.723260686680767],[121.1656639547979,16.723523337038984],[121.16435243771168,16.724258049692043],[121.16333038270264,16.724563222224948],[121.16255590701999,16.724556333930735],[121.16096958458415,16.724188675769156],[121.1603638095199,16.723594047948126],[121.15976256026443,16.72252807234444],[121.15952628320237,16.721661758534736],[121.15941455203063,16.720560860937223],[121.15921941569205,16.719655631285924],[121.15825774827091,16.71791864369407],[121.15684283278667,16.716688279000202],[121.15594950880336,16.71632676910165],[121.15432175543292,16.716037261401873],[121.15314085373497,16.715908863986115],[121.15085641319637,16.716084844451146],[121.14826816797023,16.716061666831262]]},"properties":{"ID":0,"RIVER_NAME":null}},{"type":"Feature","geometry":{"type":"LineString","coordinates":[[121.07950882416878,16.39466326106596],[121.07763628559269,16.394724708959494],[121.0760923586228,16.394474893957316],[121.0747956676923,16.39391307866843],[121.07406478619484,16.393749257245577],[121.07345559065821,16.393625830262796],[121.07292545810037,16.393738816380267],[121.07283750818262,16.394405798531874],[121.07295571518539,16.39479969886622],[121.07339944725457,16.39519658293162],[121.07421210066927,16.3953218745953],[121.07596179890437,16.39533789704236],[121.07714067223249,16.395466529332936],[121.078275773981,16.395909009147054],[121.0790811160143,16.3967805695842],[121.08069182132846,16.39852368327317],[121.08085266245259,16.3987215610923],[121.08258432088508,16.400583613109454],[121.08387300912389,16.40197023248434],[121.0848446283632,16.402489754545265],[121.08606463217696,16.402579434329827],[121.08736832524474,16.402434177370967],[121.08903709899401,16.402410078453787],[121.09078381141198,16.40274021229968],[121.0916360583416,16.402983646271352],[121.09244263946997,16.40373732865838],[121.09349223715974,16.404611059907865],[121.09425354994849,16.40583571033268],[121.09503751230932,16.406824871824078],[121.09555276857796,16.40824369786739],[121.0963897634094,16.410058260056577],[121.09722830017651,16.411715705750588],[121.09835056927315,16.413493565007983],[121.09945136508047,16.415389071937735],[121.10041394161594,16.41685122093832],[121.10197782407793,16.41926157531935],[121.10310169894386,16.42088230213894],[121.10418565631252,16.42242409959454],[121.10504769829801,16.423767478437412],[121.10552350516124,16.42506808636984],[121.1060343067004,16.426958242572944],[121.10629978424862,16.428964030869267],[121.1066991580438,16.42975327901385],[121.10666947435197,16.432817022812994],[121.10651446581593,16.43411193606232],[121.1063364392693,16.435681616313985],[121.10557870251921,16.438267396596512],[121.10403847442755,16.44178886891844],[121.10365194851161,16.44386732509041],[121.10362854590599,16.444181370213247],[121.1040026230143,16.4454810629361],[121.10525537490825,16.448517112502724],[121.10553457372514,16.44910886796178],[121.10605913370811,16.449584994098878],[121.10722732272585,16.450852575637583],[121.10944810420307,16.45271888311495],[121.11118352437406,16.45426653849281],[121.11191277190706,16.454626650716982],[121.11363926977941,16.454995740943886],[121.1142064683273,16.455275822341626],[121.11452792554104,16.455710820217647],[121.1146782165852,16.457008487517573],[121.1148288882623,16.458266875914333],[121.11531127287667,16.458899732536246],[121.11632320474224,16.45949806840827],[121.11712896331014,16.460369522985037],[121.11805381311564,16.461556303638677],[121.11835076694493,16.462423182561285],[121.11834394525755,16.463130203012067],[121.11702163768032,16.4651609980554],[121.11681279576355,16.465709072088426],[121.11712554947958,16.467047481994822],[121.1176844440298,16.468191693160538],[121.11845067119691,16.4689449436726],[121.11983092185383,16.469350165933502],[121.12247045604609,16.470041652800436],[121.12430077537346,16.470215188306085],[121.12527510923955,16.470498892169704]]},"properties":{"ID":0,"RIVER_NAME":null}},{"type":"Feature","geometry":{"type":"LineString","coordinates":[[121.14321112533003,16.472347892171033],[121.14263821461594,16.4726570717867],[121.14186250918037,16.472885884192063],[121.14047954908514,16.47275575575836],[121.13950292459502,16.472707795455523],[121.13827942508603,16.472932613844872],[121.13648037320618,16.47374154125589],[121.13484940510416,16.47400199324925],[121.13456519793822,16.47392089545248],[121.13354786373253,16.47387254411632],[121.1325350472264,16.473352837561396],[121.13071937574792,16.471647483234214],[121.12853435213367,16.470253074552566],[121.12760260692988,16.469773354075105],[121.12625850815766,16.46983989423408],[121.12523440174263,16.470498527647177],[121.12271273370159,16.472361485387275],[121.12058418599791,16.47356013847643],[121.11895283274512,16.473859743394744],[121.11651035154244,16.473837779970893],[121.11338116288476,16.47325964922293],[121.112202539638,16.473052612407777],[121.11120558138698,16.473004337010728],[121.10965411805303,16.47346171774847],[121.10732233373885,16.47461910926746],[121.10474092647132,16.47632415996418],[121.10342908772503,16.477255044090843],[121.10134454001678,16.47810034568688],[121.09930413366337,16.478592488524793],[121.0973078802596,16.4787314751347],[121.09384957816353,16.478503593693038],[121.0908245012463,16.477690382459553],[121.08793923375639,16.477153378973117],[121.08619187697772,16.47682315403808]]},"properties":{"ID":0,"RIVER_NAME":null}},{"type":"Feature","geometry":{"type":"LineString","coordinates":[[121.10468062825683,16.476245049895454],[121.10240976772087,16.47532098774252],[121.1002218781083,16.474240528233743],[121.09787731866356,16.47253011415928],[121.09714957316305,16.472012835750782],[121.09544754997911,16.471211720830496],[121.0945377876538,16.47057493291437],[121.09385153389834,16.46997945845364],[121.09349631447705,16.46883705124943],[121.09297827392824,16.467693160885194],[121.09245678021956,16.466902774536447],[121.09128515147515,16.465988616965056],[121.09023103412322,16.46554690673338],[121.08901140531977,16.465378653591166],[121.08660977837458,16.46535672399658],[121.08343204919792,16.465602636853024],[121.0810684268571,16.465855962363335]]},"properties":{"ID":0,"RIVER_NAME":null}},{"type":"Feature","geometry":{"type":"LineString","coordinates":[[121.12760260692988,16.4697733540751],[121.12683558291127,16.46909869131347],[121.1254180064535,16.468339638011717],[121.1237976634992,16.46750019453653],[121.12290665142272,16.467020820312868],[121.12213889873799,16.466424700934574],[121.12190071289436,16.465794046840493],[121.12064231031368,16.463307968697666],[121.11991982850188,16.46224086102763],[121.11899458482293,16.461093366115886],[121.11782891113972,16.459550884695833],[121.11690369180549,16.45840338285803],[121.11676615454573,16.457891476573447],[121.1166131951209,16.456868761646277],[121.1166230536583,16.45584751027863],[121.11630765853204,16.45478405277499],[121.11458395313316,16.45201879037661],[121.11410272427683,16.45126809711483],[121.11390793864356,16.450362851911915],[121.11395547368748,16.449656198684586],[121.11374071775165,16.44871149144502],[121.11293919487235,16.4474079621523],[121.1125789495834,16.446776202613645],[121.11181244519332,16.446062219316882],[121.11128673811346,16.445703943413744],[121.11047345867584,16.44561805022121],[121.10970392460996,16.44521829069223],[121.1096251830405,16.444942605207117],[121.1095179096298,16.4434096316198],[121.10918734569474,16.439714122572944],[121.1091964717131,16.43877143151595]]},"properties":{"ID":0,"RIVER_NAME":null}},{"type":"Feature","geometry":{"type":"LineString","coordinates":[[121.11837344398424,16.445296282138074],[121.11866138648853,16.44498460726508],[121.11883138501949,16.44423976735584],[121.11876057749956,16.44313922508292],[121.11820475980021,16.441680789072414],[121.11756641157562,16.440339458486477],[121.11671699284955,16.439781878589255],[121.11521902048383,16.43894349144498],[121.11400596510248,16.43810765712096],[121.11354246178449,16.437632100721462],[121.1132997771269,16.437472788473755],[121.11301335708004,16.43762734090497],[121.11276687799614,16.437860816902784],[121.11219669291239,16.437894967583176],[121.11179462500199,16.437380678467168],[121.11120994531639,16.434704219338162],[121.11078313739858,16.43253985080213]]},"properties":{"ID":0,"RIVER_NAME":null}},{"type":"Feature","geometry":{"type":"LineString","coordinates":[[121.10366962888722,16.444142459713554],[121.10061243470643,16.44458616958145],[121.0991871176332,16.444651815653742],[121.09727682808982,16.444359513190108],[121.09553318241485,16.44367588821026],[121.0946834399232,16.443157502665986],[121.09323354343658,16.441573045620707],[121.09182513803812,16.43991039435698],[121.08972562539479,16.43816287805712],[121.08774248196538,16.437005632325906],[121.08628306798379,16.436403094162777]]},"properties":{"ID":0,"RIVER_NAME":null}},{"type":"Feature","geometry":{"type":"LineString","coordinates":[[121.10662877514868,16.432816655491777],[121.10473000978456,16.431346069897703],[121.10286892183849,16.43019006736742],[121.10108276573114,16.429702524133255],[121.09937343287113,16.429687047196268],[121.095302834511,16.42972869839933],[121.09424736040333,16.42944414050411],[121.09201816339119,16.428481115129998],[121.08995331661811,16.42736243653029],[121.08705535193309,16.426118301594034]]},"properties":{"ID":0,"RIVER_NAME":null}},{"type":"Feature","geometry":{"type":"LineString","coordinates":[[121.10671950732727,16.429753462635368],[121.10750837419663,16.428150008240813],[121.10820670752544,16.427488507167215],[121.11001831383494,16.425344305968654],[121.11080827179869,16.423622997186136],[121.11072830541599,16.419261940859226],[121.11027030859402,16.416115233554468],[121.10936847008463,16.412571707396978],[121.10896987152938,16.411703907870084]]},"properties":{"ID":0,"RIVER_NAME":null}},{"type":"Feature","geometry":{"type":"LineString","coordinates":[[121.09421285665198,16.40583534119299],[121.09254060460692,16.406212985063288],[121.09188644803619,16.40652130061402],[121.09159546656635,16.407147169361266],[121.09146151189425,16.40836369398311],[121.09171610822948,16.411469283749227],[121.09172572892459,16.41256926652332],[121.09143205350651,16.413470083099266],[121.09081434833388,16.41421082538146],[121.08938081848773,16.415140553466976],[121.08835960245344,16.41552407799607],[121.08668687520478,16.41594094334871],[121.08375374392739,16.416228450096078],[121.08143411881117,16.416207267667954],[121.08009272162293,16.416037879608883],[121.0789164223019,16.415634303465765],[121.07778391106707,16.414916868457226],[121.07649403682049,16.413648043265276]]},"properties":{"ID":0,"RIVER_NAME":null}},{"type":"Feature","geometry":{"type":"LineString","coordinates":[[121.12588989338278,16.406434568573726],[121.12662238855752,16.406441101711458],[121.12755647626028,16.40664584255842],[121.128203076642,16.407122996972152],[121.12901020516733,16.40783727569898],[121.13018621897312,16.40827985664697],[121.13164297707968,16.409157038998888]]},"properties":{"ID":0,"RIVER_NAME":null}},{"type":"Feature","geometry":{"type":"LineString","coordinates":[[121.12570191357759,16.409064828584196],[121.12465363786438,16.408034124175966],[121.12392490283585,16.40763479110666],[121.1227880980923,16.407349657455146],[121.12205861622465,16.4070288769568],[121.12089055210375,16.40576139027168],[121.1205314727942,16.405011809788462],[121.12057857762885,16.404344427730738],[121.12091129027174,16.40360103489068],[121.12128959353174,16.40234737538509],[121.12129826248824,16.40144395360057],[121.12102585035532,16.40014519298013],[121.12058765518738,16.399159210373686],[121.11931602614952,16.3980872061086],[121.11858809356704,16.39760930080557],[121.11753915887012,16.39665712836104],[121.11624948407207,16.395349251790932],[121.11524428786213,16.39408320195142],[121.11472815314464,16.392742969574165],[121.11470106988827,16.391328557252375],[121.11430058909802,16.39065716369655],[121.11418040755706,16.390459673437814],[121.11272311439353,16.389660949167737],[121.11150694647172,16.389178640950668],[121.11041323432131,16.388658144231265],[121.1092750485915,16.38853006642294],[121.10809427887429,16.3885980113229],[121.1062198806441,16.388856115639065],[121.10548708008139,16.388888797160895]]},"properties":{"ID":0,"RIVER_NAME":null}},{"type":"Feature","geometry":{"type":"LineString","coordinates":[[121.1205669319309,16.39919830762797],[121.12207783013451,16.39866185714481],[121.1231817972835,16.398121761616952],[121.12408304987315,16.397501285240182],[121.12588704195007,16.39610320167436],[121.12637872799714,16.395754040620712]]},"properties":{"ID":0,"RIVER_NAME":null}},{"type":"Feature","geometry":{"type":"LineString","coordinates":[[121.1331260539745,16.383793523353024],[121.1321192935882,16.382684665862964],[121.13070452961657,16.38169002792229],[121.13010355874542,16.380702616536574],[121.13007036242992,16.379916665149096],[121.1304481717563,16.378702255179416],[121.13148559629295,16.376590196858412],[121.13157520553202,16.375726769657096],[121.13158306387564,16.374901899337186],[121.13146960742088,16.373997386153366],[121.13047151174787,16.371985096856303],[121.12960909755034,16.370681101186396],[121.12901265509993,16.369222335720906],[121.12870177312841,16.36768754202276],[121.12904711152352,16.365608620702144],[121.12913409989044,16.365020150940513],[121.12963393209704,16.363806822845376],[121.1298644386153,16.363101778536354],[121.12999622407571,16.362081594156184],[121.13013549044354,16.360275818238385],[121.13048378420449,16.35788265362894],[121.1311474427089,16.35655292382583],[121.13232449391462,16.354717064762358],[121.13307024091979,16.35330948808221],[121.13414256013536,16.351786950744582],[121.135576160132,16.350778282223015],[121.13671975125725,16.350317001001507],[121.13814811657079,16.34985822927896],[121.13924655030338,16.349867931342114],[121.14062604631636,16.35027293898098],[121.14159946243292,16.35059579090583],[121.14363398239549,16.35057444075976],[121.14485632739782,16.350388789527823],[121.14587822191655,16.349887101642857]]},"properties":{"ID":0,"RIVER_NAME":null}},{"type":"Feature","geometry":{"type":"LineString","coordinates":[[121.1290949120579,16.36486267134324],[121.12881460681218,16.364388786377795],[121.12826448812001,16.36234118939186],[121.1277498187018,16.360843866566146],[121.12678950124923,16.359146165900288],[121.12498046178229,16.35685166709574],[121.12405711658637,16.355547114420514],[121.1233552891068,16.354480228674518],[121.12303845674099,16.353573902466845],[121.1231310837543,16.35239624437911],[121.12367346931349,16.350986894692515],[121.12487238739138,16.348994143335304],[121.12589881084334,16.348021202742654],[121.12708458180505,16.347403218013373],[121.12794526529777,16.346743055729682],[121.12880856151222,16.345807932187967],[121.12938670510135,16.34490955679445],[121.12951847028626,16.34388937004089]]},"properties":{"ID":0,"RIVER_NAME":null}},{"type":"Feature","geometry":{"type":"LineString","coordinates":[[121.13505316605391,16.304657766934188],[121.13519407233757,16.305886609672054],[121.13564560935596,16.3065289468976],[121.13614845606733,16.30712263220698],[121.13716205208962,16.30747530188781],[121.13960063503252,16.307693211245216],[121.14076769677918,16.307949008008993],[121.14361581273252,16.307875851662907],[121.14549560718284,16.30803967770639],[121.1470643447248,16.3088391134723],[121.14802297637534,16.309633189492285],[121.14908053426548,16.31072275444431],[121.15071220378108,16.312946742279255],[121.15315512360979,16.31542334014674],[121.15436205389571,16.316857920837702],[121.15530741058232,16.31907588036767],[121.15656384410639,16.32065819739888],[121.15746850679137,16.321795498154195],[121.16062944833574,16.323639935722092],[121.16371784658219,16.325090863522544],[121.16543751405902,16.32608791279094],[121.16624330299638,16.326929695199155],[121.16648884994925,16.32786481641495],[121.1665332918537,16.32855266692574],[121.16612009392063,16.32923653980475],[121.164477352705,16.330891807897416]]},"properties":{"ID":0,"RIVER_NAME":null}},{"type":"Feature","geometry":{"type":"LineString","coordinates":[[121.15071174267163,16.312995842527922],[121.15035260465041,16.313336426835782],[121.15024215227835,16.31426844043791],[121.15033553880211,16.31515313543904],[121.15068268959196,16.316089157708852],[121.15133491497814,16.317027851393053],[121.151473619034,16.31850219452446],[121.15146624147884,16.319287798400783],[121.15125225086666,16.320415322521146],[121.15047479339816,16.32197984727007],[121.14948977918682,16.323984485775455],[121.14873725290566,16.325598323824618],[121.14796113806737,16.32701553409416],[121.14753031334386,16.32956516772038],[121.14714477201352,16.332704446109453],[121.14609862572158,16.33578881151431],[121.14577083603713,16.338192029224018],[121.1459617356546,16.339519517638617],[121.14653494761963,16.34075215912313],[121.14713914622023,16.341395822926668],[121.14840488289221,16.341996192417813],[121.15007836709651,16.342501925125145],[121.15160346118671,16.34256440661456],[121.15338327859735,16.342580004308065],[121.15409382265108,16.342733539798214],[121.15556576697561,16.343041048850107],[121.15703449389278,16.34369225005846]]},"properties":{"ID":0,"RIVER_NAME":null}},{"type":"Feature","geometry":{"type":"LineString","coordinates":[[121.12342701000308,16.3054877788536],[121.12404142574755,16.299698999648285],[121.12488429387663,16.29661294540943],[121.12592675088514,16.293921484390957],[121.12783435323622,16.291139470643017],[121.12967476479494,16.290075475639927],[121.13048956476226,16.28993537059797],[121.13243023273189,16.289019547356332],[121.13493984486584,16.287077539344065],[121.13816668291592,16.284552562907088],[121.14095439507754,16.282760232348142],[121.14193137934214,16.2815903165303],[121.14316206779236,16.280471726435394],[121.14443988437516,16.279746375363786],[121.14658281519799,16.278930388280795],[121.14953495013515,16.278563396949533],[121.15274263384376,16.2780512814227],[121.15636157451904,16.27705165415587],[121.15819805453388,16.276380184923624],[121.16164496865274,16.27474060291213],[121.16614077602564,16.272373479152556],[121.16808432157619,16.271113585858636]]},"properties":{"ID":0,"RIVER_NAME":null}},{"type":"Feature","geometry":{"type":"LineString","coordinates":[[121.09837939576944,16.287684865749018],[121.0998389814323,16.289220186180394],[121.10150051975974,16.29090462184747],[121.10311786150693,16.291901204960116],[121.10398020912807,16.29210535431009],[121.10565784688643,16.29212039482384],[121.1071311933935,16.292231799505007],[121.10910962360605,16.29269143637757],[121.10991926303183,16.293091504485357],[121.11130554759006,16.294331481386973],[121.1122055915439,16.2959108323039],[121.11234118122547,16.297679767372216],[121.11256857620378,16.300480694538493],[121.11285151626191,16.302791083286518],[121.11324460569524,16.304218593891477]]},"properties":{"ID":0,"RIVER_NAME":null}},{"type":"Feature","geometry":{"type":"LineString","coordinates":[[121.09329792688447,16.36350303381395],[121.09400656798833,16.363853168408184],[121.09502654208458,16.363567781969035],[121.09757599069444,16.362903391357808],[121.09982932288418,16.361303341769187],[121.10116770673055,16.359645914476953],[121.10142815357659,16.359009924403765],[121.10159258630196,16.35778383326319],[121.10186157195477,16.35626406612768],[121.1025354834509,16.354944357384216],[121.10376782393766,16.35372787826726]]},"properties":{"ID":0,"RIVER_NAME":null}},{"type":"Feature","geometry":{"type":"LineString","coordinates":[[121.08681247382678,16.366193951298346],[121.08520040889381,16.364608015948644],[121.08474845771352,16.364014675434852],[121.08460259943016,16.363325913694904],[121.08473065910015,16.360626440496574],[121.0842345705587,16.359345263225116],[121.08348230104825,16.358258164444123],[121.08252374801287,16.357463800831134],[121.08115357690916,16.35715670884415],[121.07978149044932,16.35704600051725],[121.07876682206937,16.356791236453134],[121.07798436099448,16.356194870013557],[121.07758570625977,16.35535649213256],[121.07719138106759,16.354076232065157],[121.07689780335686,16.352895095938795],[121.07624537876043,16.35200529768358],[121.0752369967569,16.351112246677697],[121.07214660074676,16.34990554040268],[121.06976285552147,16.349245390198142],[121.06849302380462,16.34908644860107],[121.06645704666082,16.349264186185106],[121.06457845850906,16.348952328581916],[121.0623942889021,16.348686747386655],[121.06160561648281,16.34872859653232],[121.06109565448943,16.348871211154087],[121.0604312002793,16.349208810466802],[121.05981614021447,16.349694168083317],[121.05883784145463,16.35091270658073],[121.05754859380225,16.352717595366812],[121.05697756701744,16.35389077484441],[121.05563937296381,16.355498789100917],[121.05456271713405,16.35637268125451],[121.0532313011422,16.357293314249493],[121.05170084598855,16.35777018104285],[121.05017233491375,16.35805064722493],[121.0487513818905,16.357742878578126],[121.04692654342236,16.35713674660139],[121.04551049155809,16.356337986930924]]},"properties":{"ID":0,"RIVER_NAME":null}},{"type":"Feature","geometry":{"type":"LineString","coordinates":[[121.09298999921289,16.384712594061266],[121.09156971348202,16.38430689114311],[121.09040278201414,16.384001684570283],[121.08888381715471,16.384257810599273],[121.08531574708074,16.384053643876527],[121.082060665583,16.384023987667877],[121.08012555958186,16.384251845074438],[121.07808295261317,16.38506792897153],[121.07644769961972,16.38583861517733],[121.07558113617307,16.386027096481715],[121.0743628865644,16.385770434812656],[121.07274210039347,16.385068159008885],[121.07092271770436,16.38387302960531],[121.07016803203595,16.383031371608723],[121.06977372188015,16.381751100035995],[121.06927092810831,16.381157261268495],[121.06846249782963,16.38060971763499],[121.06732735974447,16.37966635413318],[121.06687495347002,16.379122075634005],[121.066329063244,16.377742203331525],[121.0652319750399,16.375522529213804],[121.06478394346782,16.374536370016713],[121.06352365278754,16.37339543199617],[121.06175286691196,16.37244619471901],[121.06116236691102,16.37223964429479],[121.0592691344844,16.371588575191087],[121.05825977674968,16.37079363658967],[121.05724702399507,16.37034237518251],[121.05638392635197,16.37018710193828],[121.05567923793126,16.369444067362444],[121.05452464175808,16.367911245508363],[121.05351581013464,16.367067190764306],[121.05225027525627,16.36646626575096],[121.04827963630878,16.36426902341168]]},"properties":{"ID":0,"RIVER_NAME":null}},{"type":"Feature","geometry":{"type":"LineString","coordinates":[[121.05058212439286,16.39297440345024],[121.04938678994164,16.393257791392738],[121.04841516229922,16.39335585572352],[121.04697398704938,16.393262160621394],[121.04572959647638,16.392902580754857],[121.04462439632036,16.39249074773943],[121.04265716284267,16.392311819168263],[121.04182579594413,16.392250536606326],[121.04143757525796,16.392246920334866]]},"properties":{"ID":0,"RIVER_NAME":null}},{"type":"Feature","geometry":{"type":"LineString","coordinates":[[121.07006409490904,16.389523784994168],[121.07075942906773,16.390419039440022],[121.07135056483676,16.39089504279289],[121.07187622231582,16.39252075175837],[121.07224660512297,16.39341302231948],[121.07289345795216,16.393732673195274]]},"properties":{"ID":0,"RIVER_NAME":null}},{"type":"Feature","geometry":{"type":"LineString","coordinates":[[121.0902674335566,16.38400894169775],[121.08946370376754,16.383112760429697],[121.0886630397457,16.381902881492955],[121.08807901930552,16.38069496934809],[121.08792827106568,16.379490994318328],[121.08794254658616,16.37802708308114],[121.08805850878173,16.377243829074757],[121.08795478158927,16.37677230184923],[121.08768552380344,16.376612993427383],[121.08665653329918,16.376603639378192],[121.08497714493595,16.37664064918505],[121.08416478513202,16.376633254362538],[121.0837325485179,16.376524744324453],[121.08330593334526,16.375841126881138],[121.0831516382719,16.375003128325694],[121.08262438118845,16.373534287282205],[121.08265861427432,16.372802580241043],[121.08320732888005,16.372075559200155],[121.08451524215167,16.37125087253719],[121.08522845352853,16.370316193336937],[121.08539653285847,16.369742563572462],[121.08518960603779,16.368747225530768],[121.0841708682369,16.36769221403262],[121.08363800026272,16.36679848306302],[121.08348523826734,16.365803637262825],[121.08382445771012,16.3643426851169],[121.08453866371879,16.36330344033339]]},"properties":{"ID":0,"RIVER_NAME":null}},{"type":"Feature","geometry":{"type":"LineString","coordinates":[[121.08248847906913,16.373585336146053],[121.08233725501258,16.37243364296298],[121.08170118640848,16.37101609621934],[121.08084441353198,16.370014832469117],[121.08014960284669,16.369067330191626],[121.07940678483968,16.36749194415269],[121.07904305688596,16.365920015552035]]},"properties":{"ID":0,"RIVER_NAME":null}},{"type":"Feature","geometry":{"type":"LineString","coordinates":[[121.08888381715471,16.384257810599273],[121.08829775035909,16.38325902857091],[121.08775666781462,16.383201823132847],[121.08667297317818,16.383244255628753],[121.08591372334297,16.3833419222196],[121.08494090092735,16.38312391914893],[121.08429405727851,16.382804306685568],[121.08364466035522,16.382746104413673],[121.08120187872392,16.38329899256461],[121.07865384297037,16.38353716801207],[121.07719308822018,16.38336695911619],[121.07480906952314,16.383449726182473],[121.07388990986664,16.383284451003757],[121.07205879533316,16.3822219405636],[121.07017663160792,16.38084522745222],[121.06845593779725,16.37957455573936],[121.06775755653719,16.378992989571092],[121.06707051768134,16.37726121956697],[121.06632624005455,16.375842642068243],[121.0655370979528,16.373482491295213],[121.06553761358654,16.373430209414984]]},"properties":{"ID":0,"RIVER_NAME":null}},{"type":"Feature","geometry":{"type":"LineString","coordinates":[[121.05717299832261,16.37037283194773],[121.05703176251451,16.36822778524339],[121.05660474358581,16.367596406643983],[121.05590540463066,16.367119372070945],[121.05493530112929,16.366639834112387],[121.05434375856524,16.36621607725746],[121.05328247157192,16.364010240675068],[121.05263990010512,16.363272290331107],[121.05210252503696,16.362849029463142],[121.04966722409462,16.362669629135343],[121.04842483958187,16.362344401340188],[121.04685962838316,16.361807027941904]]},"properties":{"ID":0,"RIVER_NAME":null}},{"type":"Feature","geometry":{"type":"LineString","coordinates":[[121.06116288366897,16.37218736254415],[121.06079516673039,16.371033671725506],[121.06004475179333,16.37024245935619],[121.05880643488244,16.36949903252469],[121.058485646755,16.36907778238683],[121.05833094450074,16.368292058698305],[121.05694623364504,16.365926393204646],[121.05658062077025,16.36456357171508],[121.05659408093547,16.363204248825454],[121.05622899119452,16.361789145553242],[121.05548484226557,16.360370542455254],[121.0547886384356,16.359579817234568],[121.05409710377259,16.358318555874693],[121.05324053274774,16.357317199614734],[121.05292132977166,16.35673909925406],[121.05196269401324,16.355109359404455],[121.0513732658282,16.354476472066473],[121.04991899985855,16.353678721153152],[121.04851318173641,16.353456558936877],[121.04678870920321,16.3526039990724],[121.04522565979595,16.35185749651672],[121.04403541864352,16.35174187834274],[121.0428935983912,16.352201850651994],[121.04264940580791,16.352251868368317],[121.04221725415742,16.35214328104475],[121.0415721555071,16.35166671105222],[121.04130610241958,16.351193663254566],[121.0411493907994,16.35061705957333],[121.04115616835588,16.349937403525676],[121.04062198340752,16.349200432137497],[121.0399243147193,16.348566511357948],[121.03906003206221,16.34834932670706],[121.03754284277801,16.34843977570514],[121.0347213946891,16.348988627728275],[121.03347651247952,16.348924728418936],[121.03310114039395,16.348555224043466],[121.0320754725207,16.348231933428366],[121.03131949915623,16.348015729349996],[121.03056614814214,16.34753811816478],[121.02992948320517,16.34622502262637],[121.02971656428389,16.345857031720385],[121.0295088888853,16.344966231746362],[121.02968128926409,16.343974413153745],[121.02963867473419,16.342823727090497],[121.02943833971653,16.341200994467133],[121.02950873307705,16.33958079215439],[121.03001385453261,16.337807793964014],[121.03186120264233,16.33447874765232],[121.03252505421224,16.333073221847787],[121.0328088466241,16.331768720523158],[121.0328250569918,16.330148007421197],[121.03267936122072,16.328473498359003],[121.03254975711403,16.327897144281177],[121.03239465126002,16.327163694494637],[121.03279403303046,16.325128266107487],[121.03307780605572,16.32382376205113],[121.03308773519959,16.322830420886945],[121.03271920239459,16.321781266071845],[121.03100239810102,16.320196677377723],[121.02992901707373,16.319245514546118]]},"properties":{"ID":0,"RIVER_NAME":null}},{"type":"Feature","geometry":{"type":"LineString","coordinates":[[121.03255264908611,16.333021193332065],[121.03175043677057,16.33202027634582],[121.0312746605064,16.33086554628145],[121.03090822123166,16.329607264403922],[121.03000036316942,16.328343927195505],[121.02904046954531,16.326870957560534],[121.02733885927205,16.323770191149045]]},"properties":{"ID":0,"RIVER_NAME":null}},{"type":"Feature","geometry":{"type":"LineString","coordinates":[[121.02950836461591,16.345018512640394],[121.02790232410071,16.343173490617367],[121.02618329642961,16.341797972737552],[121.02440752058429,16.340683339703965],[121.02263597316023,16.33915044816444],[121.02162037249819,16.3378337807113],[121.02043550915579,16.337195233354933],[121.01806211812618,16.336284085113146],[121.01720055879555,16.335805416340317],[121.01579703920066,16.335373931379415],[121.01477147599915,16.335050566803492],[121.01358665517647,16.334411985073853],[121.01246021307563,16.333355664464943],[121.01133536912496,16.332142497929652],[121.01075143333065,16.33098671378052]]},"properties":{"ID":0,"RIVER_NAME":null}},{"type":"Feature","geometry":{"type":"LineString","coordinates":[[121.0565670045768,16.363203998929876],[121.05392751947757,16.361767889814217],[121.05139430328832,16.360541879697255],[121.049342250228,16.35994773408309],[121.04701893486059,16.359403340648164],[121.04620562404476,16.35950036974052],[121.04452693278161,16.359484790277687],[121.04311378811727,16.359994525821776],[121.04179694457734,16.36170772572995],[121.04053944899204,16.36289860705838],[121.03961050815505,16.36372653659728],[121.03807176987031,16.365960500239797],[121.03651376580936,16.36740998080039],[121.0351552239465,16.36786787819879],[121.0334738523266,16.368113607436687],[121.0324459880914,16.367999431487547],[121.03017207785832,16.367925880559604],[121.02973937760528,16.367869545550672],[121.02844495616472,16.367334570102752],[121.0265616975529,16.366114355449323],[121.0243461820082,16.36562300668446],[121.02159284835048,16.364760584218935],[121.02062549461616,16.364019495745918],[121.02009399769096,16.36302107488271],[121.01899586080397,16.359141623752777],[121.01875693257409,16.358668807263484],[121.01746366263417,16.358029212846276],[121.01600055628758,16.358120006941725],[121.01377776367363,16.358360484072925],[121.01177633326573,16.35813245952992],[121.01032488390537,16.357073048818624],[121.0086748794532,16.35423405606841],[121.00782441065684,16.35265746004447],[121.00669897127482,16.351496541933393],[121.00459835928484,16.350378671769803],[121.00108941690033,16.349299713461082]]},"properties":{"ID":0,"RIVER_NAME":null}},{"type":"Feature","geometry":{"type":"LineString","coordinates":[[121.00867434932564,16.3542863362553],[121.00906240042701,16.353401155342656],[121.00870880360112,16.350888123534155],[121.00833931089011,16.349943497619687],[121.0067270881671,16.34872569425874],[121.00597698863575,16.347934320616087],[121.00479584590524,16.346929724045662],[121.0042363350828,16.346035579478325],[121.00376813905459,16.344148881689062],[121.00379681489363,16.341325756957396],[121.0041407956888,16.339446748895117],[121.00564618611058,16.335173608421467],[121.00603579265257,16.33413158831332],[121.00609629707743,16.333504737739094]]},"properties":{"ID":0,"RIVER_NAME":null}},{"type":"Feature","geometry":{"type":"LineString","coordinates":[[121.03239131055383,16.36805120621207],[121.03078507718263,16.366206186443165],[121.0288508099645,16.364671800590894],[121.02783242541739,16.36361655084494],[121.02740446482491,16.363089685482777],[121.02698859335281,16.36136036268142],[121.02597706931543,16.35962545737696],[121.02496030268873,16.35841335575052],[121.0235629195626,16.357354536049662],[121.0229199629389,16.356668789678775],[121.02265921683504,16.355672916452964],[121.02268132621504,16.353477129979524],[121.0232543859658,16.35034537171617],[121.02345863333595,16.348883290498456],[121.02373726068609,16.3481016192826],[121.02374725262972,16.347108286005945],[121.02327044747082,16.346058101953364],[121.02268167103806,16.345372866139225],[121.02079285680378,16.344727711356732],[121.01765974894455,16.343966271574953],[121.01609426163076,16.34348097423708],[121.01398468394417,16.34325196756629],[121.01295855656717,16.34298087057327],[121.0119923954335,16.342135195664703]]},"properties":{"ID":0,"RIVER_NAME":null}},{"type":"Feature","geometry":{"type":"LineString","coordinates":[[121.02960399477986,16.3678682784283],[121.02725333355518,16.370042259907297],[121.02610558650461,16.371077211780698],[121.02522649285677,16.372323819238353],[121.02450247896527,16.374303875064317],[121.02453504223875,16.37644788748367],[121.02478633383265,16.378384811077943],[121.02578897410008,16.381008498836785],[121.02588517845768,16.38221196905756],[121.02564748692492,16.384301159240135],[121.02472227231024,16.38742960154123],[121.02356807285192,16.38909189128174],[121.0216556241164,16.39074703924761]]},"properties":{"ID":0,"RIVER_NAME":null}},{"type":"Feature","geometry":{"type":"LineString","coordinates":[[121.04692453228878,16.563691702537366],[121.04817154132414,16.563334408284607],[121.04913674118421,16.562467116269517],[121.0500564342908,16.56136877876221],[121.05198168980277,16.560141471690162],[121.05490924782625,16.559107995142885],[121.05620311003393,16.55884333165213],[121.05687025020079,16.559080169250933],[121.05734843095084,16.559084628101782],[121.05872637904639,16.559973808636325],[121.06011080339573,16.56021731849049],[121.06154674114049,16.56009231389888],[121.06231552534585,16.55973048009701],[121.06294592219515,16.558860002093407],[121.06358875272029,16.55674431168001],[121.06500124486715,16.55417453281009],[121.0663024261621,16.55317189797074],[121.06778888647057,16.55277057384756],[121.06907994119526,16.552782538173513],[121.06994339938139,16.55251379549044],[121.07066937066224,16.5516441729212],[121.07163533467995,16.550684520627655]]},"properties":{"ID":0,"RIVER_NAME":null}},{"type":"Feature","geometry":{"type":"LineString","coordinates":[[121.04634652018404,16.56410138705777],[121.04637852790317,16.565669860349697],[121.04665102874114,16.56710222097979],[121.04778150586019,16.568819362574033],[121.0493405300403,16.570725005779206],[121.05049496076701,16.57244236086827],[121.05236791448795,16.576426453207944],[121.05354863219459,16.57791342810081],[121.05396837226985,16.57897817850788],[121.05395399839581,16.580407852631915],[121.05417735006716,16.581978117998386],[121.054812771232,16.582998761304758],[121.05542845763514,16.58360411294555],[121.05638308666985,16.58379752326573],[121.05724021754705,16.58417451077676],[121.05795341605462,16.584596274683598],[121.05866106522404,16.58557145995184],[121.05879158321702,16.586864120040776],[121.05916354192685,16.587928417954416],[121.06020367429497,16.589137315933645],[121.06181264708219,16.590858863742454],[121.06285419696398,16.591929395429656],[121.06393942970094,16.593415436823857],[121.06627641723321,16.59648130155345],[121.06774662833016,16.597740291836825],[121.06912304479047,16.598813909876466],[121.07025757193126,16.600162014062747],[121.07132909909144,16.60303159340668],[121.07214495012627,16.60516082744527],[121.07285090014827,16.606320453716254],[121.07417819505457,16.6075319601289],[121.07574603905843,16.608607317319073],[121.07788833392407,16.609641855260016]]},"properties":{"ID":0,"RIVER_NAME":null}},{"type":"Feature","geometry":{"type":"LineString","coordinates":[[121.05851759125643,16.585570121240444],[121.05995371878194,16.585445147931967],[121.06105183780704,16.585639875952793],[121.06200371356533,16.586109974356056],[121.06319656617829,16.58639782005987],[121.06420181417744,16.586314929298005],[121.06502037409768,16.585769066606368],[121.06541035108867,16.585034723432077],[121.06599807614849,16.58365649363072],[121.06668097932803,16.58232526857799],[121.06764805226204,16.581273417881235],[121.06889791504628,16.580639294386312],[121.07114655119359,16.580567900096355],[121.07243549717009,16.580810458201523],[121.07400726058701,16.581470735866453],[121.07500330953653,16.58231017135401],[121.07671169369642,16.58366354467717],[121.0785571658195,16.585663899598533]]},"properties":{"ID":0,"RIVER_NAME":null}},{"type":"Feature","geometry":{"type":"LineString","coordinates":[[121.0501682339071,16.162724342648573],[121.04816103394701,16.16124050476776],[121.04640224040355,16.160198563173555],[121.04483841807121,16.15989112045355],[121.04357735299365,16.159635296778564],[121.04277402265123,16.1590905856486],[121.04152691368573,16.157418286488156],[121.04008104325072,16.155402216939635],[121.03950563885232,16.154810745293997],[121.03900267347399,16.15456187512046],[121.03799337507468,16.154406036132134],[121.03632516896114,16.15443951026696],[121.03496404543999,16.154085021731564],[121.03310431957372,16.15304205171287],[121.03099579954124,16.151605985527578],[121.0301434535999,16.150914236748292],[121.02884258086502,16.149583315016162],[121.02763698746065,16.148839441470596],[121.02592362975622,16.148335096289586],[121.02491486467734,16.148130356692967],[121.02264127089954,16.148060420595474],[121.02046632260215,16.148235614521482],[121.0183112909796,16.148948293246775],[121.0165838487185,16.14986031949291],[121.01301126534986,16.153344035950013],[121.01051350859838,16.155469999652087]]},"properties":{"ID":0,"RIVER_NAME":null}},{"type":"Feature","geometry":{"type":"LineString","coordinates":[[121.0249396475538,16.148179434070254],[121.02325298231875,16.1449886977923],[121.02235743635259,16.14356380845385],[121.02216549015853,16.142536227749787],[121.0221766490815,16.14141283661344],[121.02254008345444,16.140439256619434],[121.02295501644002,16.139368457961247],[121.02306577921833,16.13839253263371],[121.02282378362796,16.13731564046443],[121.02207889472977,16.135989845207867],[121.02068050143164,16.134316049576736],[121.01940505973022,16.13298532188057],[121.01865340776968,16.132343320992177],[121.01805772558659,16.13126313972086],[121.01691107644092,16.12968935980254],[121.01530481260133,16.128599773950473]]},"properties":{"ID":0,"RIVER_NAME":null}},{"type":"Feature","geometry":{"type":"LineString","coordinates":[[121.0362746318853,16.154439044324995],[121.0361100022401,16.155756419423795],[121.03605464276633,16.156244387778237],[121.03539331360422,16.15667791885868],[121.0342829344209,16.156521128975026],[121.03296992481863,16.15641130978819],[121.03175605933721,16.15649779006711],[121.02982644551486,16.15740805423958],[121.0285523548294,16.15847091206658],[121.02690897735208,16.16109346356431],[121.0253291897462,16.16239770234389],[121.02327217442708,16.16340441102879],[121.02184736546585,16.16436812601998],[121.02006147120356,16.16606118327617],[121.01949239795312,16.1673747695247],[121.01825022319355,16.170294050270446],[121.0178342072117,16.171462512489423],[121.01671158504675,16.17252669337908],[121.01483083143256,16.173583794601246],[121.01142794877414,16.175212821344765]]},"properties":{"ID":0,"RIVER_NAME":null}},{"type":"Feature","geometry":{"type":"LineString","coordinates":[[121.05028293688896,16.156179731175893],[121.04897948951542,16.155093133599056],[121.0477251560931,16.154153524092123],[121.04718123037358,16.152927333511588],[121.0471441157096,16.15155924433364],[121.04782409162918,16.1492207632707],[121.04813640958311,16.148295508750387],[121.04835052637642,16.147076264593363],[121.04811509048183,16.145315571938703],[121.04772470025543,16.14389539733448],[121.04784013720652,16.14243100791775],[121.04810860956562,16.14082147483257],[121.04898443615545,16.139119803891933]]},"properties":{"ID":0,"RIVER_NAME":null}},{"type":"Feature","geometry":{"type":"LineString","coordinates":[[121.0572614971865,16.15062593712045],[121.05798378746604,16.149118220722766],[121.05911225909463,16.147418806996402],[121.05947981998044,16.146005548267933],[121.05949600804576,16.14434484639602],[121.05925761586545,16.14287722025505],[121.05864021759456,16.14140614226338],[121.05794654997835,16.13998321684593],[121.05755704623652,16.138465364757028],[121.0568190559372,16.136407003085576],[121.05562676231243,16.134295649326674]]},"properties":{"ID":0,"RIVER_NAME":null}},{"type":"Feature","geometry":{"type":"LineString","coordinates":[[121.07866056839524,16.14593511267097],[121.08034474872663,16.144240575833958],[121.080758452474,16.143267321303835],[121.08157690512003,16.142248859970866],[121.08285251651641,16.14099026150573],[121.08551321112333,16.13759473449788],[121.08694271467684,16.13609324137684],[121.0887806827784,16.134155754555547],[121.09020498621885,16.13319152999843],[121.09172706787467,16.1325701148773],[121.09375680843755,16.13170897934958]]},"properties":{"ID":0,"RIVER_NAME":null}},{"type":"Feature","geometry":{"type":"LineString","coordinates":[[121.08597309912693,16.33572952279351],[121.08689265694242,16.33480974712866],[121.08780603149083,16.334524940030196],[121.08881677516743,16.334631798671943],[121.090229352241,16.33503538259158],[121.09163766951832,16.335878555654606],[121.09269664032891,16.33623007563476],[121.0934554188734,16.33623693695563],[121.09381188334899,16.33599591655588],[121.09406812362317,16.33565629255331],[121.0939750024295,16.334825025230796],[121.0929359303408,16.332422052833266],[121.09199946951874,16.32987345975228],[121.091600013801,16.329332512560597],[121.09114713304908,16.329084172586885],[121.09054297785923,16.32878561410458],[121.08943109563069,16.328677850617655],[121.08811593334735,16.32866593619626],[121.08710807055034,16.32826601266947],[121.08660604117453,16.32787067279748],[121.08640608521613,16.327624617171008],[121.08636120383332,16.327038029049348],[121.08657066026142,16.326307202277246],[121.08713466592951,16.325530741128105],[121.08800358364304,16.32461049560167],[121.08894599412518,16.32393515367927],[121.08935444393255,16.323548064199446],[121.08951188009362,16.322963307411577],[121.08937056785591,16.321887360783744],[121.08897824780244,16.320613747487506],[121.08862844924035,16.320170943472796],[121.0883278098581,16.319875129749338],[121.08737057029387,16.319475669998123],[121.08656127834023,16.319468335130672],[121.0860559460323,16.319414905126415],[121.08570473134294,16.319118629534653],[121.08540742388922,16.318480903389293],[121.08485864242273,16.317694350360014],[121.08410231608562,16.317443245260648],[121.08284066717319,16.317138700647195],[121.08218550617308,16.316888507833834],[121.08203709741923,16.31654522101738],[121.08194069649947,16.316055861583695],[121.08212295951367,16.315520185429747],[121.08243214574604,16.314936813451187],[121.08263731749815,16.31464558654753],[121.08264017138826,16.314352522167137],[121.0824917632119,16.31400923571214],[121.0821911424138,16.31371341506404],[121.08133415315993,16.31341253907094],[121.07986974364596,16.313154985274192],[121.0794159626983,16.313004313247315],[121.07911439545082,16.312806176787873],[121.07901943215053,16.312170284916895],[121.07933147891164,16.31129385383689],[121.07989641354132,16.310419721455457],[121.0805629749043,16.309497662338284],[121.08097283381959,16.308964055033258],[121.08112789837327,16.308623525386498],[121.08098615813077,16.307596421788656],[121.08084108778223,16.30691122649276],[121.0806917352392,16.306665627565412],[121.07973743298469,16.305973077083635],[121.07924166287958,16.304942754413062],[121.07909707584825,16.304208714604073],[121.07954554373963,16.302307706264166],[121.0799081434926,16.301431731348288],[121.07997156838468,16.300113401619953],[121.0798794588931,16.299184445448734],[121.07938132125142,16.29839834445783],[121.07862936065605,16.29770763173019],[121.077974268345,16.297457432884944],[121.07666742538433,16.296615121801636],[121.07551803900786,16.295188058030845],[121.07431618674562,16.29395590453733],[121.07321263245981,16.293017731033284],[121.07200698710086,16.292176318039804],[121.07075125725102,16.291285593845952]]},"properties":{"ID":0,"RIVER_NAME":null}},{"type":"Feature","geometry":{"type":"LineString","coordinates":[[121.08058826390226,16.30949789218176],[121.08014067964035,16.308712250273526],[121.07898739466812,16.30767594863757],[121.07753399554792,16.306294972418062],[121.07683640654754,16.30521396004072],[121.07644514490285,16.303842645864275],[121.07666270753472,16.30228148163734],[121.0773898338934,16.30033416748873],[121.07760500000794,16.29901722053846],[121.07802389063795,16.2975555808769],[121.07829390735402,16.295799495839876],[121.07871135544165,16.29448438524435],[121.08004530818494,16.29254257051123],[121.08132058096992,16.29143063550328],[121.08426807537099,16.28999191141458],[121.0869078291496,16.28898999479919],[121.0887355556004,16.28827379562178],[121.08952369227879,16.287841280627706],[121.08993631514913,16.287014581125902],[121.09019674443387,16.28623535460867],[121.09046142665443,16.285016527696296],[121.0903744668077,16.28355028164193],[121.08951925930803,16.28046509086692],[121.08877961939642,16.278504462167145],[121.08797806626625,16.277715640429143],[121.08677906272474,16.276190492795912],[121.08528376826833,16.273929929822437],[121.08463963998177,16.27255633945141],[121.08414912038401,16.270988744089596],[121.08365796998723,16.266881015368007],[121.08349977458607,16.262336662616406],[121.0833006579073,16.259403943107735],[121.08332292422902,16.25710825903964],[121.0831844946663,16.25573924449385],[121.08279182495166,16.2545144748389],[121.08189399685124,16.253236282788148],[121.08159582930062,16.252696248094058]]},"properties":{"ID":0,"RIVER_NAME":null}},{"type":"Feature","geometry":{"type":"LineString","coordinates":[[121.09444129895125,16.362379808402054],[121.09384619104273,16.360781398107953],[121.092201686014,16.35854935321441],[121.09034834914078,16.356627470784836],[121.08939806246117,16.355495341116672],[121.08809888878992,16.353822710324028],[121.08619457059797,16.351949184442052],[121.08458191299124,16.351299502901394],[121.08317019192519,16.3507981826982],[121.08286952003692,16.35050235789322],[121.082619437574,16.350206993064255],[121.08262420501639,16.34971855407332],[121.08319163879749,16.348600206462184],[121.08397046706456,16.346555661203944],[121.08448634276077,16.345534536084482],[121.08570607331089,16.34237047554649],[121.08648199140895,16.340618978773065],[121.08659837804433,16.339056887083117],[121.08646230998669,16.337443655790235],[121.08601892933015,16.336218422510623],[121.08592298971699,16.33568021961698],[121.08462062963503,16.334349489677965],[121.08286160156894,16.333161147809417],[121.08125196432506,16.33221839358287],[121.08022024032485,16.33167167498194],[121.07956885268513,16.33103071836424],[121.07937271917294,16.330393905566112],[121.07893082636248,16.32902213132858],[121.07768295833883,16.32730107713364],[121.07733222247988,16.326955943796303],[121.07642842572007,16.326263831271604],[121.0756782922724,16.32537772421701],[121.07533186337446,16.324592993977625],[121.07515342560295,16.322148958111832],[121.07515772520561,16.321709363786702],[121.07565113930191,16.32039496230839],[121.0756559148534,16.319906523943793],[121.07520546673504,16.319413934842313],[121.07380881307074,16.31739841980855],[121.07210727629628,16.315526658459724],[121.07060377896359,16.314096328869446],[121.06930213850701,16.31271668440325],[121.06855160566569,16.31187940357497],[121.06830638020446,16.311095591639464],[121.06740604116123,16.31006154516031],[121.06594840025083,16.309120088778123],[121.06524127552882,16.309015915922547],[121.0620052855553,16.308888550101514],[121.06008431206138,16.308773218088245],[121.05902652315368,16.308323868717082],[121.0582726824998,16.30782846126431],[121.05779942586483,16.30709139273428],[121.05745068724168,16.30655085984559],[121.05705137403122,16.30600986134555],[121.0568644845413,16.304445012801782],[121.05687989894223,16.3028820249979],[121.05664002730131,16.301560928012993],[121.05609044518683,16.300872003109998],[121.05538576849122,16.300523584216222],[121.05458235561261,16.29993001535618],[121.05428806906612,16.298999198327834],[121.05343987986288,16.29781904083762],[121.05162645231795,16.297069613409786],[121.05091986622934,16.296916554738015],[121.05041847526054,16.296472300849185],[121.0502487137329,16.295738019710214],[121.05005849759155,16.294515073117072],[121.04971559790329,16.29338841307466],[121.04871380719412,16.292402214510922],[121.04811467155614,16.291615120898882],[121.04787051313275,16.29073360899646],[121.04788115029667,16.289659059285686],[121.04835128158318,16.288149122614463],[121.04922404167482,16.286838289643665],[121.05006957281199,16.285722591509774],[121.05063888566876,16.284408952031388],[121.0506504686097,16.283236713337924],[121.05060761988032,16.282454754695753],[121.05026038609485,16.281767685777574],[121.04971377195122,16.280785691874627],[121.04946864834972,16.280001868176644],[121.04940341558427,16.27892661691612],[121.0494154844812,16.27770553521102],[121.04972903347011,16.276682623633345],[121.04989280363854,16.275462939743754],[121.04975316269515,16.27424045908171],[121.04911556796463,16.27223182436345],[121.04912184212105,16.271596861603946],[121.04933521007828,16.270475330270774],[121.0502020848233,16.2697506019554],[121.05086234736059,16.269463596920552],[121.05202586700995,16.269425461151922],[121.0532885946634,16.2695836228564],[121.0536940931332,16.269489656492496],[121.05390021179535,16.269100768917564],[121.05400567740435,16.26866210778614],[121.05376198968185,16.26773175767301],[121.05356887002172,16.266801872424605],[121.05329605140504,16.26626203713039],[121.05325559498316,16.265235859906873],[121.05331915756646,16.263917551875625],[121.05272440841865,16.26269088580259],[121.05197556348605,16.261707040286446],[121.05178101015248,16.260923684717504],[121.05164376525238,16.25945698647248],[121.05201264195455,16.257946096273685],[121.05225077047885,16.256873633229848],[121.05230951720169,16.25604375952344],[121.05191174966191,16.255356231154302],[121.05090819118045,16.254565433142275],[121.05006644735451,16.252750316122036],[121.04992535961543,16.251674364958934],[121.04978668169937,16.25035419672988],[121.0498979222002,16.249329415850347],[121.05005586903751,16.248695847384674],[121.04970579253553,16.248301842662194],[121.04935186281249,16.248298584744127],[121.04864111154714,16.248585127436822]]},"properties":{"ID":0,"RIVER_NAME":null}},{"type":"Feature","geometry":{"type":"LineString","coordinates":[[121.05708376552981,16.233325975857746],[121.05730609203255,16.23185516462203],[121.05731923077592,16.23051633205493],[121.05660439937778,16.22992064440086],[121.05472972084995,16.2288858566351],[121.05307678717143,16.227853089413685],[121.05230654810421,16.227256880830456],[121.05143704582063,16.225481482583113],[121.05056650345603,16.22381318844028],[121.05046037169338,16.222205474258452],[121.05007140255421,16.221173587372423],[121.0500798369355,16.220316737387318],[121.05049283698688,16.21890660096671],[121.05054771853382,16.217835945258575],[121.05014670170554,16.215775634899007],[121.04888187459964,16.21362169433754],[121.04755922734643,16.212838300116587],[121.04619436166821,16.211840278521947],[121.04505290415226,16.21067292131095],[121.04409178068286,16.209207296336267],[121.04300061080393,16.207440546000406],[121.04133473813884,16.205497107595047]]},"properties":{"ID":0,"RIVER_NAME":null}},{"type":"Feature","geometry":{"type":"LineString","coordinates":[[121.06442775348951,16.192897635410034],[121.06735651965607,16.1926672061371],[121.0691743499938,16.192683727884386],[121.07068015463008,16.19286878961612],[121.07267825284532,16.192586989129822],[121.07428188367163,16.19183027870334],[121.0757110622587,16.190772046457454],[121.07710128455007,16.189156438738657],[121.07795529846605,16.18796444342943],[121.07916357748176,16.186818491564836],[121.08099586045893,16.18533538676565],[121.08255796512394,16.184278299246927],[121.08433966546528,16.183437413019707],[121.08563283512136,16.182677807670192],[121.08726552569973,16.181192843032953],[121.08820893826667,16.17991590555212],[121.08893025237329,16.178679814584278],[121.08929770521328,16.177354847274515],[121.08945048530805,16.175299545454333],[121.08933231501344,16.173755978525836],[121.08869977948429,16.172679113024806],[121.0876506205372,16.171127181513008],[121.08722007282786,16.16979504399749],[121.08719058310491,16.168252274185093],[121.08733718393805,16.166839628746434],[121.08779822451507,16.16500133395651],[121.08872233337193,16.161110519140646],[121.08965045761114,16.15910501909328],[121.09081703040664,16.15765866777631],[121.0923788564786,16.156601476520464],[121.09403055743967,16.155416533739704],[121.09523484298104,16.15465605117604]]},"properties":{"ID":0,"RIVER_NAME":null}},{"type":"Feature","geometry":{"type":"LineString","coordinates":[[121.06443327220714,16.20823682417198],[121.06080991009284,16.206918368364338],[121.05908692967036,16.206259929613918],[121.05763335899127,16.205261169226638],[121.05714939849096,16.204871123561592],[121.0562747815347,16.20362057103633],[121.05544997488782,16.201813466602797],[121.05431271034743,16.20021773159541],[121.05334945308303,16.198966358608722],[121.05127944045235,16.19753344897209],[121.04965241369767,16.19614743463591],[121.0487548684582,16.19498234121778],[121.04748805612375,16.193042617286057],[121.0463868047253,16.1923041088245],[121.04466274096386,16.191774098707345],[121.04227279780056,16.191323636143245],[121.03992974322307,16.19061650254448],[121.03891551570008,16.190050146711116]]},"properties":{"ID":0,"RIVER_NAME":null}},{"type":"Feature","geometry":{"type":"LineString","coordinates":[[121.05703854910128,16.20487010957261],[121.05527084209002,16.204254080131847],[121.0535893033709,16.20389590568983],[121.05177054538885,16.20396492471162],[121.05061772108635,16.203954347793683]]},"properties":{"ID":0,"RIVER_NAME":null}},{"type":"Feature","geometry":{"type":"LineString","coordinates":[[121.0642592167551,16.19653807617688],[121.06496152276777,16.19727286794377],[121.0658675646833,16.19985192456333],[121.06777423344936,16.204411036654594],[121.06850923336548,16.206345828764594],[121.06893719829307,16.207935053081183],[121.06942631137444,16.212352723446426],[121.06971500546841,16.214583383154853]]},"properties":{"ID":0,"RIVER_NAME":null}},{"type":"Feature","geometry":{"type":"LineString","coordinates":[[121.06880417604079,16.207933843444895],[121.06826666035909,16.208485963241646],[121.0680725962747,16.210198069923162],[121.06778316136841,16.212594856512936]]},"properties":{"ID":0,"RIVER_NAME":null}},{"type":"Feature","geometry":{"type":"LineString","coordinates":[[121.07076253601583,16.216306779113008],[121.07190960952424,16.216917057496964],[121.07305169055122,16.218041447560356],[121.07387671611181,16.219848505691722],[121.07421563766678,16.22147976336418],[121.07433825676064,16.22255204838183]]},"properties":{"ID":0,"RIVER_NAME":null}},{"type":"Feature","geometry":{"type":"LineString","coordinates":[[121.04344082423876,16.270557003878743],[121.04318743650073,16.269269279668155],[121.04306371536319,16.26832552264079],[121.04324622375648,16.267813057278133],[121.04325683564284,16.26674200386305],[121.04322394259886,16.265584856073506],[121.04350236695264,16.264344893353066],[121.04382259394689,16.263362392548693],[121.04382938168565,16.26267691785191],[121.04335126513253,16.261687040052085],[121.0431819188753,16.260871399539337],[121.04328165397412,16.2597583229624],[121.04400230742998,16.258650982032062],[121.04449568498144,16.258098538898604]]},"properties":{"ID":0,"RIVER_NAME":null}},{"type":"Feature","geometry":{"type":"LineString","coordinates":[[121.04805425029613,16.279511601113796],[121.0482490472119,16.27775670729216],[121.04813080867204,16.276256001803784],[121.0476969997393,16.275266538266493],[121.04731263509925,16.273763377001796],[121.04714241999015,16.273033422047824],[121.04720499613498,16.271191615993658],[121.04779854584073,16.269483246221597],[121.04847571062065,16.268289798495353],[121.04937336462618,16.267226918209833],[121.04986590679341,16.266760148286632],[121.04983212888386,16.265688681929813],[121.04949253355171,16.264143089852446],[121.048925504317,16.26092439994914],[121.0482374537748,16.25873290304724],[121.04767104175883,16.257699373514892],[121.04754391358941,16.257098354902862],[121.04764277352196,16.25607095759795],[121.04818683156483,16.254876278057136],[121.04837015668542,16.254278120218736],[121.04889202917606,16.253083233360034],[121.04962319118628,16.250904807492063],[121.04980735218788,16.250220962577178]]},"properties":{"ID":0,"RIVER_NAME":null}},{"type":"Feature","geometry":{"type":"LineString","coordinates":[[121.04825970325241,16.254234256314867],[121.04787154875967,16.253116678076836],[121.047391735769,16.252298178098453],[121.04686799982109,16.251436426248958],[121.04647647063351,16.25066158493677],[121.04630796197172,16.2497602611789],[121.04627038574127,16.249074375652743],[121.0465441004783,16.248305667768154],[121.04725580325368,16.24809799674534],[121.04765790677942,16.247801778422367],[121.04841987532654,16.246994718879474]]},"properties":{"ID":0,"RIVER_NAME":null}},{"type":"Feature","geometry":{"type":"LineString","coordinates":[[121.0476969997393,16.275266538266493],[121.04689945269853,16.275173485388578],[121.0461086917444,16.27439495470746],[121.04563435873548,16.273019499184045],[121.04574808771937,16.27049262971745],[121.0457658955444,16.268693257670858],[121.04596153841464,16.266852680908823],[121.04654279319634,16.266386738312406],[121.0473441169302,16.26609420851282],[121.04770233045242,16.265754743176842],[121.04797395357876,16.265200247823316],[121.04782236851659,16.26258523355701],[121.04788407706434,16.260829109105188]]},"properties":{"ID":0,"RIVER_NAME":null}},{"type":"Feature","geometry":{"type":"LineString","coordinates":[[121.00917377411466,16.24200234296696],[121.00762120593194,16.242030600386844],[121.00691208975229,16.241981088368917],[121.00643032031316,16.241376722896604],[121.00577030433087,16.240856370434916],[121.0041746978773,16.240755662637376],[121.0031090880525,16.240874162735317],[121.0021799777913,16.240651181830902],[121.00085824774388,16.23978181628474]]},"properties":{"ID":0,"RIVER_NAME":null}},{"type":"Feature","geometry":{"type":"LineString","coordinates":[[121.00917377411466,16.24200234296696],[121.00745546984265,16.24087221749032],[121.00560587501253,16.23956946347277],[121.00423805955609,16.238871065836797],[121.00202725279176,16.238207562795573],[121.00096468667626,16.238026165416816]]},"properties":{"ID":0,"RIVER_NAME":null}},{"type":"Feature","geometry":{"type":"LineString","coordinates":[[121.00110421545418,16.23738480236997],[121.00194721338424,16.237349903275117],[121.00455928259316,16.237802956700612],[121.00579491833886,16.238414417690393],[121.00729922760316,16.238771325579425],[121.00857965681753,16.23934034738739],[121.0096340524302,16.24033569425776],[121.00993887505587,16.24089554666418]]},"properties":{"ID":0,"RIVER_NAME":null}},{"type":"Feature","geometry":{"type":"LineString","coordinates":[[121.001902867838,16.237349485354898],[121.00200367069246,16.23615076790403],[121.00241618385175,16.23482645105287],[121.00278175198173,16.233758762317958],[121.00306424522131,16.232133301253583],[121.00329461011074,16.231278564038792],[121.00330325242115,16.230421739107808],[121.00295757568352,16.22951873307836],[121.00195928514908,16.227367066889332]]},"properties":{"ID":0,"RIVER_NAME":null}},{"type":"Feature","geometry":{"type":"LineString","coordinates":[[121.00544352019936,16.185197088541713],[121.00519473137189,16.187894021930735],[121.00526919394322,16.189308622372646],[121.00570049043782,16.190512343409537],[121.00705165045794,16.19283867493642],[121.00787725635912,16.194517391426505],[121.00846203422857,16.195893930101565],[121.00894156665262,16.19671248939916],[121.00919039025796,16.19842864327441],[121.00908924702871,16.19967021665638],[121.00827525877317,16.20124787193701],[121.00615693420131,16.20465563892094],[121.00534893235313,16.205633497762083],[121.00322041753711,16.207841457518796],[121.00222855492737,16.209460252927403],[121.00194610960821,16.211085718982226],[121.00214492048852,16.213358393616367],[121.00230284732503,16.215287920565476],[121.0024764667475,16.21786027524401],[121.0022787980959,16.21987214551102],[121.00195457893182,16.221240143513647],[121.00199287097227,16.22184033851848],[121.00234371895182,16.222229249681572],[121.0037983758009,16.2230998465011],[121.00472481906739,16.223579859540514],[121.00518523767565,16.224098333327202],[121.00623350352126,16.22569346630959],[121.00698173024722,16.226257487073063],[121.00768949744698,16.226435516787973],[121.00937411152526,16.22649417635776]]},"properties":{"ID":0,"RIVER_NAME":null}},{"type":"Feature","geometry":{"type":"LineString","coordinates":[[121.00969139644923,16.216985454955093],[121.00944989028844,16.22336716798265],[121.00924926479874,16.22567894103243],[121.00937411152526,16.22649417635776],[121.00964640939917,16.228082013570738],[121.0098909395174,16.230226581163965],[121.00987414232567,16.231897396466596],[121.01038819025209,16.233701729096236],[121.01059441212627,16.235246100510437],[121.01101418228977,16.237606539044542],[121.01109081622769,16.238806930864968],[121.0104557539929,16.240214871567126],[121.009961048335,16.24089575482953],[121.00917334295704,16.24204518432226],[121.0092094976942,16.242859586577246],[121.009643914632,16.243763420071648],[121.01056098545472,16.245185929418394],[121.01130843187102,16.245835626301304],[121.01241023566372,16.246531490414622],[121.01391075004267,16.247273932384793],[121.0153230100215,16.247972692682424],[121.01615961028627,16.248580364457865],[121.01683712841995,16.249572154418743],[121.01736243911058,16.250262599615326],[121.01787959222632,16.251767033224734],[121.01827315209547,16.252327707507614],[121.01933324424829,16.252766077582987],[121.02008332356333,16.253158699869225],[121.02065429135573,16.25372102869765],[121.02126403670346,16.254840711675474],[121.02161025999995,16.25570085837986],[121.02191856746488,16.255917966123363],[121.0220511894603,16.255962050315283]]},"properties":{"ID":0,"RIVER_NAME":null}},{"type":"Feature","geometry":{"type":"LineString","coordinates":[[121.0203548335569,16.248191145427786],[121.02122851245291,16.249527521188735],[121.0221499803654,16.250521575256307],[121.02289534562169,16.251385445753638],[121.02342154003938,16.251990195307958],[121.02359336951989,16.252548792350556],[121.02358865782767,16.2530200509122],[121.02326835658522,16.254002512790027],[121.02254675795353,16.25519545597617],[121.02191813867903,16.255960807754633],[121.02170998567831,16.25681577624039],[121.0219244480065,16.257546155102727],[121.02245151080957,16.258065224951256],[121.02342079959024,16.25871695872062],[121.02381438792372,16.259277625621724],[121.02406721293436,16.260608200573138],[121.02347007230483,16.262659218678003],[121.02340943102287,16.264286786943806],[121.02371303801417,16.264975151664437],[121.02400893185494,16.266434665747795],[121.02424515703055,16.267208092390415],[121.02520763942108,16.26854528969079],[121.02550911588708,16.269447861335042],[121.02553333429711,16.2714618334498],[121.02545941481085,16.274417493807455],[121.02571440104609,16.27553386011342],[121.02596639004366,16.27695011788373],[121.02586439541221,16.27827738115753],[121.02596757015196,16.279049565548014],[121.02662176455968,16.28016965646005],[121.0274137453823,16.280819728729266],[121.02794430462858,16.280996058776463],[121.02958291208115,16.281268404405072],[121.03042225788954,16.28161898790644],[121.03095196768959,16.281880994442094],[121.03121254816276,16.28244041492786],[121.03147099262418,16.283214044072267],[121.03198361258733,16.285189719668963],[121.03258880174815,16.286780644252204],[121.03346399102459,16.287988467409523],[121.03381330081729,16.288548711203962],[121.03384911643573,16.28940595985],[121.03417069829264,16.29052294062796],[121.03513761760398,16.291431691550883],[121.03579702169266,16.2920376609365],[121.03723953604448,16.29419335178333],[121.03820606084727,16.29514493377172],[121.0389119772354,16.295537097840064],[121.04054902496624,16.29598074074708],[121.04285403210221,16.296173482895405],[121.04481224066997,16.295548918327402],[121.04753006926752,16.294374354278478],[121.0488646729531,16.294001063897568]]},"properties":{"ID":0,"RIVER_NAME":null}},{"type":"Feature","geometry":{"type":"LineString","coordinates":[[121.03509069752717,16.291688330210945],[121.03380045278165,16.292061945109715],[121.03220439605026,16.29196140191664],[121.03029826047141,16.291815112045178],[121.02905579372751,16.291846376822182],[121.02709930521105,16.29229942760458],[121.02625520624318,16.292420084463092],[121.0241247086902,16.292528717094832],[121.02275303179323,16.292173126648372],[121.02089986959176,16.2911703381392],[121.01847351931109,16.289819399896967],[121.01697526403998,16.288819907181615],[121.01418832761756,16.28583741931688],[121.01282319504183,16.28483915211725],[121.01154247100996,16.284270124165662],[121.00973337090613,16.283310509775802],[121.00814477120838,16.282481494088444],[121.00744243308533,16.281746509465275],[121.00687489756129,16.280841412454677],[121.00626863867386,16.279378961699212],[121.00570154736512,16.278431021584616],[121.00416472467148,16.27687410155241],[121.00269489072821,16.27527495985341],[121.00129204455824,16.273633597793378]]},"properties":{"ID":0,"RIVER_NAME":null}},{"type":"Feature","geometry":{"type":"LineString","coordinates":[[121.03025390193591,16.291814698710137],[121.03049608783866,16.294216314012452],[121.03056554610599,16.29614501706033],[121.03019911074693,16.297298435110342],[121.02911219978286,16.299516274380657],[121.02843136665761,16.301052365162494],[121.0280430394169,16.304390698186435],[121.02761848097269,16.306914623922957],[121.02708600592915,16.309137620127082],[121.02622337117867,16.311100454362087],[121.02510356135274,16.31216112214584]]},"properties":{"ID":0,"RIVER_NAME":null}},{"type":"Feature","geometry":{"type":"LineString","coordinates":[[121.03879766842557,16.295878804031567],[121.03799109253572,16.296685388674828],[121.03634038986856,16.29761266480857],[121.03584517212941,16.298336440960895],[121.03529534004946,16.300088006287698],[121.03509910225083,16.301971395055876],[121.03414957045928,16.303762082834073],[121.03249322792816,16.305246262083962]]},"properties":{"ID":0,"RIVER_NAME":null}},{"type":"Feature","geometry":{"type":"LineString","coordinates":[[121.04884164519551,16.29408654349559],[121.04900381995235,16.29563049963121],[121.04921290010488,16.29691781218975],[121.0498647391463,16.29829490333637],[121.05039678396265,16.300570655991777]]},"properties":{"ID":0,"RIVER_NAME":null}},{"type":"Feature","geometry":{"type":"LineString","coordinates":[[121.04970947735158,16.29829347043491],[121.0508197615635,16.29817517632959],[121.05228408255854,16.298145831989963]]},"properties":{"ID":0,"RIVER_NAME":null}},{"type":"Feature","geometry":{"type":"LineString","coordinates":[[121.03601668171706,16.29225393098208],[121.0374724202507,16.29308152241829],[121.03892817178155,16.29390910509651],[121.04064753830386,16.294996198315527],[121.04157653503486,16.295261884138686],[121.0422389510744,16.295567942807317],[121.04294190112851,16.296259988506996]]},"properties":{"ID":0,"RIVER_NAME":null}},{"type":"Feature","geometry":{"type":"LineString","coordinates":[[121.04162174584629,16.29517661121951],[121.0414937744979,16.29466127430905],[121.04074817885105,16.293797445821347],[121.03947155914034,16.292800153004567],[121.03885607286313,16.292237447089406],[121.03806145015925,16.291844460635158],[121.03726299286237,16.291837048481213],[121.03597274967369,16.292210676987356]]},"properties":{"ID":0,"RIVER_NAME":null}},{"type":"Feature","geometry":{"type":"LineString","coordinates":[[121.03689679909097,16.319683408444448],[121.03797821388314,16.318022479004217],[121.03861169811505,16.316785838551258],[121.03901951255352,16.315932711383404],[121.04036408469888,16.314574130191527],[121.04197439412604,16.313260848762454],[121.04358127736143,16.312290288262236],[121.04478334605199,16.311872963144037],[121.04554347742514,16.31128015687497],[121.0460421007344,16.310213622195008],[121.04618581518996,16.309143802575836],[121.04645794130158,16.308546476224844],[121.04703932953312,16.308080547236493],[121.04819190961159,16.30817689390758],[121.0497390901178,16.308748185160965],[121.05185833883108,16.309796050890714],[121.05340131067807,16.31079573993162],[121.05520413441667,16.312440504934077],[121.05678559002794,16.314040373793084],[121.0578820185556,16.315335848336627],[121.05889226600345,16.316373448711204],[121.05933253563259,16.316720266324744],[121.05950788377874,16.316936109390245],[121.05941619753452,16.317235190187528],[121.05861128939985,16.317870482463857],[121.05749285974444,16.31880280943771],[121.05676905650724,16.32021007070439],[121.0561749545159,16.32196129209145],[121.05578827942189,16.325171189995473],[121.0543541400603,16.32661473805611],[121.05216658405224,16.32796562736006],[121.05118583599389,16.32842787640626],[121.05069906897833,16.32829484134384],[121.0493748477644,16.327597066159658],[121.04906640242828,16.327379984306116],[121.04844568893414,16.327331397704704],[121.04781987427334,16.327796913431346],[121.04674102590123,16.329200843238407],[121.04571419140586,16.329834021716017],[121.04415877336577,16.330076681531025],[121.04313959938436,16.32993869216608],[121.04158844518345,16.32975291414431],[121.03999207412424,16.329652396408058],[121.03901385790469,16.32985753408347]]},"properties":{"ID":0,"RIVER_NAME":null}},{"type":"Feature","geometry":{"type":"LineString","coordinates":[[121.07507498959377,16.322134525723435],[121.0738972192632,16.320067146697163],[121.07319826699798,16.318946757745756],[121.07231934292062,16.318081802761096],[121.07045893009109,16.317764879896657],[121.06921711843471,16.31771067874149],[121.06890782153148,16.31757931020534],[121.06859810473979,16.31749078383916],[121.06798750181761,16.316414035911993],[121.06735608973615,16.31293769721304],[121.06705983810488,16.311478207376705],[121.06622828194052,16.31031374112955],[121.06547914988283,16.309792723308682],[121.06375150085766,16.30951981225066],[121.06170825563821,16.30975814689945],[121.06042213924312,16.309703492455],[121.05918672032422,16.309006602344507],[121.05781484221401,16.30865122081245],[121.05726537484661,16.308132012542373],[121.0560899836996,16.305850349110553],[121.05584072061832,16.30413420711872],[121.05555217174918,16.301903549025493]]},"properties":{"ID":0,"RIVER_NAME":null}},{"type":"Feature","geometry":{"type":"LineString","coordinates":[[121.09375743953024,16.36078059480003],[121.09304950853148,16.360559951883477],[121.09221261604367,16.35990967082509],[121.09120280982626,16.35878650559488],[121.08984218334268,16.357231688069827],[121.08870386735954,16.355636034028226],[121.0868589229438,16.353691186316123],[121.08545190314823,16.352350158520114],[121.08434883041613,16.35169743275671],[121.08288827034521,16.35129852933603],[121.0819807090488,16.35107603709461],[121.08171656150624,16.350859399577978],[121.08167971932868,16.3500878256173],[121.08200413412978,16.348676840974097],[121.08277268534795,16.347227049337313],[121.08376433825532,16.345650742115136],[121.08412934001841,16.344625740403394],[121.08418039472039,16.34394065785438],[121.08418833018432,16.343126643348],[121.08401418553882,16.342782287315764],[121.08295595771911,16.342087120332554],[121.08194127260866,16.341478038120105],[121.0817893187502,16.341133882611462],[121.08174787457234,16.340833579169892],[121.081932465437,16.340106865937695],[121.08327653947337,16.338790842752044],[121.0839479433843,16.338197091495],[121.08408564739692,16.33772702924107],[121.08409065755707,16.337212914550072],[121.08405046246806,16.336784082492464],[121.08338867011803,16.3363924485593],[121.08290394232598,16.336045269176903],[121.08242130543381,16.335483874568222],[121.08140456389144,16.33508900739358],[121.08030076091659,16.33452195678172],[121.07955317459889,16.333829605052678],[121.07902660221545,16.333224957377425],[121.07886084424412,16.33202374308245],[121.07862769752718,16.330907608120143],[121.07805802248319,16.33017402657557],[121.07629795075844,16.32865835430155],[121.07555417209437,16.327580407462598],[121.0750339155949,16.32633311196514],[121.07495566029873,16.32526123469639],[121.07500589569538,16.324661841484986],[121.07531814182919,16.324493303571863]]},"properties":{"ID":0,"RIVER_NAME":null}},{"type":"Feature","geometry":{"type":"LineString","coordinates":[[121.07487405187112,16.324532099081047],[121.07418845882717,16.324311610589415],[121.07339236966428,16.324047264710757],[121.07312826575102,16.32383062079131],[121.07299852155855,16.323486664059285],[121.0726109697605,16.322283422962435],[121.0723037614885,16.321937845163117],[121.07177346327273,16.32171876832862],[121.07061993815529,16.321708226036534],[121.07013400916304,16.321489550926334],[121.06881479249303,16.32027778399242],[121.06819661263599,16.319972202020956],[121.0675323865099,16.319837582424924],[121.06632987953085,16.320297879339112],[121.06436808986102,16.32126536261062],[121.06352471320183,16.32130047232505],[121.06308442585137,16.32095366170317],[121.06291413032055,16.32022371179093],[121.06319255092605,16.318983724082766],[121.06320224649598,16.31799834797664],[121.06271760129853,16.317651130284492],[121.06196676716357,16.317301467987487],[121.0595296439597,16.316979155647875]]},"properties":{"ID":0,"RIVER_NAME":null}},{"type":"Feature","geometry":{"type":"LineString","coordinates":[[121.24079873325972,16.543685151704725],[121.23792807621903,16.541977678210518],[121.23579925299877,16.53988800569098],[121.23414085346755,16.537737557770402],[121.23281510245465,16.535913616454167],[121.23122387908089,16.533763719401882],[121.2300265005406,16.532588250222755],[121.22842824650905,16.53121515340723],[121.22703075343223,16.52990849146846],[121.22582869296964,16.5292508796199],[121.22448946359911,16.528915792791654],[121.22133355108981,16.52908314014123],[121.21864502719355,16.529513386760534],[121.21616317473325,16.529362709907407],[121.21495521060567,16.52935238178338],[121.2138078066565,16.530054697259903],[121.21225237387534,16.53133616384951],[121.21015944368014,16.532677746384213],[121.20908389158498,16.532862735551024],[121.20599503574252,16.53303041916488],[121.20478645697528,16.533084763832136],[121.2028384701698,16.533262212299192],[121.20021878185501,16.53349858844969],[121.19773571430026,16.53347715600381],[121.19505192290798,16.533389219082192],[121.19236813760759,16.533301247860447],[121.1912614322578,16.533226918880356],[121.19059455988274,16.532767967052386],[121.19027409712977,16.53114672343397],[121.19016039269677,16.528944625325423],[121.19017848995759,16.527002624227418],[121.19093294997887,16.525261221385854],[121.19174968089109,16.52403826307059],[121.1927036240249,16.522492794797543],[121.19399307818753,16.52095022286557],[121.19420221542484,16.52011042777353],[121.19435567395372,16.518040114007153],[121.19436349276826,16.51719857741188],[121.1949057371027,16.51662061571718],[121.19571699424561,16.515980237632238]]},"properties":{"ID":0,"RIVER_NAME":null}},{"type":"Feature","geometry":{"type":"LineString","coordinates":[[121.25013976513736,16.46409617035345],[121.25058842075734,16.45957160751631],[121.25073325828347,16.458588401267725],[121.25088397712607,16.456948966529403],[121.2510423384206,16.454456434318654],[121.25180448783874,16.45288772741425],[121.25303794317168,16.45184796804693],[121.25433645338173,16.451136881334442],[121.25576802733877,16.45075503262334],[121.25617956028945,16.45036468947416],[121.2581058812407,16.447886843888174],[121.25914521592085,16.445729752731932],[121.26024317095434,16.44462318966553],[121.26079126702982,16.444168340355098],[121.26161194591293,16.443650121403014],[121.26326146155826,16.441694945711586],[121.26525501841896,16.439283202178434],[121.2667702093339,16.437129995769663],[121.26848412371567,16.435569070833903],[121.26903450077799,16.434851700975358],[121.26965577663589,16.43380677202277],[121.27092069232484,16.433029660038986],[121.27236081156538,16.43166332577019],[121.27291986172898,16.429961586769547],[121.2732063397325,16.428323230968545],[121.27342597598971,16.426553067099608],[121.27336725490359,16.425502526946033]]},"properties":{"ID":0,"RIVER_NAME":null}},{"type":"Feature","geometry":{"type":"LineString","coordinates":[[121.25063125068294,16.458587549521766],[121.24962471679513,16.457069705663656],[121.24869857021461,16.45417434881632],[121.2484483488977,16.451744033321788],[121.24812247237274,16.450166245217474],[121.24699236797413,16.447269179374782],[121.24619698822026,16.444965558792887],[121.24579900968229,16.443846559229367],[121.24479493919222,16.442066210295426],[121.24379501624117,16.43982649931616],[121.24356941438145,16.438446430058377],[121.24331748723624,16.436212981129287],[121.24278708641472,16.434699103344446],[121.24211833945617,16.433446575969544],[121.2412450232382,16.43225795986993],[121.24057629341215,16.431005429067113],[121.24045389184548,16.429494968475158],[121.24060051373621,16.428314901422716],[121.24087957732172,16.42752970981819],[121.24211763074108,16.425965020893543],[121.24321672967625,16.424727298109485],[121.24397879822372,16.42315861029741],[121.24416645719445,16.421191348315563],[121.2443154019615,16.41974878373241],[121.24515249445048,16.417393182441874],[121.24598721065121,16.41530006698396],[121.24627446470492,16.41359614246491],[121.24629093389376,16.41175870035363],[121.24564105155291,16.408406253219358],[121.24572903677148,16.406175640817054],[121.24598559569328,16.4045631762044]]},"properties":{"ID":0,"RIVER_NAME":null}},{"type":"Feature","geometry":{"type":"LineString","coordinates":[[121.24087957732172,16.42752970981819],[121.24035511929794,16.425359602370758],[121.23962196689754,16.423712764780113],[121.23801025263732,16.42146790493308],[121.2358528715284,16.419415333617142],[121.23450727093196,16.41782896334188],[121.23302986165382,16.415782085028084],[121.23201950815879,16.41472354231588],[121.23012175055533,16.41405128295616],[121.22869576839547,16.413842378347788]]},"properties":{"ID":0,"RIVER_NAME":null}},{"type":"Feature","geometry":{"type":"LineString","coordinates":[[121.25412102251474,16.50704869936602],[121.25512489168096,16.507386409772927],[121.25567260146296,16.506997217184992],[121.25595410570743,16.505949525338362],[121.25603507237602,16.504506393697106],[121.25617817470695,16.503720056398357],[121.25672822394583,16.503068368793592],[121.25713693681321,16.503006149764865],[121.25808864071985,16.50307971143366],[121.25924675751934,16.502892477252615],[121.26006594255735,16.50257115972532],[121.26088629846397,16.502118592945898],[121.26198811266961,16.500618318236942],[121.26316320076474,16.498527994154067],[121.26365280479563,16.497022620139262],[121.26387325336468,16.495186869946767],[121.2640151432211,16.494531769023833],[121.26463725252127,16.4934212582546],[121.26579998545853,16.492708996610336],[121.2679870573556,16.491545817602642],[121.26969273748294,16.49096928404289],[121.27112401006423,16.49065298002028],[121.27262154911192,16.49053409762495],[121.27442225576452,16.49074584700035],[121.2756436585502,16.491084062180278],[121.27727607470248,16.491097515095905],[121.279317757072,16.490983066148733],[121.28102224906942,16.490537683775678],[121.28177159798697,16.49041258447055],[121.28346798089149,16.490885913487826],[121.28455221372325,16.491354209147843],[121.28691608794891,16.49327681436273],[121.28941374104339,16.495463005532272],[121.29164858756141,16.496596964843736],[121.29327933709743,16.496807169323745],[121.29515161106433,16.496625558195795],[121.29638114062594,16.496044920800575],[121.29955667724269,16.494626934405453],[121.30109513356268,16.493720633980953],[121.30334434261337,16.49321386295046],[121.30579245854102,16.49329934030267],[121.30892476318051,16.492930918673622],[121.31008393748023,16.49261214299424],[121.31070692930093,16.491370220319045],[121.31106865567858,16.488879228847882],[121.311019330577,16.48752084357426]]},"properties":{"ID":0,"RIVER_NAME":null}},{"type":"Feature","geometry":{"type":"LineString","coordinates":[[121.29638114062594,16.496044920800575],[121.29756101178182,16.49336374712607],[121.29824923273863,16.49245054422316],[121.29901062586629,16.49094727314943],[121.29963883669839,16.48911477060904],[121.29992179335393,16.487870120073925],[121.29974238007762,16.48504661545941],[121.30004250969314,16.48183323287689],[121.30067525238397,16.479475726845845],[121.30143942727435,16.47764431647602],[121.30233247350037,16.472729377998423],[121.30241991725373,16.470498696097227],[121.30169923578323,16.467342652834045],[121.30110144088103,16.465697075418994],[121.29976242414517,16.463257931747638],[121.29956469259508,16.46253440631606]]},"properties":{"ID":0,"RIVER_NAME":null}},{"type":"Feature","geometry":{"type":"LineString","coordinates":[[121.28455221372325,16.491354209147843],[121.28571256046152,16.490904323801544],[121.28809606354419,16.490595704088786],[121.29062020628601,16.48976317639749],[121.29171712142445,16.488787707289774],[121.29295120982766,16.487682093317645],[121.29330107137451,16.486569258610082],[121.29297997168904,16.4844008883803],[121.29197930407688,16.48216134288729],[121.29103861187004,16.480841086702082],[121.28996420838571,16.47925721968004],[121.2890402534045,16.47603386009466],[121.28804427776467,16.47326931027181],[121.28765408071222,16.47123162868295],[121.28752094168962,16.47090239611771],[121.28705582321426,16.46965164573129],[121.28699934534552,16.468338609329678]]},"properties":{"ID":0,"RIVER_NAME":null}},{"type":"Feature","geometry":{"type":"LineString","coordinates":[[121.34763077331736,16.496057371180836],[121.34537274000844,16.494869054050053],[121.34163879774955,16.493567236352117],[121.33911234588741,16.49293651204967],[121.33727460850993,16.491955009456042],[121.33617006193464,16.49158999904156],[121.33380057902316,16.491113130722077],[121.3299547733618,16.49057356402121],[121.32647687503733,16.49018953992908],[121.32431972318938,16.48956159876978],[121.3220026094705,16.489135909664814],[121.32073813611235,16.488973094553103],[121.31892164137425,16.488602279981922],[121.31665641763932,16.488278728480594],[121.3151317758287,16.487706674777073],[121.31339265603695,16.48753999284849],[121.311019330577,16.48752084357426],[121.3095971037423,16.487305800047018],[121.30917694766795,16.48709884907951],[121.30896952127279,16.486690061814034],[121.30897438181385,16.486130324049547],[121.30918843480825,16.485775832404226],[121.31014393668914,16.485071108843776],[121.31262976488168,16.48427695036208],[121.31453147741624,16.48393605653557],[121.31527159335066,16.48373846160274],[121.31696805587994,16.482734334765738],[121.3187726151355,16.48142572677115],[121.32015567932865,16.48006282885408],[121.32233900178538,16.47763766436158],[121.32340690028772,16.47611954619456],[121.32400058258342,16.47454673546391],[121.32468079503431,16.47210949758417],[121.32505694825483,16.471298279424897],[121.3253803617637,16.47048663845282],[121.32538517014879,16.469926895086594],[121.32538822993313,16.469570694746373],[121.32507531104076,16.469161077833117],[121.32402365457888,16.468796438284386],[121.323604830906,16.468436861050247],[121.3235542829481,16.46818201024265],[121.32361139383531,16.46767357518077],[121.32466960208862,16.467274929896224],[121.3256728863166,16.467130286142616],[121.3271503516053,16.46704031516207],[121.32789126601311,16.46674089650263],[121.3284765897031,16.466134897154365],[121.32874724379111,16.46532282760647],[121.32907324611655,16.464205862854666],[121.32914080330185,16.462476163240122],[121.32915082925997,16.461305787562235],[121.32966705243932,16.459528775649666],[121.32989149085412,16.457952993379234],[121.33000958809578,16.456478141672548],[121.32991326926309,16.455408696179347],[121.32960253796965,16.45474465699122],[121.32860934376394,16.453718949667998],[121.32829731156357,16.453207566856655],[121.32798571686851,16.4526452977936],[121.32783319001592,16.451982518800342],[121.32709800403599,16.451620426186935],[121.32583376372095,16.451457663325705],[121.32498831820507,16.45165446566515],[121.32414374516686,16.451749492796925],[121.32340725680635,16.451540045338614],[121.3225117023939,16.451431100925777],[121.32193297305706,16.45127380036735],[121.32167194329811,16.450966374742986],[121.32146670834838,16.45030317087831],[121.32152687764527,16.44943853525944],[121.32190867678077,16.447965803180807],[121.32199476997238,16.44715226382141],[121.32205143596093,16.446694713804586],[121.32179391051368,16.445980202482936],[121.3200730980395,16.443727293628577],[121.31850919462927,16.44162829947596],[121.31814842209903,16.4406585109901],[121.31821298012466,16.439285019434095],[121.31864925537248,16.43760917222053],[121.31971824358715,16.435938392410765],[121.32120596343825,16.43462718194197],[121.32229778014275,16.43336368280506],[121.32294315922553,16.43189305112947],[121.32312098418245,16.42960445025772],[121.32307655390144,16.428637196819793],[121.32309750702807,16.426194673243106],[121.32300122490409,16.425125226488678],[121.32256049291759,16.424256584838623],[121.32246945234974,16.422576507046337],[121.32264158968682,16.420949421443687],[121.32270042261692,16.420237439658887],[121.32259934169694,16.419727737885413],[121.32181374345242,16.419110786971277],[121.32060855762711,16.41823603092424],[121.31925090146262,16.416698486753628],[121.31899472704038,16.415831317079796],[121.31902633468903,16.41522089778991],[121.31929387526874,16.41476503488609],[121.32024591373892,16.414416426345625],[121.32056486085492,16.414113640812587],[121.3206724866603,16.413860054442168],[121.32067554401777,16.413503853064277],[121.320467718482,16.413145965370674],[121.31968040416164,16.412732552740948],[121.31895149697563,16.411658043058118],[121.31869532829552,16.410790873356845],[121.31870057456587,16.410180242859226],[121.31891363960271,16.40992750122749],[121.31933976799161,16.409422017144713],[121.31986958585087,16.40912091893924],[121.32029003249096,16.409276949499727],[121.32049567077082,16.409889266711215],[121.32081067987212,16.41004445335521],[121.32144331848593,16.410049509669275],[121.32186900480632,16.40959490583886],[121.32192696039264,16.408984695413245],[121.32178014608435,16.40766039684483],[121.32178712682449,16.406846221304825],[121.32194921007594,16.406389510780283],[121.3223212954611,16.406036255958902],[121.3231656688517,16.40594121759939],[121.32422570885666,16.40528811131347],[121.32496986628207,16.404581591589547],[121.32545347332866,16.403516765655297],[121.32572620278064,16.402450258056927],[121.32610175400853,16.401689906213885],[121.32687224914758,16.400983587568895],[121.32740811814165,16.39997006081999],[121.32758582514428,16.397681442012086],[121.32791168282422,16.3965644624022],[121.32855079363088,16.395806200299585],[121.3287128499172,16.39534948179308],[121.32871502070981,16.395095050741247],[121.32819567713332,16.394174907642967],[121.32809849678422,16.39320723140216],[121.3283764020582,16.391530082097866],[121.32859941632546,16.390106943918234],[121.32834712917679,16.38878180686209],[121.3275646650124,16.38780868201551],[121.32709241025043,16.387550477731246],[121.32656527040731,16.38754628403293],[121.32574733452437,16.387641553531914],[121.3252210645035,16.387535584128333],[121.32496010431937,16.387228168199915],[121.3245989372642,16.386309278478826],[121.32460415688095,16.38569864470797],[121.325032821739,16.384887824741],[121.32525236972846,16.383871780204277],[121.32484979800654,16.38162943093597],[121.32386479426638,16.37968778005461],[121.32245507161275,16.37809896759656],[121.32125055239112,16.377173349005314],[121.3203596946106,16.37655556547975],[121.31952373329071,16.37568376926638],[121.31880192294166,16.373795091467258],[121.31812541799694,16.37277189607556],[121.31612142465588,16.369804283034824]]},"properties":{"ID":0,"RIVER_NAME":null}},{"type":"Feature","geometry":{"type":"LineString","coordinates":[[121.32865213104644,16.39010736290132],[121.32970685954545,16.39006485352984],[121.33203453920166,16.38911642388665],[121.33468626774847,16.38725451581998],[121.33602053771055,16.385331261694297],[121.3366163646538,16.38345304871361],[121.33762783925432,16.3822905763034],[121.34009320613691,16.380630673992652],[121.34126708668518,16.378960561914],[121.34159110542264,16.378047095663938],[121.34191641144791,16.37698096863955],[121.34171460076972,16.375910687811505],[121.34067544318923,16.37412134646705],[121.3395934989228,16.371161193706072],[121.33923874374581,16.369479025086658],[121.33830419436697,16.367792280894072],[121.33814994587344,16.367333053512972]]},"properties":{"ID":0,"RIVER_NAME":null}},{"type":"Feature","geometry":{"type":"LineString","coordinates":[[121.32863638078835,16.39504353589053],[121.33100817099347,16.395113268424417],[121.33256199807504,16.395278267658835],[121.33403502330137,16.39564617440698],[121.33603694915071,16.39581469911873],[121.33745856639099,16.39602950624588],[121.33992934555162,16.396863270630966],[121.34160939144199,16.397690770572233],[121.34370947015249,16.39872512834779],[121.34475908829882,16.399293186695076],[121.34639118701014,16.39956048372584],[121.34788634497502,16.4004373727373],[121.34914042344062,16.401770369253434],[121.35080598159453,16.40432795181609],[121.3528286298825,16.408313247827326],[121.35402621758699,16.41010378959515],[121.35481360714459,16.410517079199895],[121.35576001851379,16.41082983060465],[121.35665542149182,16.41093861811905]]},"properties":{"ID":0,"RIVER_NAME":null}},{"type":"Feature","geometry":{"type":"LineString","coordinates":[[121.32302382895494,16.428636775479923],[121.321870870338,16.4278133287019],[121.32092488577199,16.427449536526414],[121.3193448993881,16.42723333200767],[121.3168681655267,16.42706081508339],[121.31502456853107,16.42684246431838],[121.31344810997878,16.426219131126214],[121.31171964290154,16.42488211603142],[121.31043538998595,16.424006666781004],[121.31011992948443,16.423902349020526],[121.3093822431711,16.423845519593975],[121.30779173707411,16.42485048447989],[121.30636511721785,16.425195200928673],[121.30510063440622,16.425083215562925],[121.30373600471934,16.42435974558961],[121.30300450392686,16.423590498181884],[121.30232838240484,16.422516362806448],[121.30086408456222,16.421130514241636],[121.2997187932711,16.419441907343803],[121.2989997168373,16.417247859858456],[121.29875027222378,16.415617393993845],[121.29821750769405,16.413221298741856],[121.29744707314767,16.410874165346076],[121.29635901289559,16.408677121270227],[121.29473758669114,16.407188188826883],[121.29305991756087,16.40610589945849],[121.29190855700296,16.405129655006174],[121.29066909960733,16.40216802596128],[121.28934260061412,16.40012168149165],[121.28714943350816,16.39771204889625],[121.28621123840541,16.39648307257501],[121.28554152834636,16.394696506981077],[121.28387783538592,16.39203672169561],[121.28299596673054,16.390401084901683],[121.28182508213457,16.388661307029647],[121.27942753384676,16.385537500325725],[121.27853723733995,16.384868663982186],[121.27591014595973,16.383880264968816],[121.27323395831229,16.38248432448489],[121.2708186720604,16.381395828213577],[121.26962735448383,16.38123453027192]]},"properties":{"ID":0,"RIVER_NAME":null}},{"type":"Feature","geometry":{"type":"LineString","coordinates":[[121.29969243235571,16.419441693858072],[121.29816615659665,16.419123994284927],[121.2937526315781,16.41735795417496],[121.29054554087017,16.41631409437853],[121.28843982921917,16.415940720806045],[121.28664777619197,16.415875218000913],[121.2854338669089,16.416017975754773],[121.28316018730507,16.416762727018458],[121.2814592680569,16.41832635689923],[121.28066487438576,16.418726961178194],[121.28029627404796,16.418673053904744],[121.27925438708024,16.417239640588097],[121.27862845597471,16.416471183331094],[121.27778627299817,16.41631161236841],[121.2766268732862,16.416251211768873],[121.27488530818005,16.416440464744422],[121.27282427408676,16.416983293677124],[121.27110951189707,16.417121846583385],[121.26926609931344,16.416903107196966],[121.26768854659967,16.416432104427805],[121.2655328877765,16.41575276350458],[121.26374944473287,16.414720262633892],[121.26244410987911,16.413284599569426],[121.26108788403839,16.411644956244277],[121.25991121694705,16.4105665620677],[121.25875639441443,16.40999722372364],[121.25744659674191,16.409070378018335],[121.25577050973521,16.40783515638173]]},"properties":{"ID":0,"RIVER_NAME":null}},{"type":"Feature","geometry":{"type":"LineString","coordinates":[[121.32304434623867,16.426245137881843],[121.32462476769562,16.426410428241272],[121.3252552807994,16.426669907800168],[121.32645574610257,16.428104389144657],[121.32744402107384,16.429689842162613],[121.32843971013926,16.430410229247464],[121.33027901961674,16.431137327305883],[121.33243860838613,16.4314089498767],[121.335443123055,16.43153458666195],[121.33765761903,16.4315521435284],[121.33949741350624,16.432228278487266],[121.34075852589986,16.43274715323637],[121.34172921690767,16.433314615363525],[121.34436081164122,16.43389518771235],[121.34567683144057,16.434160018794312],[121.34841175775671,16.434995806571045],[121.35246447303052,16.43589280469512],[121.35530791529379,16.43637312865506],[121.35854683600265,16.436856510349383],[121.36013038870148,16.43666533582771],[121.36208730231,16.435968162737304],[121.36330132487674,16.435824967907948],[121.36614608375393,16.43615248628912],[121.3696712278781,16.43709594043898]]},"properties":{"ID":0,"RIVER_NAME":null}},{"type":"Feature","geometry":{"type":"LineString","coordinates":[[121.3457031949633,16.4341602266887],[121.34913948441523,16.433118607153418],[121.35236311937005,16.432278818313986],[121.35505518219375,16.43194371147418],[121.35732328704724,16.431859701095103],[121.36164645776383,16.431944393861276],[121.36259767351935,16.43169736823853],[121.36376831510916,16.430434244083816],[121.36616483023656,16.42760306003338],[121.36791455465027,16.426446196311968],[121.36871265655783,16.425587264532428],[121.37030841497267,16.423920276912913]]},"properties":{"ID":0,"RIVER_NAME":null}},{"type":"Feature","geometry":{"type":"LineString","coordinates":[[121.34070579936832,16.432746736236677],[121.34197900793014,16.43184078581972],[121.34341599055368,16.43027455195628],[121.34456511418489,16.428451586161042],[121.3454164751238,16.427542282635986],[121.34684780349346,16.42663754410327],[121.34802151466639,16.42501830779138],[121.34973447303723,16.421978383272727],[121.35204619290279,16.416703976936684],[121.35277337216458,16.414877639154774]]},"properties":{"ID":0,"RIVER_NAME":null}},{"type":"Feature","geometry":{"type":"LineString","coordinates":[[121.32530800527594,16.426670328530626],[121.3265781846332,16.4261206760494],[121.32917255248336,16.42486910743827],[121.33219258653662,16.42316287984272],[121.33431324005473,16.42180569752495],[121.33537637166114,16.420796336566283],[121.33649654337567,16.419278523920482],[121.33814305659968,16.41786664964646],[121.33920614691674,16.41685726514532]]},"properties":{"ID":0,"RIVER_NAME":null}},{"type":"Feature","geometry":{"type":"LineString","coordinates":[[121.32995641989768,16.456528607330092],[121.33106467665812,16.456435658687823],[121.33190752944321,16.456544149234563],[121.33269634620157,16.45680487492011],[121.3330136126108,16.45670562031757],[121.3345005559064,16.45549609642509],[121.33603457243434,16.454948498345743],[121.3378313759034,16.454504752016337],[121.33889338634745,16.453648049443984],[121.34006820904132,16.451927110029764],[121.34129660625506,16.450104806616128],[121.34279424899105,16.44762305592679],[121.34433552008873,16.44621032070622],[121.34571685474964,16.44499986950913],[121.34672260216684,16.444549794097966],[121.34889485477785,16.443345554186205],[121.35079655969521,16.442953400713066],[121.35311580329207,16.443073408834625],[121.35516968909097,16.44339487022711],[121.35785206353968,16.444230135900575],[121.36000673277118,16.445112132124354],[121.36155288541929,16.446243803778465],[121.36264785492688,16.447728173121824],[121.36399157108904,16.45099563588571],[121.36487437453137,16.452631010962364],[121.36612802711167,16.454065714163885],[121.36681142636436,16.45432549234759],[121.36728687538933,16.454227416709234],[121.36829603651238,16.453370142353602],[121.36915251875585,16.45185010062847],[121.36973767623286,16.451243969438984],[121.37111381242151,16.450643984734235],[121.37216930487261,16.450550403946934],[121.37374957481543,16.450766232327172]]},"properties":{"ID":0,"RIVER_NAME":null}},{"type":"Feature","geometry":{"type":"LineString","coordinates":[[121.40968664306898,16.448592813506377],[121.40891781586767,16.448506697271696],[121.4058140762666,16.44756707750605],[121.40313555537222,16.446223525068067],[121.40045832427738,16.44472727806948],[121.39704582830105,16.442869144099316],[121.39444486191113,16.44172964626168],[121.39144887246854,16.440536198158004],[121.38955730751853,16.439707428820665],[121.38724350441676,16.438926288014652],[121.38451167615858,16.437683887734945],[121.38283530034542,16.43634781286971],[121.38115515327073,16.435469712740744]]},"properties":{"ID":0,"RIVER_NAME":null}},{"type":"Feature","geometry":{"type":"LineString","coordinates":[[121.40889144958003,16.44850649714989],[121.40864064555517,16.446926968074486],[121.40760882870424,16.44412012137743],[121.40698269452466,16.4433011073485],[121.40642092251385,16.441057629613876],[121.40543109102175,16.439574263650847],[121.40429015131777,16.43722459590243],[121.40366529875726,16.436252910844427],[121.40347059905181,16.434266676724846],[121.40275860268203,16.43105511890028]]},"properties":{"ID":0,"RIVER_NAME":null}},{"type":"Feature","geometry":{"type":"LineString","coordinates":[[121.25985591578103,16.641402249158748],[121.25878076985661,16.639417417330936],[121.2584279431852,16.638141155654413],[121.25839191810407,16.63708708728462],[121.25876614743433,16.635992554555173],[121.25899979065292,16.63533591075501],[121.25909720980619,16.634634216932994],[121.25878754806823,16.633621759601816],[121.25852144651954,16.632829202170253],[121.2580296346254,16.631815215776637],[121.25790609989517,16.630365250248055],[121.25787047118108,16.629267277830674],[121.25765150131944,16.628299487569496],[121.25675184689338,16.627062541512352],[121.25593931094177,16.626265393319215],[121.25526180589424,16.625645004735837],[121.25476288087599,16.62542127733835],[121.25417169147894,16.62532849376052],[121.25325856427821,16.625584255488867],[121.25230069288936,16.625751822684446],[121.25152775336286,16.625613594884463],[121.25061979556028,16.625298599563408],[121.2491150812264,16.625505450864548],[121.2476151480892,16.62518545029624],[121.24603013147374,16.62420611977231],[121.24476588279258,16.623009956379857]]},"properties":{"ID":0,"RIVER_NAME":null}},{"type":"Feature","geometry":{"type":"LineString","coordinates":[[121.25057465641358,16.6252543124526],[121.24917415847527,16.62401311832709],[121.24825101433231,16.622863756860923],[121.24694002629683,16.621798932169334],[121.24608201880224,16.62100136659286]]},"properties":{"ID":0,"RIVER_NAME":null}},{"type":"Feature","geometry":{"type":"LineString","coordinates":[[121.26852478326343,16.632078655963834],[121.26858135422873,16.63084972794015],[121.26918871805776,16.629142413858713],[121.2704324221802,16.627572120358643],[121.2719100837778,16.62530124910277],[121.27228381623527,16.62425058540266],[121.27229364013243,16.623152986092258],[121.27193681060743,16.622315779586557],[121.27180570226594,16.621699987260495],[121.27163495344669,16.62042525640801],[121.2718237797292,16.6196804044519],[121.27246678693591,16.619071051797842]]},"properties":{"ID":0,"RIVER_NAME":null}},{"type":"Feature","geometry":{"type":"LineString","coordinates":[[121.2915359059235,16.65128129890395],[121.29254565907317,16.650411465371544],[121.29323193030247,16.65006585456625],[121.29500931073937,16.64994875282722],[121.29674231065574,16.649699548299125],[121.29906699123185,16.64949909036394],[121.30207212145791,16.649611532208002],[121.30498462654464,16.64989880476663],[121.3077149670085,16.650184550592158],[121.30958190023134,16.65024368535195],[121.3122257835926,16.650001772992063],[121.31437136347073,16.649448420903166]]},"properties":{"ID":0,"RIVER_NAME":null}},{"type":"Feature","geometry":{"type":"LineString","coordinates":[[121.29669637865715,16.649743078652175],[121.29657449294936,16.648073588167694],[121.29681384974462,16.64675832524299],[121.29760049340322,16.645359738814548],[121.29847976019262,16.6437862773451],[121.29916832190911,16.643177216463183],[121.29980862680432,16.6428751113125],[121.3008086254327,16.643102843053935],[121.30189739175906,16.643594743228025],[121.30253228271842,16.64390729358942],[121.3032590343351,16.644132778044984],[121.30398965037874,16.643919213942613],[121.30458479517041,16.643572816612988],[121.30490822627911,16.64304856617197],[121.30495994475761,16.642346463986982],[121.3048318095983,16.641379445439576],[121.30429611428973,16.640145649537548],[121.30366586626269,16.639306249808328],[121.30360025728469,16.638998358914964],[121.3036504332076,16.63847187566431],[121.30429727850247,16.637423375406378],[121.30637053688423,16.634718020054255],[121.30789109367814,16.632710659931405],[121.308216805108,16.631922972728642],[121.30785518040393,16.63161266980335],[121.30712923801376,16.631299395555043],[121.3062709183263,16.630502052333185],[121.3052331472871,16.629395886208787],[121.30442076882862,16.628555003741383],[121.3031518501085,16.627842111349192],[121.3013781508419,16.62756416075084],[121.29996722100395,16.627464797131793],[121.2985987357474,16.627717033736467],[121.29681884838477,16.628141517271388],[121.29540675635936,16.628173835947035]]},"properties":{"ID":0,"RIVER_NAME":null}},{"type":"Feature","geometry":{"type":"LineString","coordinates":[[121.30821642011945,16.631966877492726],[121.30976901296717,16.63149653852375],[121.31018041078823,16.631324256202188],[121.31063504130867,16.631415772547328],[121.31189287346226,16.633401864126668],[121.31320164626756,16.6347736521445],[121.31446144330586,16.63654020754387],[121.31518051544111,16.637643747081007],[121.31612883794612,16.63857351310793],[121.31964761774948,16.639831464728342],[121.32141879454925,16.6404166067505],[121.32314253181517,16.64122089183146],[121.32445678090981,16.641977948781655]]},"properties":{"ID":0,"RIVER_NAME":null}},{"type":"Feature","geometry":{"type":"LineString","coordinates":[[121.3102938761183,16.63136908778514],[121.31045279331218,16.628823720124085],[121.31082364141372,16.628080302408552],[121.31123695191214,16.627688492935903],[121.3115117230541,16.6275150957859],[121.3123318103337,16.62747785551779],[121.31260427703577,16.627567886094294],[121.3131484437662,16.627835756029132],[121.31387285108455,16.62832462865207],[121.31441855591129,16.628416875920387],[121.31496656159408,16.6282456922059],[121.31547247629368,16.627678992953243],[121.31552874529369,16.6264500238114],[121.31567302498918,16.625573032925015],[121.3171451926426,16.6238725534595],[121.31856797192168,16.622610742630293],[121.31981545901256,16.620557155384418],[121.32169076057332,16.618525408270827]]},"properties":{"ID":0,"RIVER_NAME":null}},{"type":"Feature","geometry":{"type":"LineString","coordinates":[[121.2949095074667,16.673551130118778],[121.29695574603134,16.671343153020327],[121.29803441993064,16.670321007333055],[121.29944939572886,16.66946440728163],[121.3010895265863,16.668609642956874],[121.30323196339705,16.668247353847217],[121.30396423413438,16.668199085994925],[121.30694626698474,16.66838626896124],[121.31172965545014,16.668588096838054],[121.31398181527524,16.668552173716726],[121.31753201735336,16.668146922030047],[121.31939013194746,16.66810773911652],[121.32073877748822,16.668389996447114],[121.32158221565288,16.668505359943527],[121.32242801963261,16.668349417515397],[121.32351033328193,16.66689304051457]]},"properties":{"ID":0,"RIVER_NAME":null}},{"type":"Feature","geometry":{"type":"LineString","coordinates":[[121.32848895465568,16.651088022276532],[121.32713051938734,16.651945300386252],[121.3258813480734,16.653183302253588],[121.32519787399984,16.65410027876846],[121.32495762429413,16.655834800910895],[121.32477696129756,16.657189952535777],[121.32448796389563,16.658055847986972],[121.32306797482158,16.659509504257976],[121.32165458444538,16.6602035011549],[121.32018489449953,16.66089703121189],[121.31973173336567,16.661218943733],[121.31983531868386,16.662250805533176],[121.32038923075957,16.663286317704564],[121.3218409685624,16.664654687901407],[121.32323312719893,16.666402417944603],[121.32356709773241,16.66683923544022],[121.32440958742785,16.6670631081277],[121.32576201167281,16.666911247870974],[121.32785989807614,16.66519172616217],[121.32990098581084,16.66352598663043],[121.3317708163469,16.662130168314683],[121.3324154791562,16.66157223002409]]},"properties":{"ID":0,"RIVER_NAME":null}},{"type":"Feature","geometry":{"type":"LineString","coordinates":[[121.33495368305526,16.717125738701522],[121.3349649820962,16.715823483987787],[121.33458590344004,16.714083968412222],[121.33425654343193,16.713104554839212],[121.33393660511106,16.71103992874963],[121.33341594373717,16.706151934787478],[121.33327057891304,16.703437541860694]]},"properties":{"ID":0,"RIVER_NAME":null}},{"type":"Feature","geometry":{"type":"LineString","coordinates":[[121.33431284919789,16.713105008619223],[121.33279636451482,16.712658666605112],[121.33127564243965,16.712700658864023],[121.32986469908717,16.71306911278928],[121.32862361326036,16.713330401731458],[121.32699358727014,16.712991628327217],[121.32598529353483,16.712386557894717],[121.32570897302682,16.711787413425547],[121.32521169476838,16.71069810068446]]},"properties":{"ID":0,"RIVER_NAME":null}},{"type":"Feature","geometry":{"type":"LineString","coordinates":[[121.33484106912965,16.717124831263572],[121.33354742311658,16.716951609607648],[121.33236875143811,16.716507986183693],[121.33096674722495,16.715845495559098]]},"properties":{"ID":0,"RIVER_NAME":null}},{"type":"Feature","geometry":{"type":"LineString","coordinates":[[121.34851301414093,16.747894072986348],[121.35008426421716,16.748557820095268],[121.35143539669934,16.74862288621019],[121.35222149613288,16.748900489785495],[121.35255052786232,16.749934146045263],[121.35277066199583,16.750532815172225],[121.3533873526756,16.750863326807863]]},"properties":{"ID":0,"RIVER_NAME":null}},{"type":"Feature","geometry":{"type":"LineString","coordinates":[[121.36680292296892,16.76936579160045],[121.36613492418857,16.768437993701426],[121.36596873666775,16.76811108687795],[121.36597476252828,16.76740569134846],[121.36654447566913,16.766650499102436],[121.36722543924049,16.766058980918924],[121.36756846603022,16.765464783961825],[121.36780393878126,16.76427282039763],[121.36809202696472,16.763515392248202],[121.36827163448399,16.762268720301744],[121.3691229268007,16.761515747096414],[121.36969029722492,16.761031849760222],[121.3704270890461,16.760495024780685],[121.37116988045285,16.7592527988595],[121.37123220394108,16.758547845785973],[121.3716878432391,16.757954528998408],[121.37231105487463,16.75752532894],[121.37242969271584,16.756820819514402],[121.37210100372813,16.75573292372303]]},"properties":{"ID":0,"RIVER_NAME":null}},{"type":"Feature","geometry":{"type":"LineString","coordinates":[[121.39256258513764,16.787313124751094],[121.39087636516733,16.786865829908766],[121.38892040596552,16.785005513557678],[121.38836581711946,16.78397013297515],[121.38804478362667,16.78195980428851],[121.38840379580387,16.779466409719568],[121.38852697082308,16.778219271021417],[121.38853383212921,16.777405344765295],[121.38809374545835,16.77615379901721],[121.38741875113631,16.776039985673638],[121.38640671950233,16.775814999933896],[121.3840392082476,16.77601350320059]]},"properties":{"ID":0,"RIVER_NAME":null}},{"type":"Feature","geometry":{"type":"LineString","coordinates":[[121.40498122336294,16.7751649822139],[121.40332307581193,16.77372191418602],[121.40259719036672,16.772956568207015],[121.40187040373749,16.772299744385034],[121.4001865538391,16.771581224216945],[121.39951383511874,16.77119614084536],[121.39878888341642,16.770322259267854],[121.39694882547299,16.76808306526703],[121.39543536924428,16.76720303897562],[121.39493164589187,16.766819258026626],[121.39375888111282,16.765616280577607],[121.39235582555112,16.765008421787172],[121.3906720803035,16.76428983197415],[121.38999986452467,16.763850459273545],[121.38916508105497,16.76265009852074],[121.38777897850085,16.76003452415362],[121.3868334122577,16.75861622816893],[121.38560351263985,16.757521295105583],[121.38454029724392,16.756698988253596],[121.38174906916663,16.753746777661128],[121.38097870944672,16.752544344642715]]},"properties":{"ID":0,"RIVER_NAME":null}},{"type":"Feature","geometry":{"type":"LineString","coordinates":[[121.39487486732878,16.766873081371198],[121.39618167599961,16.76552661568298],[121.39776780688736,16.76445363939972],[121.39861582589283,16.76408036989402],[121.39918222952132,16.763704909865456],[121.39935664413068,16.763055076569046],[121.39913634882329,16.762456443921113],[121.39852089316065,16.761963273068705],[121.39728817369614,16.761193974890663],[121.39661731483027,16.76059183710486],[121.39628782232532,16.759994316984432]]},"properties":{"ID":0,"RIVER_NAME":null}},{"type":"Feature","geometry":{"type":"LineString","coordinates":[[121.40527953521062,16.775527835564237],[121.40528818196124,16.775495618336922]]},"properties":{"ID":0,"RIVER_NAME":null}},{"type":"Feature","geometry":{"type":"LineString","coordinates":[[121.45312555831848,16.830198977918783],[121.45311725386604,16.830207866721864]]},"properties":{"ID":0,"RIVER_NAME":null}},{"type":"Feature","geometry":{"type":"LineString","coordinates":[[121.09029338001571,16.804957581954266],[121.0907833859101,16.805018839334004],[121.0911352752623,16.80515442452876],[121.0915245206366,16.805479382867848],[121.09181451804638,16.805916835994644],[121.09204262328288,16.806656157957228],[121.09221337242835,16.80724372602064],[121.09232676468362,16.807679540256487],[121.09247978187956,16.808077916615673],[121.09282657635157,16.808723825484545],[121.09326413435048,16.80912484032535],[121.09388792798512,16.80954648361069],[121.09464890012963,16.809988299187992],[121.09519628190772,16.810201300863014],[121.09582272529369,16.81035832518812],[121.09633237166318,16.810419752639707],[121.0968431499885,16.81036777285694],[121.09747298915076,16.810184574215594],[121.09881341905394,16.80959208426902],[121.09945438425773,16.80927666259169],[121.10018647650806,16.808678538971694],[121.1013761091605,16.807460845088798],[121.10292383025701,16.805754973238848],[121.10384306900995,16.805082949014125],[121.10492947270912,16.80437465467679],[121.1056005964683,16.803983877634188],[121.1064283262874,16.803632345621484],[121.10717737408339,16.803298988786903],[121.10790642177606,16.803003250714898],[121.10843961308437,16.802667903117015],[121.1089544907345,16.802200065498113],[121.10980006844648,16.801035858815947],[121.11051752699878,16.799927179583115],[121.1111153712542,16.79900642777495],[121.111366263349,16.798441644153623],[121.11152960073458,16.797800444847145],[121.11159445102712,16.797196147196104],[121.11173256170329,16.795136998000316],[121.11185646274568,16.79451433891596],[121.11198867868508,16.794042979226628],[121.11218882342207,16.793647854172022],[121.11248763763481,16.79319692507108],[121.11280495153758,16.792859582555266],[121.11329979520387,16.792429352369272],[121.11373521099844,16.792055284912696],[121.11381500525957,16.79192369569569],[121.11389610611126,16.7916597978811],[121.11396131809892,16.79101769572611],[121.11392234310858,16.78999658009135],[121.11385113592033,16.78925871310396],[121.11385561539764,16.788805083668837],[121.11387840978001,16.788483942591956],[121.11395950856675,16.788220044512414],[121.11411694407732,16.787867754398928],[121.11433959342584,16.787486311766557],[121.11484422946879,16.787056165756898],[121.11567317454191,16.7865722780758],[121.11622592663568,16.78623708334662],[121.11663879052576,16.786108303808653],[121.11772031195216,16.785929401171188],[121.11850702500122,16.785747562537903],[121.11921581002196,16.785508299898662],[121.11965008216524,16.78524762469738],[121.12007658836409,16.78477894455351],[121.12033649862296,16.784289839482422],[121.12061825950593,16.783574097301923],[121.12085761603423,16.783179318692603],[121.12121413998706,16.782842317839854],[121.12171856317548,16.782431053308038],[121.12237144127818,16.781888819848547],[121.12308187885587,16.781479429814645],[121.12377157927757,16.781183266335614],[121.12432152016564,16.781131567007865],[121.1248516545824,16.781098588879292],[121.12561594172142,16.781200062161446],[121.12624251297065,16.781338085754715],[121.1267119325983,16.78149358105228],[121.12743512897873,16.78178370471811],[121.12926913878925,16.78285894709062],[121.12997290881754,16.78312998303479],[121.13050193984375,16.783210399322897],[121.13114980764445,16.783178474292356],[121.13162145467578,16.783107142061336],[121.13201535598391,16.782959490985842],[121.13453070798417,16.781583462493018],[121.13551784527014,16.780968598756797],[121.13599280465415,16.780557029112163],[121.1363298627501,16.78020091973791],[121.13672021005668,16.77941051916496],[121.13712183800651,16.778468994219526],[121.13746091608965,16.777904965816663],[121.13781703472188,16.777605735125174],[121.13817131121363,16.77749551881523],[121.13862295432853,16.777461794509247],[121.13940814851462,16.777431082528615],[121.14001491759231,16.777587788291328],[121.1404252969492,16.777761622538364]]},"properties":{"ID":0,"RIVER_NAME":null}},{"type":"Feature","geometry":{"type":"LineString","coordinates":[[121.1404252969492,16.777761622538364],[121.14116592077698,16.778278694377747],[121.14184492989779,16.779078756102003],[121.1430085911665,16.780488089574433],[121.14341732721844,16.780832032758553],[121.14373052967312,16.780910469051896],[121.14439691179088,16.78099208760141],[121.145132702367,16.78099871629966],[121.14558527130451,16.780870469506933],[121.14617738743209,16.780516638997867],[121.14655422020569,16.78010415942737],[121.14671540393425,16.779670835274686],[121.14686338010858,16.778575778272494],[121.14706471929536,16.778048298626302],[121.14722498361303,16.777709481747586],[121.14736434420156,16.77750279947132],[121.14775859086738,16.777317312591055],[121.14860393045772,16.77715478328068],[121.1494398245757,16.776954358946647],[121.15028644212774,16.776659510922578],[121.15111471639712,16.77623217146662],[121.15176567059174,16.77587885060153],[121.15204310021257,16.775597790111426],[121.15228402810027,16.775032852168525],[121.15266631588808,16.77405330863589],[121.15295756875923,16.773356497540348],[121.15323791375342,16.772773007933903],[121.1533172624479,16.77245661583374],[121.15355512461683,16.77243559134665],[121.15406561748863,16.77240235919949],[121.15432177615547,16.772291234172567],[121.154599743865,16.771953464161925],[121.15528032634204,16.770560711844613],[121.1558075509536,16.769809297551884],[121.15604937026964,16.769149844484033],[121.15619181252409,16.76862182525047],[121.15631190087892,16.76837715612963],[121.15641218681385,16.768151213102847],[121.15661002533194,16.767982852724955],[121.1569640938766,16.767891502859392],[121.1575036404823,16.767896327589465],[121.15777922910351,16.767804274575976],[121.15801758008894,16.76750395126551],[121.15829735389478,16.76697715731637],[121.15863598527574,16.76645088870748],[121.1590739865074,16.765793183305025],[121.15976831244407,16.7650054417142],[121.16000829278174,16.764534999447314],[121.16024863538186,16.764026753218044],[121.16059960953982,16.763235942861396],[121.16070188610308,16.76280207729475],[121.16080688749162,16.7620846848824],[121.16074421709793,16.760439529550435],[121.16077655259866,16.760137363535634],[121.16096039066794,16.75938286719162],[121.16118727876949,16.7582317827864],[121.1611936349424,16.75757021999182],[121.16110098884418,16.757002291323598],[121.1609571169144,16.756660746738618],[121.1607829092122,16.756413448573923],[121.16033585668373,16.755974682167924],[121.15994748042039,16.755555341954658],[121.15977400182719,16.7552324360047],[121.1596989800748,16.754872601805868],[121.15970170580957,16.75458907504511],[121.15986355991005,16.754080127350633],[121.16006428656476,16.75360933306426],[121.16042123281241,16.753215545637183],[121.16116309597538,16.752579445252653],[121.16142085734639,16.752298191901094],[121.1614827979929,16.751977385825732],[121.16148606510102,16.751637153274437],[121.16141485235022,16.75088038141249],[121.16126226328149,16.750425338961197],[121.16105063906056,16.74998867356535],[121.16068207143553,16.74955060864368],[121.16038107890616,16.749226566374727],[121.16014947666854,16.748827528982982],[121.16001487521932,16.74854277714203],[121.15994058075148,16.74810733583017],[121.1599838119174,16.747691846209854],[121.16014620225543,16.747126191912116],[121.16024919359239,16.746616717960098],[121.16027661845999,16.745804115255037],[121.16023211329855,16.745331132759592],[121.16011858369114,16.74489534160155],[121.15990733012805,16.744420872063507],[121.15975710888164,16.743720105632104],[121.15972350312583,16.743133799756173],[121.1598077827955,16.742529641747474],[121.15989932865097,16.742190196413198],[121.16017814550275,16.741757903573255],[121.16065258854188,16.74138406426607],[121.16132302003463,16.74103087342447],[121.16179637107885,16.740770442051087],[121.16213185709277,16.740565492101293],[121.1626056576256,16.740391718469624],[121.16287676451995,16.740628834964323],[121.16315013608337,16.74076359255314],[121.16350324504685,16.74076673518203],[121.1638183877844,16.740637215148606],[121.16419256268942,16.740489316257364],[121.16472313099742,16.740399517906873],[121.16531200737668,16.740366946951827],[121.16589943621558,16.740485589305216],[121.16678876205052,16.740833753926285],[121.16811550365118,16.741601675381176],[121.16944026971821,16.742577510306464],[121.17002518115439,16.74296076861636],[121.1705134516256,16.743191940479942],[121.17170596985628,16.743637291310236],[121.17298623265269,16.744140123301268],[121.17406069741116,16.744622223230042],[121.17537004074904,16.745163105983984],[121.17593535539683,16.745546175887892],[121.1764598170554,16.746099015466395],[121.17686639428531,16.74666971581695],[121.17723157906951,16.747466892712033],[121.17752648435156,16.748433580468365],[121.17781410115676,16.7491355535527],[121.17829808223829,16.74982035708883],[121.17870736889623,16.75010752502472],[121.17923436677215,16.750395731346718],[121.1796846898506,16.750494223906795],[121.18064688681682,16.75040819514506],[121.1817644147496,16.750493663569944],[121.18260567228198,16.750746824532307],[121.18398554299281,16.751099243283353],[121.1856682526675,16.75158664285893],[121.18674333321624,16.75201197735872],[121.1876029720058,16.752397606245538],[121.18818866870984,16.75270521082753],[121.18848953861661,16.75304811963812],[121.18903224647671,16.753752321497704],[121.18931991312172,16.75445428308923],[121.18960758164965,16.755156244439508],[121.18980126841774,16.75542259613001],[121.1901902519831,16.755785180164295],[121.19065878523529,16.756035039544255],[121.19150008194505,16.756288167597987],[121.19228377354618,16.75640846157261],[121.19261604860242,16.756543700110058],[121.19310420648698,16.756793726367412],[121.19401025393879,16.75746329361676],[121.19492558271835,16.75818964978651],[121.19545263036507,16.758477818975464],[121.19609846489904,16.758653603962024],[121.19674483512918,16.758772680534094],[121.19758829042794,16.758798959514543],[121.19862900782334,16.75871353618537],[121.20032821881526,16.75850153004472],[121.20152748855648,16.75824734177794],[121.2027677695222,16.757804465927745],[121.20349634666394,16.75752725846442],[121.20404746140001,16.75734302156709],[121.20461748526573,16.757234562929984],[121.20517663546958,16.75723943081541],[121.20594090278243,16.75734060100865],[121.20686230305765,16.757424231173683],[121.20772590850385,16.75739393198824],[121.20831502000568,16.757342340341474],[121.20902273186763,16.75719725798957],[121.20992787377433,16.756921560266754],[121.21123573927011,16.75659264071901],[121.21180593543541,16.756465259254668],[121.21243340011608,16.75650850739337],[121.21315860897705,16.756590408408584],[121.21366924081131,16.756538121016664],[121.21408212859087,16.756447178041913],[121.21473027159502,16.756377175002832],[121.21549560159674,16.7563648957277],[121.21680028755101,16.7563761823945],[121.21887870817147,16.756526472937274],[121.22001540228376,16.75666861572679],[121.22038711662374,16.756785247718422],[121.22095309326524,16.757111498539807],[121.22176343766503,16.75753437528183],[121.22227266733145,16.757633286065527],[121.22303782927659,16.75763988165824],[121.22354863921198,16.75756866735407],[121.22404053093634,16.757421672951455],[121.22455326892438,16.75714252902467],[121.22526465407681,16.75660043785207],[121.22589843362765,16.755963156277858],[121.22647475195495,16.75517414627083],[121.22673593170859,16.754514752619862],[121.22699500868963,16.754082188302515],[121.22760267001978,16.753085499559713],[121.22800345016633,16.752181551124853],[121.22830315801303,16.75159810153878],[121.22885860929041,16.750941231433337],[121.22926534205897,16.750453219028216],[121.22934556547419,16.75026486748514],[121.22940686901325,16.750000737405085],[121.22937007834848,16.74973576529753],[121.22927652889587,16.74924345771122],[121.22878217597679,16.747537851889007],[121.22866866039543,16.747083180780226],[121.22861330137081,16.746704625059067],[121.2286155740699,16.746458892301472],[121.22878460339808,16.74621459120333],[121.2289827103309,16.7460083475746],[121.2292400215227,16.745764803792095],[121.22949593426026,16.745672479865974],[121.23014384021612,16.74565071999765],[121.22982769988654,16.745864366891496],[121.22962802148177,16.746240734214734],[121.22960455911736,16.746656421535565],[121.22969583743772,16.747394461935837],[121.22994266761826,16.748285069270512],[121.23013483623447,16.748721510745632],[121.23024800657254,16.7492139864665],[121.23016481460814,16.7497236815203],[121.23002119296392,16.750402994195206],[121.22978841103696,16.751176061578363],[121.22932843481519,16.75211731432758],[121.22873042023011,16.753132996153752],[121.22829127714554,16.753942096456],[121.22813099927986,16.75429989555212],[121.22807442761983,16.755112281612103],[121.22804728425541,16.755924920434293],[121.22796268179157,16.756585833408177],[121.22790464346198,16.757160166739325],[121.22748411202106,16.75741349593256],[121.22689307355562,16.75767307015554],[121.22598794474398,16.757948844377424],[121.2251117172318,16.758281575092013],[121.22428558842788,16.758501309495724],[121.22361764345138,16.758590075632345],[121.22291133637661,16.75858398914447],[121.22218558555765,16.758558828637398],[121.22159769945448,16.758478142950956],[121.22116747355739,16.758323200141525],[121.22062093693103,16.75801602129982],[121.21965557168888,16.757383858482527],[121.2191274287399,16.75720916236266],[121.21818675095285,16.757087612296747],[121.21732367217524,16.757061248460676],[121.21653854325344,16.757092266951137],[121.21592981289783,16.757143712643344],[121.2150651486534,16.757287460608282],[121.2140140989419,16.757429590494688],[121.21344460644012,16.757481368548582],[121.21242422023826,16.757491428757664],[121.21177642653655,16.75752361944058],[121.2111866077166,16.757650830297703],[121.21057663867234,16.7578345760624],[121.2098485983837,16.758055102511847],[121.20902228248602,16.75829367643849],[121.20844244690207,16.758402061947645],[121.20746076586703,16.758469144873242],[121.20644055429224,16.758460272644587],[121.205617069377,16.758396396151024],[121.20479252151844,16.758445929932176],[121.20408569012469,16.75849648576181],[121.20359467227779,16.758548919581774],[121.20298451783314,16.758751544111945],[121.20258089913241,16.758899256048945],[121.2017349539765,16.759137628464984],[121.20065392873389,16.759336138184963],[121.19965209105433,16.759459718540274],[121.19872837465896,16.75962178393825],[121.19819740290049,16.759749470364152],[121.19768676215881,16.759801718165804],[121.19701969962307,16.759795885602387],[121.19655917625143,16.75973514652047],[121.19589318355575,16.75961589739021],[121.19546298159025,16.759460902689337],[121.19503420663153,16.759154689964877],[121.19441191452059,16.75856322625064],[121.19390662832605,16.758048400723137],[121.19363320739448,16.757913679594562],[121.19300592681401,16.757851472053495],[121.19239790902024,16.757827238888257],[121.19208453702242,16.757767780323398],[121.19175208181137,16.757651442891426],[121.19122504287704,16.757363264978554],[121.19039569617419,16.756883396240845],[121.18957491187878,16.756535925352647],[121.18832340692401,16.756090149385653],[121.18722778603284,16.755759158610772],[121.18640683433789,16.7554305781655],[121.18591886929507,16.75516163514294],[121.18497308867981,16.75454839681618],[121.18423277330984,16.753993674667782],[121.18364869447184,16.75351594075924],[121.18312168065941,16.75322774431469],[121.18226133144319,16.752917705391347],[121.18081637947859,16.752186628289177],[121.17910802856419,16.751301988116193],[121.17832760812213,16.75084141104653],[121.17760496715294,16.750494763260566],[121.17719586155069,16.750188691249168],[121.17698311971944,16.749865450505794],[121.17659669447622,16.749238217348932],[121.17633580928775,16.748820032720747],[121.17596594547221,16.74851430563219],[121.17532088971626,16.748262854699117],[121.17436104639857,16.748103134071734],[121.17348093912682,16.74781179033671],[121.17258247945506,16.74738795578274],[121.17184078678706,16.74698441042577],[121.17116848186132,16.746505863685123],[121.17068218828064,16.746066771452373],[121.17002349089181,16.745191368370026],[121.1695395514228,16.744506549178887],[121.16897642241284,16.743896640437757],[121.1683549867033,16.743229502381016],[121.16754700921184,16.742579609839773],[121.16666820609261,16.742155927227586],[121.16584663038478,16.741902881185943],[121.16514076947922,16.741858799197242],[121.16445343984417,16.74192830046842],[121.16394194101565,16.742074977784196],[121.16350818600048,16.74229795950805],[121.16309314117964,16.742615624058583],[121.1626764634266,16.743103404162902],[121.16231917982246,16.74353500184945],[121.16183057190847,16.744362401157158],[121.16143078300124,16.745133880055164],[121.16134614345958,16.745775842612428],[121.16137902799703,16.74643775588838],[121.16140955352967,16.74734539274943],[121.16139139706674,16.74821478881136],[121.16152400436343,16.748707459903617],[121.16175669819836,16.7489930851267],[121.16220283266482,16.749526356542695],[121.1623368938598,16.749867812783098],[121.1624489792364,16.75045481788262],[121.16249967091333,16.7513059241329],[121.16244500166253,16.75189144357811],[121.16228243094703,16.752476001527224],[121.16194347485319,16.753040083865628],[121.16146791353786,16.753527333965327],[121.16089552843117,16.75388139536322],[121.16054003469779,16.754123969209633],[121.16051823664635,16.754350615742275],[121.16063213374957,16.754748603359527],[121.16090225371468,16.755223597921614],[121.16137746317382,16.755794938076498],[121.16174477230682,16.7563653154715],[121.16193442513705,16.75704752931927],[121.1620268922382,16.75763435966073],[121.16198148255933,16.758276671172123],[121.16179619747807,16.759182383394137],[121.16154133528836,16.76018199183633],[121.16159183927147,16.761051999198212],[121.16168121871505,16.761960160033244],[121.16167577051777,16.762527213774778],[121.16153334934086,16.763055239043755],[121.16134151522098,16.763620630162112],[121.16096111378005,16.764411179408416],[121.1605431054112,16.76503126141609],[121.16012563960324,16.765594636966178],[121.159272717619,16.766551093653348],[121.15901347654508,16.766983555772637],[121.15882017443877,16.76770015722236],[121.15862096542135,16.768324252180683],[121.15837397697732,16.769208439942147],[121.1579337796347,16.77009296348492],[121.15739584116544,16.770938804872323],[121.15688423083726,16.772106236878308],[121.15658500619882,16.772613950258997],[121.1562291058916,16.772894315688504],[121.15559760727446,16.77326672995167],[121.15500480001543,16.773696198553356],[121.15468722427687,16.774071420771723],[121.1543692823263,16.774484445745767],[121.15389889158537,16.77544430024087],[121.15345902226424,16.776291006878974],[121.15316124223222,16.776647500143337],[121.15262728124597,16.777077487951512],[121.15197632403223,16.777430811255176],[121.15128703696817,16.77768927177039],[121.15053906863453,16.777928299598027],[121.14981181730626,16.778054090959998],[121.1491245390894,16.778104625789897],[121.14861329900302,16.778213450559733],[121.14813057407684,16.778417046714363],[121.14771450633137,16.778829176983688],[121.1475148166371,16.779186542844982],[121.1474323022765,16.779601672260483],[121.14725003327413,16.780186033462815],[121.14687246856043,16.780674120835346],[121.14645602627817,16.78112405090519],[121.14608010791198,16.781442022089195],[121.1454102376505,16.78171953882495],[121.14476127135435,16.78186491893571],[121.1440152998619,16.781896003289393],[121.1428583862443,16.781809959916643],[121.14218219193859,16.781728247663487],[121.1416344547355,16.78155317653461],[121.14093085330325,16.781263277823566],[121.14040273993575,16.78108838078688],[121.1397167395563,16.781006572196628],[121.13916937540783,16.78079369189398],[121.1385624132879,16.780655884246766],[121.1379932208698,16.780669641741238],[121.13765837500986,16.780798936054634],[121.13740146005082,16.780985644145606],[121.13696574425835,16.78139757225024],[121.13632179325766,16.782034452569363],[121.1356878329373,16.78265251775511],[121.13493706372911,16.78317500689632],[121.1342268250032,16.7835655382555],[121.13353768191274,16.78380503312591],[121.13292683765869,16.784064138664327],[121.13235652778631,16.784191288129293],[121.1317478988571,16.7842235727122],[121.13115963068753,16.784180427875892],[121.13063966747058,16.78417570773199],[121.13011118865381,16.784038587293725],[121.12932930049725,16.78372903563904],[121.12815628835368,16.78328360443977],[121.12700345917989,16.78278164141925],[121.12598705681097,16.782375429395355],[121.12532179681695,16.782180343365738],[121.12454825211852,16.782022075203166],[121.124214695822,16.782019037009043],[121.12364457461346,16.782127261037445],[121.122737368459,16.782591568175473],[121.12208560321479,16.783020394660934],[121.12188604880419,16.783358828949968],[121.12172480682217,16.78379212755248],[121.12168054767976,16.78430210523727],[121.12177270759648,16.78490784247489],[121.12224302444153,16.7859707014826],[121.12260709979324,16.786862463775698],[121.1227011205519,16.787279187617436],[121.12267704097793,16.7877326404958],[121.1225546675412,16.788204099912136],[121.12218590824985,16.78878672978874],[121.12155318330504,16.789272435020028],[121.1203480773847,16.790093165812667],[121.11961686257936,16.790615770722823],[121.11933880737281,16.790953483994297],[121.11929602724689,16.791312249768552],[121.11939171689914,16.791558862907053],[121.11954645860826,16.791787112582785],[121.11972231139087,16.79186433115909],[121.11993871071707,16.791809599075798],[121.12051128063412,16.791455671710818],[121.1219526004171,16.790561484201483],[121.12297869323338,16.789984850565865],[121.12424154013468,16.789278047603005],[121.12489165419903,16.789019328319203],[121.12546179607942,16.788911102903324],[121.12595215266303,16.788934470815693],[121.12637327734771,16.789013916574554],[121.12672350199803,16.789319552928536],[121.12697450680909,16.78973770427947],[121.12712684749133,16.79021166685042],[121.12729751335081,16.79081811748136],[121.12760719086191,16.79225756722239],[121.12783320488327,16.793223679240814],[121.1279009454874,16.794320672744593],[121.12787519611831,16.79594610113734],[121.12798625876357,16.79662762148509],[121.12828891475851,16.797783461125334],[121.1283229710801,16.798313056425187],[121.12858139173204,16.798977014056966],[121.1288875740389,16.799773727276953],[121.12929261419401,16.800495726972155],[121.12981539515191,16.80121879654676],[121.13035872880455,16.801847536583107],[121.13086578158097,16.802173496695097],[121.13190858724765,16.802901286571664],[121.13223922164792,16.803206738368353],[121.13245045279149,16.803681233364923],[121.13252450658354,16.804135579688406],[121.13247952551109,16.804721166770456],[121.13235771523553,16.805135928428403],[121.13207854656537,16.805587066985417],[121.13181881494336,16.80605728465978],[121.13170736912798,16.80641543061571],[121.13170385253628,16.806774556995137],[121.1317986390465,16.807115673341794],[121.1321292798306,16.80742112591076],[121.13286998441825,16.80793823547272],[121.13462410677717,16.80918285572766],[121.13501307313494,16.8095455427282],[121.13518691667572,16.80983066584292],[121.13521099404225,16.810379073977725],[121.13506604932407,16.811152786195542],[121.1349012941229,16.81194522153036],[121.13471617354996,16.81281308412969],[121.13459380630434,16.81328455099682],[121.13456011760532,16.813719016248456],[121.13465602075007,16.813946723475834],[121.13479339123906,16.813947969895235],[121.13510941411559,16.81374290297894],[121.13546597852424,16.81340588156373],[121.13568240023552,16.813351135013566],[121.13589771336198,16.813409796750648],[121.1361694982108,16.81371471054381],[121.13636204755065,16.81409451815347],[121.13649572430612,16.814473791965458],[121.13651110059277,16.81490870264739],[121.13651463276858,16.81555144003195],[121.13651038433554,16.815986172772856],[121.13664590939057,16.816176432343926],[121.13680216748584,16.816253461182907],[121.13719521381212,16.81620031422493],[121.1374125616282,16.816051058971073],[121.13778930548393,16.8156575071287],[121.13804590134377,16.815508606652426],[121.13822196870689,16.815566910734653],[121.13847468927732,16.815814940015578],[121.13876518377698,16.816214536018183],[121.1392614057652,16.81765566580609],[121.13941250160305,16.818261933491847],[121.13946252227362,16.81916973605252],[121.13954585421692,16.819680874647194],[121.1397387842665,16.820022877254267],[121.13997133396103,16.820327432087186],[121.14004817448415,16.820498255648666],[121.1400863181677,16.82061201960255],[121.14008576462096,16.820814471681363],[121.14004891000202,16.82080524253598],[121.13976071675471,16.820733072838774],[121.1395347862274,16.820814961524523],[121.13918374826274,16.820584945819913],[121.13879567554304,16.820127756844865],[121.13868106265001,16.819805365936386],[121.13860994462252,16.819048597376106],[121.13861658807996,16.818368145507755],[121.13860379097449,16.817668614422157],[121.13846955470271,16.817346045776976],[121.13821554038994,16.81723032639833],[121.1379996683475,16.817228370920315],[121.13770400512855,16.817358014029594],[121.13738779355256,16.81758198597924],[121.13697493489823,16.817653856563133],[121.13652467383979,16.81753635623302],[121.13627250829016,16.817231620363195],[121.13611828214692,16.81694667548369],[121.1360621796781,16.816662620351035],[121.13614511249263,16.81620969813736],[121.13630617356694,16.815795290399667],[121.13631116133139,16.815284952012764],[121.13628523442478,16.814925558104285],[121.13607213643003,16.814640079551335],[121.13575999313814,16.814448218120475],[121.13560262821727,16.814484597162696],[121.13526734968609,16.81465168391487],[121.13479322048669,16.814968734921788],[121.13451718372548,16.815098551667635],[121.13428150515483,16.81511531583509],[121.13396825348755,16.815036860179138],[121.13379329813498,16.814865144252988],[121.1336979216031,16.814682279051922],[121.13362222780768,16.814296498919788],[121.13358667875421,16.813918114679822],[121.13373089283691,16.813220010105166],[121.13399636435666,16.81216384735385],[121.134121135758,16.8114466625998],[121.13419721566062,16.810691229626073],[121.13410316321017,16.810274508260903],[121.1339289512491,16.81002718717484],[121.13355850057279,16.809778084790445],[121.13269930406393,16.809335513276668],[121.13183974162578,16.808930741322694],[121.13078653832758,16.808259563163432],[121.13033908264772,16.807858531204303],[121.130126556736,16.80751634387082],[121.1300606528272,16.807232198808492],[121.13006398736256,16.806891974153114],[121.1301454455172,16.80659026592692],[121.13032520617293,16.80627054828838],[121.13076118253613,16.80583974093216],[121.13141375514937,16.80533528816961],[121.13163275919239,16.805015925583515],[121.13167607745096,16.804600451496853],[121.13162127883739,16.804184086111395],[121.13148724698391,16.803842613242583],[121.13103091297725,16.803346987449753],[121.129689136841,16.802087189409512],[121.12873872535796,16.80094436273524],[121.12844938522598,16.800431348240817],[121.12827685685667,16.800013911505427],[121.12765283398802,16.79860940776442],[121.12736535393636,16.797907378709112],[121.12711860428116,16.797054495801053],[121.12706548496833,16.796468017918464],[121.12691464103284,16.794840983006313],[121.1268798465489,16.794386993193246],[121.12688299863586,16.794065670093822],[121.12692558044228,16.793725802819143],[121.12690523194014,16.792799368246076],[121.12675641315303,16.791966279608054],[121.12660592660319,16.791303303181056],[121.12637658254508,16.790677414978795],[121.12612502177323,16.790315967015157],[121.12577479653613,16.790010329582753],[121.1253636664875,16.789912070412733],[121.124912551174,16.789889058353992],[121.12438146410597,16.790016540855184],[121.12375041073868,16.79033214095112],[121.12315711314423,16.790799307339643],[121.12270172331141,16.791211020604116],[121.12210934980648,16.791583676838183],[121.1212805810294,16.792048688381296],[121.12061971148604,16.7924018115284],[121.1201665453528,16.792586702714736],[121.11955714685627,16.79269455343775],[121.11920450936739,16.79263462212878],[121.11881393156997,16.792442022607386],[121.11844576996522,16.79196608274638],[121.11833139071481,16.79162478353409],[121.11835510960276,16.791209134959924],[121.11847656483307,16.790832185780367],[121.11885477789531,16.79028745642472],[121.1197655655158,16.789464046866083],[121.12124964757515,16.788211096568915],[121.12161729307296,16.78774187639718],[121.12177798207567,16.787365282344524],[121.12180132029577,16.78698743503429],[121.12174598690518,16.786627772967854],[121.1216303028074,16.786418784364173],[121.12131896301292,16.786151301347388],[121.12082973082711,16.786014515314946],[121.12014224052491,16.7860838509808],[121.11901991710084,16.786470562693932],[121.11838868284464,16.786805048013875],[121.11777911649811,16.78693179656139],[121.11716936323577,16.787077444485885],[121.11665659817054,16.787337395627016],[121.11631912006759,16.787731270096465],[121.1159997706526,16.788276533448574],[121.1159345673932,16.78891863719916],[121.11576416957618,16.790278090130325],[121.11561917156841,16.791051783672916],[121.11545772098442,16.791503976205778],[121.11521815511834,16.791917647285754],[121.11482769203361,16.79270799462876],[121.11427230478728,16.79330780038758],[121.11367748317114,16.79392614575935],[121.11322075958094,16.794470143567214],[121.11286177051112,16.79505284225038],[121.11272049192084,16.795448507811894],[121.11263807940074,16.795844713149595],[121.11255463946995,16.797337277891426],[121.1124247571924,16.798564775487325],[121.11224217306493,16.799167993266476],[121.11194129086054,16.799826833804428],[121.11147286528035,16.80055974725774],[121.11071840872577,16.801441255608097],[121.10986489467089,16.802416364671856],[121.10922965903829,16.803147738601872],[121.10869478152114,16.803653198529688],[121.10799329267076,16.804138221362475],[121.10742103762823,16.804454305003574],[121.10671235681743,16.804674616835698],[121.10580669310504,16.804968723334355],[121.10494027323693,16.805263187177754],[121.10434857511282,16.805560179467594],[121.1037155626069,16.806064719922066],[121.10308141930582,16.806682664520416],[121.10195916731185,16.80803331133604],[121.1011261434187,16.808914051858334],[121.10041386449194,16.80949345926813],[121.09954515776545,16.81001470969256],[121.09869607013131,16.810536137399147],[121.09714901907633,16.81118342195823],[121.0958485756252,16.811700658841996],[121.09523816521676,16.811902934596016],[121.09488569386936,16.81182405787007],[121.09439774555513,16.811554897704422],[121.09387300696984,16.811039660092888],[121.09338902967824,16.810373577648242],[121.09304185291,16.80976547124485],[121.09292864721728,16.80931075623377],[121.09282657635157,16.808723825484545]]},"properties":{"ID":0,"RIVER_NAME":null}},{"type":"Feature","geometry":{"type":"LineString","coordinates":[[121.09029338001571,16.804957581954266],[121.09042620079765,16.805412479889995],[121.09067657110938,16.80588737183031],[121.0909656213815,16.80641933071733],[121.09141222553177,16.806896043512587],[121.09182204304304,16.807126679015838],[121.09221337242835,16.80724372602064]]},"properties":{"ID":0,"RIVER_NAME":null}},{"type":"Feature","geometry":{"type":"LineString","coordinates":[[121.09279392932426,16.384434628096223],[121.09298999921289,16.384712594061266],[121.09347057364151,16.385254164072542],[121.09443758720023,16.386000073055598],[121.09535096140819,16.386847167731446],[121.09620847442726,16.38802419815779],[121.09698824227483,16.38907342821644],[121.0974048292374,16.389560155787652],[121.09811030692096,16.390125752477747],[121.0997234342531,16.390775808780766],[121.10014175704542,16.391084615470156],[121.1009227898578,16.39200675089254],[121.10178282088256,16.392929597331623],[121.10225110386226,16.393518459379614],[121.10235100867567,16.394078576757675],[121.10250431369292,16.394562919467436],[121.10255500515453,16.39476672813722],[121.10247355112037,16.395020181780197],[121.10207711402914,16.395169116172212],[121.10157658550541,16.39519001533598],[121.10065747798869,16.394927524139785],[121.09929198736872,16.394533899314958],[121.09842653491371,16.394170208682166],[121.09785072034714,16.393809135662828],[121.09751174174376,16.3937608689401],[121.09740137558815,16.393983001235757],[121.097635140414,16.39431556154585],[121.09797299402005,16.39477615764282],[121.09825621373705,16.39543960974644],[121.09886906257395,16.396055205496562],[121.09975888195686,16.396622466217888],[121.10083474831538,16.397013472720054],[121.10241287766462,16.397205658171696],[121.10375526316132,16.397268610855683],[121.10475510178767,16.39735388548138],[121.1052273381411,16.397536075526936],[121.1056195988999,16.39781921946463],[121.10606181910147,16.39838242114868],[121.10643600173651,16.399173779479725],[121.10643210174557,16.399541353806637]]},"properties":{"ID":0,"RIVER_NAME":null}},{"type":"Feature","geometry":{"type":"LineString","coordinates":[[121.10616157388614,16.400862748633582],[121.10668161957109,16.401006155226117],[121.10765269189962,16.401345348175333],[121.10820123420478,16.401807828174736],[121.10877169135203,16.402728045308333],[121.10900180305826,16.403441846944542],[121.10968928946771,16.40451562926614],[121.11033949309906,16.405360303956215],[121.11096386050056,16.4061539068558],[121.11174647227845,16.406923511769488],[121.11258200029533,16.407668170759756],[121.11307668134732,16.40825725156728],[121.11346529961958,16.408921635909465],[121.11386635180605,16.409662388389606],[121.11427910361151,16.41055575938989],[121.11466821971173,16.411169308657524],[121.11526726825583,16.411860998463467],[121.11565516583987,16.412601630504987],[121.1159382224612,16.413290483474842],[121.11611472350943,16.414105475409944],[121.11619758979285,16.415072141388205],[121.11616146529875,16.416088577833712],[121.11600536878211,16.41725645171938],[121.11583928580832,16.418093788529276],[121.11556884445025,16.41882851232482],[121.11526172216699,16.41951246628903],[121.11510724259894,16.419739422115914],[121.11471169914904,16.420320537106043],[121.11343171802557,16.42196127090462],[121.11295009425666,16.42274492941481],[121.11274890536143,16.423124404892935],[121.11271815459787,16.423581669565806],[121.1128200583953,16.42393845120237],[121.11321115394846,16.424348670713503],[121.11336278508611,16.425010926733755],[121.11332124142527,16.426586528549688],[121.11325704063533,16.42778064210466],[121.11321263075577,16.428288621795033],[121.11288924536689,16.429048282077844],[121.11256683904948,16.429706274628142],[121.11241855726203,16.430060805807965],[121.11193960727229,16.43056487501694],[121.1112502155076,16.431041629565186],[121.11029721807743,16.431541426219496],[121.10958123758537,16.43204335392358],[121.10891792509888,16.432545753581177],[121.10838333571657,16.433354338089472],[121.10798165224345,16.43403702519186],[121.107737489753,16.434771970008658],[121.10765281925565,16.435355840093116],[121.10767423152225,16.435864410567817],[121.10784073946127,16.436348871167485],[121.10825128981136,16.437471004716773],[121.10874429941283,16.438238017232752],[121.1091964717131,16.43877143151595],[121.10968380593113,16.439136148428844],[121.11052313752869,16.439499576862627],[121.11125884590086,16.439684136636505],[121.11189019153403,16.43976607869789],[121.11241422547064,16.44005040431534],[121.11284559072924,16.440384732658586],[121.11330934205836,16.44145650039954],[121.11361728451273,16.442298095469994],[121.11416103748493,16.443268906040178],[121.11465531105624,16.44390882455689],[121.11573752093584,16.445036987093737],[121.11672903224445,16.446011816601374],[121.11740842082204,16.446577136008838],[121.11806221058534,16.447065966832007],[121.1183224044689,16.4473987492483],[121.1184101774499,16.44785707862774],[121.1182723621953,16.448491315713454],[121.11797284085657,16.449505385110456],[121.11785866463715,16.450419442410404],[121.11800909684533,16.451208781042716],[121.11828901698796,16.452228052989557],[121.11844067688722,16.452890307707744],[121.11871061695577,16.45357904326348],[121.11883250946802,16.454596896071475],[121.11882295252262,16.45558814973959],[121.1189825751217,16.45815689764566],[121.11914520392641,16.459048021274544],[121.11947781618073,16.46006776568297],[121.11989263580622,16.460757801195687],[121.1201799234432,16.46101456922686],[121.12104619846471,16.461327369392595],[121.12254438967658,16.461671250262018],[121.12356944582511,16.461909206756587],[121.12438207386737,16.462323189404437],[121.1257161335762,16.463301054630048],[121.12719483481263,16.4643056250596],[121.12826722603626,16.465103202823858],[121.12947279222153,16.465749451050247],[121.13057471010538,16.466216834203536],[121.13183540878514,16.466609371345985],[121.13254837948806,16.466774600197404],[121.13312510253338,16.46681151652385],[121.13346801920976,16.466763735214382],[121.1337594706781,16.466588399069636],[121.1340240944248,16.466463661657208],[121.13426116105596,16.46646577398255],[121.13462968827024,16.46649447625294],[121.13528529006466,16.466805344942724],[121.13599260381532,16.46721834867646],[121.13656967367567,16.467477676347166],[121.13793576021867,16.467871116410304],[121.13911795100418,16.468212075423],[121.14000990939249,16.468601288511802],[121.14063870232789,16.468962742061628],[121.14126434715602,16.469654615633466],[121.14178366166334,16.470447220822116],[121.14235614766727,16.4711894584461],[121.14265592633382,16.471522568068867],[121.14296669729185,16.472084547832527],[121.14321112533003,16.472347892171033],[121.14391451209956,16.472143791999255],[121.14470500375758,16.472125379980117],[121.14570405262091,16.47233758566815],[121.14624803583507,16.472725552815138],[121.14720021463553,16.472910056968022],[121.14822440578814,16.473249570158202],[121.15046795293841,16.47418450003276],[121.15162459166338,16.47444890999166],[121.15270244873932,16.474687199231347],[121.15335979773123,16.474820096310186],[121.15420202461411,16.474903783118446],[121.15520519321355,16.47468385280617],[121.15599666083767,16.474563730054964],[121.15669424733777,16.474620713154316],[121.1577184687754,16.4749601824007],[121.15877023735756,16.475172792256313],[121.15969197743799,16.4752063179043],[121.16021882352103,16.47521094943002],[121.16069394476824,16.47511344739577],[121.16085295812819,16.475013166943462],[121.1608021926591,16.474809365448102],[121.16040897826196,16.47460255458477],[121.15943599650485,16.474416065296936],[121.15825348094809,16.474100631126433],[121.15767587646967,16.47389219304269],[121.15675510549474,16.47375699010909],[121.1561233771281,16.4737005876244],[121.1556430061633,16.47360244454399],[121.1551774698572,16.47343805968441],[121.1545189201437,16.47343225482033],[121.15359622857173,16.473500376197546],[121.15280572849181,16.4735188213288],[121.1521471793893,16.473513008978085],[121.15128127046457,16.473149492875024],[121.15083538755849,16.47294220006945],[121.14933728101678,16.472573090953862],[121.14669960063706,16.47153298519894],[121.14601641126474,16.4713490012327],[121.1454255759948,16.471195403085037],[121.14493713275976,16.47126318279358],[121.14441054387295,16.47123309680824],[121.14393905862293,16.470949305718523],[121.14323268084532,16.470434657565097],[121.14255482794229,16.469691487443022],[121.14165598753887,16.468641323765006],[121.14076523690264,16.4681250320966],[121.13976839979159,16.46768405218319],[121.13850791583384,16.46726614350258],[121.13782523717546,16.467031301018505],[121.13706596645281,16.466541583479017],[121.1366486432264,16.46610574478707],[121.13647864312692,16.46597713627119],[121.13595182909022,16.4659724475627],[121.13542234155832,16.46624734426851],[121.13499943127125,16.466396093039698],[121.13457870900292,16.466316088220243],[121.1334219074988,16.46607700807481],[121.13205657596946,16.465607289920104],[121.13027053499471,16.46505755048479],[121.12880351703778,16.464205618614308],[121.12721895801629,16.463250950407474],[121.12672980297506,16.462899304011152],[121.12658453563643,16.46264138564341],[121.12651869804468,16.46231764683251],[121.12621466397111,16.462181865407025],[121.1258880651518,16.461942675003737],[121.12523298573463,16.461580946286084],[121.12436621214061,16.461318996297983],[121.123472612311,16.46110764061567],[121.122791201055,16.46074566901433],[121.12205931542886,16.460154472015827],[121.1211584301975,16.45933298633912],[121.12069141905508,16.458591646973396],[121.1204604860294,16.457954100856533],[121.12044026865597,16.457318445096764],[121.12054522490372,16.456812428840664],[121.12044834929263,16.456479691355877],[121.12016063170523,16.45490113357385],[121.11993386663649,16.45383150204047],[121.11980707053536,16.45332198485838],[121.11955054093389,16.452607951731828],[121.11926669463759,16.451995349170115],[121.11881483477606,16.451050791704528],[121.11858293427287,16.450514911716176],[121.11856345612321,16.44980300575311],[121.11875443812363,16.449118407800402],[121.11897910420609,16.4476715424557],[121.11906595480072,16.44685891442407],[121.11895404669266,16.446171597779045],[121.11866825010243,16.4457623294665],[121.11837344398424,16.445296282138074],[121.11785741690873,16.445170415020957],[121.11707121050854,16.444756651782033],[121.1164179210523,16.444216985320292],[121.11592364056958,16.443577070298904],[121.11530135655678,16.442554719651483],[121.11443304833965,16.441098033571258],[121.11422873323158,16.44043530392957],[121.11389175332755,16.439873056756756],[121.11331602577164,16.43948659390062],[121.11237256909045,16.438995144389065],[121.11163809039309,16.438683505200473],[121.11100773162899,16.43849989600312],[121.11045736747765,16.438215330191372],[121.11011892677644,16.437805578418637],[121.10967710936306,16.437191543416102],[121.10935626797979,16.43632440940815],[121.10917831005045,16.435661914255746],[121.10923959192088,16.434772805693555],[121.1093771752607,16.434163992479906],[121.10962034714831,16.43353071170214],[121.10986032096194,16.43322784731204],[121.11078313739858,16.43253985080213],[121.1110286831383,16.43224703358006],[121.1115705315944,16.432048560371918],[121.11254937373945,16.431599828252896],[121.11339530657767,16.431276990726282],[121.11431975336603,16.431005693103526],[121.11484965394409,16.430680008541184],[121.11519593917559,16.430276416161472],[121.11556757815602,16.42997472667038],[121.11657273776086,16.429526210171634],[121.11813362960011,16.428803064217618],[121.11899515685695,16.428226151626582],[121.11976597270129,16.427495908019672],[121.12016515716596,16.427067360748314],[121.12030098827583,16.426636453803287],[121.12038635204343,16.426116842207012],[121.11996816470398,16.425642129931752],[121.11976164043392,16.425208156114454],[121.11968874714859,16.424572027134133],[121.11968193551549,16.423911071123293],[121.11971291467007,16.423428386906398],[121.11987458916313,16.423048549554043],[121.12021889477295,16.42284828099496],[121.12045859420897,16.42257081797978],[121.12051492817528,16.42219003662901],[121.12052396746051,16.42124961258014],[121.1205064275632,16.420334369539265],[121.12064493845259,16.419623875949423],[121.12093949914482,16.419118131409544],[121.12151129856184,16.418538609850295],[121.12183316552316,16.41793143164316],[121.12197093687384,16.41729718704255],[121.1220292175316,16.416713069441577],[121.12192876294081,16.41620378929328],[121.12161338780005,16.415742434747383],[121.12154103843834,16.41546421902803],[121.12151730362869,16.41537294790784],[121.12109120926061,16.41566249571214],[121.12116557187647,16.41614612351008],[121.12123822579964,16.416807669520345],[121.12115336466353,16.41741696788414],[121.12077907293582,16.417998256656997],[121.12021873029171,16.418755812165234],[121.11979103154275,16.41941287753684],[121.11959984930874,16.420122898506364],[121.11951106977435,16.42113886500079],[121.11934597420232,16.42187453811588],[121.11920672271071,16.42266128058378],[121.11901259957347,16.42367630234117],[121.11880481726678,16.42474203926093],[121.11885137267674,16.42537793219626],[121.11903058168224,16.42591333801565],[121.11905275912244,16.42634566023077],[121.11878720672306,16.426572051123983],[121.11833706300148,16.426822205558622],[121.11788789712072,16.42697069164263],[121.11746457625497,16.42717024656071],[121.11688152929624,16.4275463002212],[121.11600560737354,16.42825016952618],[121.11542328982928,16.428549968143038],[121.11508044020903,16.42859772655632],[121.11468712633207,16.428416260278865],[121.11448061212707,16.427982282282233],[121.11448772240962,16.427245196142252],[121.11442048539851,16.426024481539777],[121.1141728274623,16.424395442269976],[121.11404801878291,16.423682589663564],[121.11410412044836,16.423327228170617],[121.11429115928775,16.42304929993997],[121.11479568255301,16.422621709337335],[121.11567182571439,16.421892425766792],[121.11644213534247,16.421213026269147],[121.11681693586631,16.42058091374887],[121.11700714962973,16.41997256371628],[121.11709373848322,16.419185350871945],[121.117252033439,16.417788724416162],[121.11731619986007,16.416594605688815],[121.1173228049975,16.41590835121116],[121.11738060929964,16.415375069896783],[121.11751790287546,16.414791663063074],[121.11781441880012,16.4140825880192],[121.11788612091448,16.413473173748972],[121.11773545677956,16.412709252260502],[121.1175306599838,16.412097359754608],[121.11711250924549,16.411763163892243],[121.1162762121445,16.411094770083633],[121.11546625377812,16.410426609766564],[121.11470749740232,16.40991142043125],[121.11417673731735,16.40896615274022],[121.1139717097124,16.408379674923818],[121.11366037317399,16.407893918397583],[121.11334830306401,16.40748441193582],[121.11306526207578,16.40679555693743],[121.11294193182835,16.405930203376148],[121.11285319962089,16.40557354043938],[121.1124621380503,16.405163323556305],[121.111523989227,16.40413813385821],[121.11087157611888,16.403522213552918],[121.11006240310675,16.402777786843192],[121.10935659943128,16.402237639294057],[121.1089146069964,16.401649026097207],[121.108604029279,16.401087013981876],[121.1081091330067,16.400523342288366],[121.10765299969597,16.40003627554081],[121.10747383873016,16.399500864473175],[121.10753362477848,16.39876425353237],[121.10756413156521,16.398332406189084],[121.10760925026035,16.397676202248675],[121.10736752869228,16.397354987842203],[121.10722020677215,16.39713461894807],[121.10664485659288,16.396722734070377],[121.10614825572533,16.396336976298326],[121.10580988750708,16.395927224539943],[121.1055537087228,16.395187767060264],[121.10532238710037,16.394601046988583],[121.10514151497519,16.394243551805722],[121.10469725136588,16.394041944611786],[121.10440942438788,16.393703154526875],[121.10409542656124,16.393496971726496],[121.10386115873774,16.39321525091187],[121.10382510739994,16.39285906102905],[121.1038553739187,16.392452631447075],[121.10401556962576,16.39222530596028],[121.10404435966896,16.39197137645165],[121.10396782875686,16.39171649716814],[121.10381181549432,16.39151173888818],[121.10368016459849,16.391510551534182],[121.1035741058044,16.39158585166115],[121.10349093251551,16.392017222862215],[121.10345992724183,16.39249990239313],[121.10335214527285,16.392753119124162],[121.1031397798305,16.39292913548016],[121.10282406168446,16.392900867767896],[121.10251006698574,16.392694682893023],[121.10185771949341,16.392078740912208],[121.1008687510074,16.390875122812],[121.10037266944813,16.39043852064088],[121.09982343730864,16.390052274915295],[121.09908989838307,16.389664361855466],[121.09848776490101,16.389303053675548],[121.09794002026446,16.388764304031216],[121.09618523527134,16.386435311133894],[121.09593400533733,16.386023864714897],[121.09543082225042,16.385487984168254],[121.09488284935742,16.384974644956472],[121.09404550655653,16.384433263787965],[121.09349531539961,16.384148670637245],[121.09304035727571,16.38402345973587],[121.09278443166734,16.384142225890002],[121.09279392932426,16.384434628096223]]},"properties":{"ID":0,"RIVER_NAME":null}},{"type":"Feature","geometry":{"type":"LineString","coordinates":[[121.23208883524921,16.521111209897263],[121.23220408913487,16.5216633081697],[121.23243670944461,16.5225354709475],[121.23273315995583,16.523002083658678],[121.2330902740971,16.52341119657646],[121.23353891060185,16.52367605113902],[121.23434677589688,16.524117982119158],[121.2353936046406,16.52473596918256],[121.23623207343306,16.525120139290536],[121.23671183947941,16.525269224749632],[121.23698271187568,16.525242506069812],[121.23707475753163,16.52504023792168],[121.2371135112756,16.52408335065069],[121.23702909947049,16.523444494789356],[121.23676375771959,16.522862123963073],[121.23643617675557,16.52251127918335],[121.2354178420056,16.52206757772965],[121.23452030774459,16.521566880222885],[121.23398252768877,16.521185248201366],[121.23344501351094,16.52077461075359],[121.23317625729459,16.52056929158716],[121.2329061827973,16.520508993245333],[121.23263558087478,16.520506703008966],[121.23239425431598,16.520591679595952],[121.23221200584013,16.520793181847246],[121.23208883524921,16.521111209897263]]},"properties":{"ID":0,"RIVER_NAME":null}},{"type":"Feature","geometry":{"type":"LineString","coordinates":[[121.25285585425911,16.53921728372915],[121.25336418979508,16.539361438942464],[121.25381263212624,16.5396552602029],[121.25431678092907,16.54044266049822],[121.25466979878746,16.54131581535914],[121.25481258618443,16.542158204131184],[121.2547176785094,16.542679530321696],[121.25450405276834,16.543025822731224],[121.25434029357301,16.54337573745903]]},"properties":{"ID":0,"RIVER_NAME":null}},{"type":"Feature","geometry":{"type":"LineString","coordinates":[[121.12255565689952,16.501765906846554],[121.12466504009687,16.501262753491133],[121.12626391848124,16.500696991896838],[121.12750009113135,16.500331003805716],[121.12825359440782,16.500134716952143],[121.1288879643057,16.49982134046477],[121.12958552307322,16.49918947109234],[121.13016673218935,16.498150486608306],[121.13080471463803,16.497460068994457],[121.13165228773403,16.496858537548057],[121.13295022110665,16.496319034777795],[121.13506036212819,16.495728759264253],[121.13768375593665,16.494910991555454],[121.13913196947546,16.49437278593015],[121.14029293166452,16.49400604650196],[121.14116526182725,16.49395579265065],[121.14215589903945,16.494109623376076],[121.14296561690146,16.494319853423455],[121.14368321629347,16.49473229987851],[121.14449321548565,16.49491352155641],[121.14488373794585,16.494945992159217],[121.14548634914331,16.494806311268285],[121.14597037162058,16.494491544964696],[121.14651589633011,16.49403229579473],[121.14705920962743,16.49380506825494],[121.14775089623701,16.493782191154736],[121.14838163251035,16.49384578817399],[121.15083108351432,16.493925475141545],[121.15161157853838,16.494048397740546],[121.15265959997583,16.494492741091015],[121.15376637422162,16.495082625665514],[121.1549012925252,16.495875791599733],[121.15675386052928,16.497081357416207],[121.15796093872412,16.498194205542],[121.15867886339083,16.49857760192787],[121.1599646840586,16.49931406194883],[121.16098050056802,16.499990128529966],[121.16217368644577,16.500986811459615],[121.16312665570513,16.5019523720333],[121.16475003238533,16.503561939925422],[121.16594298637186,16.5045876083461],[121.16671943847898,16.505145527766185],[121.16871948718298,16.50667135703933],[121.16915158790596,16.507081222381327],[121.16992587610967,16.507871157687454],[121.17057882302228,16.50877605081396],[121.17125911210792,16.509971238274904],[121.17179563225345,16.510469030182218],[121.17254233338497,16.51099766530565],[121.17341120419663,16.51132432659107],[121.17425164794001,16.511476701915768],[121.17485293835072,16.511481956149353],[121.17554578346747,16.5113429797144],[121.17669367543277,16.51077288706903],[121.17818730154839,16.51020580264084],[121.17930321483406,16.5098384557649],[121.18047898167795,16.50950062957541],[121.18156346728063,16.509278025112728],[121.18261680237184,16.509171167070342],[121.18402738716978,16.509444484835985],[121.18510753892632,16.50968591740207],[121.18600676590849,16.509983785493777],[121.18742888095824,16.510634257683957],[121.18865423450289,16.511428044494597],[121.19051123128908,16.512198291399955],[121.1921865053432,16.51311198007426],[121.19349993514693,16.514138551269625],[121.19472452973852,16.515019317736993],[121.19571699424561,16.515980237632238],[121.19716221791946,16.51640365475246],[121.19850791440845,16.51719842899067],[121.19904506738871,16.51763815206324],[121.20002569022574,16.51889386548384],[121.20056097126557,16.51953661138112],[121.20082941872984,16.519770972779956],[121.20139879816406,16.519978920173525],[121.20251017780046,16.520104514396362],[121.20359471081578,16.519881799046843],[121.20466528065816,16.519542933444328],[121.20553773838832,16.51949242059198],[121.20610899773591,16.519497328945214],[121.2065583859568,16.519675225714487],[121.20700563405076,16.52008515211747],[121.2072990729637,16.520870836738755],[121.20753318340759,16.521568993432787],[121.20800863181027,16.52218220314401],[121.20878715820326,16.52253695730345],[121.20965829382233,16.52263144769843],[121.21050203533517,16.5224356381924],[121.2114990464263,16.52192207026394],[121.21237578585557,16.521407467385675],[121.21320422027472,16.521240521343273],[121.21404528753044,16.52133473577379],[121.21506409180077,16.521720528561115],[121.2159639647875,16.521960269372844],[121.21701657033385,16.521940254673638],[121.21822084045895,16.521776497688997],[121.21951291762875,16.521874538842084],[121.22032366074549,16.521997476144982],[121.22089201054125,16.52232138910532],[121.22165367409114,16.52287899777422],[121.22251871959082,16.523640528414518],[121.22364827771325,16.52507145234846],[121.22451042445681,16.526152021116975],[121.22501706819037,16.526649437564213],[121.22564716527951,16.52679982633214],[121.22675940713496,16.526838284332694],[121.22781177911945,16.526847221768428],[121.22877289036404,16.526971405064636],[121.2294623350618,16.527209305421415],[121.23006078497548,16.52753345126273],[121.23121417402966,16.528007331080154],[121.23223384682461,16.528306033937273],[121.23322134416536,16.528836511228224],[121.23373118427759,16.528985858685694],[121.23436340785359,16.528904188704125],[121.23517366812153,16.529085080447267],[121.2358014125624,16.529496478231188],[121.23624901284646,16.529877345533194],[121.23672905365274,16.52999742776675],[121.23739029560373,16.530032019921784],[121.23808186961465,16.530037859575614],[121.23889108728845,16.530334754808052],[121.23938458787029,16.53062898384118],[121.23980028928182,16.531212620847842],[121.24000682638804,16.531649460640782],[121.24000130533915,16.532258551008805],[121.23998894786386,16.53362175312596],[121.2400092880132,16.53469516575019],[121.24024458314369,16.535277280703983],[121.24063180371331,16.53568663757584],[121.24116963584568,16.536068257083045],[121.24182879897238,16.536334871766307],[121.24296206250285,16.536419326757244]]},"properties":{"ID":0,"RIVER_NAME":null}},{"type":"Feature","geometry":{"type":"LineString","coordinates":[[121.24294845842921,16.53556112755592],[121.242319365241,16.535294769816275],[121.24184193372324,16.53488465567964],[121.24124685514154,16.534183483667533],[121.24086147548482,16.5335710978623],[121.24068447808027,16.53319252075297],[121.24071638679222,16.532989744092646],[121.2408983771857,16.532817239203535],[121.24128769676709,16.53299456005297],[121.2416443212854,16.533461670113265],[121.2421797864203,16.534104325669993],[121.2428036250009,16.534950770261073],[121.24300859718097,16.535561634006033],[121.24306847342459,16.535591144779918],[121.24342587887033,16.535924779109166]]},"properties":{"ID":0,"RIVER_NAME":null}},{"type":"Feature","geometry":{"type":"LineString","coordinates":[[121.2284886968924,16.52186386905374],[121.22971298818696,16.52280245821632],[121.2306975452773,16.52365199031854],[121.23123268347113,16.524323672629496],[121.23191182698429,16.525692727915764],[121.23208378528179,16.52662239011569],[121.23213864099048,16.52720298330798],[121.23223384682461,16.528306033937273]]},"properties":{"ID":0,"RIVER_NAME":null}},{"type":"Feature","geometry":{"type":"LineString","coordinates":[[121.22727569532765,16.522984822363107],[121.22808248295581,16.523542792520896],[121.2290361748542,16.524479089323943],[121.2298092060599,16.52544285699552],[121.23034540223442,16.52599852498352],[121.2307935116195,16.52632139395107],[121.231451568996,16.526704053830997],[121.23213864099048,16.52720298330798]]},"properties":{"ID":0,"RIVER_NAME":null}},{"type":"Feature","geometry":{"type":"LineString","coordinates":[[121.20056097126557,16.51953661138112],[121.20041339365366,16.520683796888306],[121.19998816019418,16.52220974563483],[121.19927244800834,16.52339327331371],[121.19867627678106,16.52435121985351],[121.19843454921285,16.52508561406055],[121.19836689244417,16.52604811946315],[121.19835690879023,16.527124427121024],[121.19869980341059,16.528147128113755],[121.19921782828511,16.52928464455774],[121.19955495253863,16.53093047041437],[121.19966085013857,16.532177734982646],[121.19970737486048,16.533494176687274]]},"properties":{"ID":0,"RIVER_NAME":null}},{"type":"Feature","geometry":{"type":"LineString","coordinates":[[121.13001039560955,16.48325849011138],[121.13061538606404,16.483948426021936],[121.13122241909879,16.48442593860428],[121.13219684752788,16.484859521311023],[121.13312529670941,16.48498583123377],[121.13403109406224,16.48492309912806],[121.13479169760755,16.484693837011648],[121.13552919276981,16.484322738923456],[121.13611719922591,16.484233560439623],[121.13687441143684,16.484358327973453],[121.13750795724232,16.484623619126424],[121.13828579929735,16.485149842676943],[121.13903489727895,16.486124294452132],[121.13964150886774,16.486648990401843],[121.14022478788489,16.48705545461239],[121.14078450781341,16.487367289732813],[121.14179589641104,16.48777755485398],[121.14242878564528,16.488113640584622],[121.14335185999806,16.48880636959705],[121.14417641258501,16.489569034713384],[121.14540965591318,16.49109066931747],[121.14627910773319,16.492278608971777],[121.1467240468418,16.493085109889353],[121.14705920962743,16.49380506825494]]},"properties":{"ID":0,"RIVER_NAME":null}},{"type":"Feature","geometry":{"type":"MultiLineString","coordinates":[[[121.26913567440062,16.77495756267585],[121.2685692431946,16.7746727637112],[121.26810986433985,16.774613519154553],[121.26764923142927,16.77469272092001],[121.26701463716962,16.774936607695047],[121.26634979235793,16.77534638713469],[121.26579815721023,16.775950958095308],[121.26527325117823,16.776777284665684],[121.26483004488033,16.778102745275202],[121.26474887956549,16.77875492494696],[121.26467300650522,16.77956907321938],[121.26475320275765,16.780234345522498],[121.26497359712035,16.78128848034541],[121.26548725631991,16.783286597333586],[121.265792380606,16.784507594533164],[121.26587057063061,16.785394381927745],[121.26580051557468,16.786778368044928],[121.26554387053801,16.788133090387262],[121.26507641396076,16.788959896678612],[121.26443522663101,16.78992369427908],[121.26362307351594,16.790719898179702],[121.26278468722498,16.791238962098603],[121.26162959750647,16.791810730514086],[121.26090719039212,16.792219999607898],[121.26022587999802,16.792851144790905],[121.25935696398938,16.793563774953554],[121.25886476055918,16.793947291319274],[121.2581146049391,16.79424554892914],[121.25747917593601,16.794572466448326],[121.25688484082058,16.795121261025628],[121.25636034318472,16.79589217639487],[121.2560955636257,16.796554525761774],[121.25588624986634,16.797438875730794],[121.25547571252271,16.79832151923643],[121.25538340171836,16.798985329285724],[121.25552105876679,16.799651089242765],[121.2560596454601,16.800486396332456],[121.25661438019544,16.80112799958355],[121.25718602015284,16.80149283104399],[121.25818936470729,16.80180593403424],[121.2586474133557,16.801909328348795],[121.25928097284762,16.8018982480557],[121.2609212895283,16.801718281547323],[121.26236113527489,16.80145353413754],[121.2632547955204,16.80118416604297],[121.26377651329568,16.80071781493871],[121.26421148600237,16.800306113356726],[121.26444523296436,16.799892713283057],[121.26450650161746,16.799477858009613],[121.26448555918692,16.798619245612574],[121.26438947920488,16.798119988586375],[121.26445024358524,16.79776051192996],[121.26468423806348,16.797319421789634],[121.26520795393623,16.79663155063253],[121.26550094579298,16.796024807646997],[121.26579544454707,16.79525192774889],[121.2662911589867,16.794480742395233],[121.26672460324434,16.79423516981923],[121.26704080320991,16.794237832672298],[121.26747022648827,16.794435288914013],[121.26772391201112,16.79499125496389],[121.26777587683146,16.795600905930115],[121.2677131099631,16.796181899547758],[121.26747635989369,16.796927577385386],[121.26686339639181,16.797947001307687],[121.26639893433061,16.798441535566646],[121.2658484829421,16.798907652312625],[121.26555598996705,16.799459016589264],[121.26532023288925,16.80009393311034],[121.26531494856258,16.80067540968565],[121.26554089398984,16.80112037845216],[121.26585534416877,16.80131686974746],[121.2664577633797,16.801460404457156],[121.26723266305048,16.801605390346236],[121.26766159975068,16.801858226393946],[121.26785855405707,16.80233064051261],[121.26785327671645,16.80291211774578],[121.2676742613013,16.80363058937428],[121.2674243823903,16.804237697803273],[121.26729908645483,16.805371993706007],[121.26731752488298,16.806507500266438],[121.2671329701141,16.807835136790754],[121.26683970977064,16.80846956959685],[121.26648995834566,16.808992759674585],[121.26588248205694,16.80940300985864],[121.26530551350972,16.80961967515837],[121.26481604637472,16.809698619843317],[121.26409861261497,16.80955410743725],[121.26312421572186,16.80921358232168],[121.26257876699054,16.809125900276285],[121.26200331002744,16.80917642030755],[121.26135446975182,16.809392466733126],[121.26057500131955,16.809745863057202],[121.26019774598434,16.810130351066555],[121.26010493643753,16.810849542023185],[121.26018259319693,16.811791706470764],[121.26028925095508,16.81270642488462],[121.26050913458323,16.813815941028206],[121.26079080991515,16.814455226162522],[121.26114688293438,16.81481822638857],[121.26160655417715,16.814892390273865],[121.26223503553287,16.81529818152784],[121.2641306767009,16.81550803733082],[121.26565284288674,16.815687033896452],[121.26697276549908,16.815975080349578],[121.26774520830206,16.816396963152073],[121.26837391034071,16.816817632478088],[121.26859912432305,16.8173456677455],[121.26876508145985,16.818067044124355],[121.26867229698757,16.818786241066608],[121.26852377327951,16.81931112796204],[121.26814500246152,16.819861766057596],[121.26756699651614,16.820189192164403],[121.26716425368862,16.82021348828189],[121.26679227407409,16.82001651142107],[121.26619105635565,16.819734525863577],[121.2647591372779,16.819113229683296],[121.26381318868992,16.81880063549],[121.2630667211506,16.818683562918075],[121.26237750053626,16.818594663089197],[121.26180251960655,16.81858980132747],[121.26137002154687,16.818724600219205],[121.26108025813363,16.818971371350447],[121.26093297673425,16.819357804566774],[121.26092539935267,16.820188481885584],[121.26086838212366,16.821711025171254],[121.26085827698017,16.82281859462285],[121.26104992516157,16.82387248873733],[121.26144585583495,16.824595814879807],[121.26190130962966,16.825098112966884],[121.262245300063,16.82521178814092],[121.26281979631325,16.825272029033883],[121.26374181668572,16.825058291356374],[121.26463483322924,16.824871995809886],[121.26567059061246,16.82479766682918],[121.26647382884236,16.824998285314166],[121.26720217267012,16.825530566516452],[121.267628391245,16.826087989645576],[121.26773684819149,16.826808881771015],[121.26772904518754,16.827667250817765],[121.26763801073649,16.828192620617227],[121.2674327283478,16.828633952458777],[121.26708419506832,16.829018692738412],[121.26639090336135,16.829372831619462],[121.26569886946281,16.829588521470363],[121.26486333246926,16.829775305328305],[121.2637395292741,16.83004272344059],[121.26248558724404,16.830392108472005],[121.26118826230145,16.830768809551543],[121.26038020412153,16.83109426366967],[121.25994691736024,16.8313121242696],[121.25960089438514,16.831419957958445],[121.25931414397658,16.83133445402931],[121.25894544293384,16.830777502487795],[121.25843501507656,16.82999781825827],[121.25806758469882,16.829302419669997],[121.25778640828578,16.828607752139103],[121.25736021566414,16.82805031086461],[121.25661777208667,16.827490185390552],[121.25615903424989,16.827347835458003],[121.25558402883082,16.827342953843743],[121.25479187513764,16.827502373795507],[121.25415708594633,16.827746201780418],[121.25340500972689,16.828238251932067],[121.25262290969243,16.82886849987503],[121.25204205831926,16.829500456944345],[121.25186320369738,16.830191216060957],[121.25182759308916,16.83093857654648],[121.25210570089756,16.831965519353997],[121.25248723408733,16.832688738288393],[121.25299891194972,16.833329990063184],[121.25352644843021,16.83374654645159],[121.25357358579552,16.833329785892683],[121.25350432988073,16.83300937321425],[121.25326309842308,16.83254844418868],[121.25271010926747,16.831445215668296],[121.25257032598402,16.830943432928677],[121.25253262523601,16.83033127558769],[121.25263712995987,16.829956719389376],[121.2528577702569,16.82951362399463],[121.25325050960679,16.82919714017882],[121.25374469087134,16.828839801685294],[121.25455661714146,16.82847125643648],[121.25501937313332,16.828391755390136],[121.25550327550867,16.828368054435117],[121.25583482312035,16.82842649124973],[121.25618004474224,16.828568476035574],[121.25640925973991,16.828765097303826],[121.25685020085041,16.82949192051412],[121.25720541106588,16.830120677804405],[121.25753200293433,16.83072138105652],[121.25772916797068,16.831265364486818],[121.25790467770715,16.831809164122923],[121.25810375176751,16.832144582370642],[121.25837628561115,16.832341569295668],[121.2587365894259,16.83241415131682],[121.25919871905937,16.832404163305792],[121.25980649476466,16.832256354121828],[121.26079243923594,16.831805826280885],[121.26172050245412,16.8313687088822],[121.26221277344294,16.831219914570372],[121.26326228218225,16.83092287152335],[121.26420262021716,16.830722238444082],[121.26492474824309,16.83070052868255],[121.26547413272583,16.83062173589492],[121.26616890413493,16.83043292515679],[121.26670486214844,16.83024277190847],[121.26714722861932,16.830024016716482],[121.26743800093807,16.829803981925743],[121.26767253991508,16.82941660677581],[121.26782222320423,16.828833839125448],[121.26791175458865,16.828514768127377],[121.26808816236526,16.828168618537852],[121.26830952404447,16.82764207644898],[121.26842311037537,16.827059003723672],[121.26841435863642,16.826433183350858],[121.26836115822188,16.82593213766022],[121.26813395436132,16.82551305821647],[121.26777744947611,16.825023361140513],[121.26746223515205,16.82475649937496],[121.26703114610102,16.824530376353973],[121.2663613413482,16.824357860426435],[121.26517877116129,16.8242088247244],[121.26450010538099,16.824216999111613],[121.26347431844269,16.824291765191557],[121.26282440011511,16.82431408240537],[121.26257213295055,16.824270233121904],[121.26229897107399,16.824142774158382],[121.26214193923482,16.823946769858004],[121.26189993436462,16.82356927594484],[121.26181686313791,16.823179220833985],[121.26176583583279,16.822441800657476],[121.26198515552264,16.82115044918137],[121.26228323786773,16.820127442963237],[121.26246638921025,16.819833500621108],[121.26257577287481,16.81971275263527],[121.26290186434038,16.8195764544899],[121.26333528018557,16.819545353620054],[121.26385813361256,16.81960191648122],[121.26441502218897,16.819884729247175],[121.26507860607319,16.820342259693973],[121.26568742294627,16.82086885342869],[121.2660473933904,16.820976181954027],[121.2667685998638,16.82105179311404],[121.26730127214384,16.821021521189255],[121.26784407285487,16.820869660252356],[121.26847789194831,16.820631655387185],[121.26895008531014,16.820305377808925],[121.26936908606756,16.81987435987862],[121.26957058819819,16.819545801029356],[121.26968328010487,16.819060057410397],[121.26974230719728,16.818521716284113],[121.26972725825824,16.81819133400698],[121.26960724748109,16.81749504877866],[121.26940587440285,16.81681546040227],[121.26913945005624,16.81634390664306],[121.26869241411225,16.815888213435567],[121.2682445911247,16.815519422117433],[121.26772395668006,16.81521954386927],[121.26676991852304,16.81495077452471],[121.26579704785209,16.81476875134457],[121.26458927370804,16.81461950456512],[121.26328146151896,16.814556314899203],[121.2627769840634,16.814465143361577],[121.26227361577529,16.814252307245592],[121.26178845238208,16.814022242090385],[121.26155576513167,16.81381169279174],[121.26139684365278,16.81342794893077],[121.26129760363577,16.812436346125562],[121.26118396313552,16.81104483967047],[121.26121451602395,16.810662698019513],[121.2613617269457,16.810351070046337],[121.26165250450613,16.81012756477903],[121.26201451081697,16.81000895203846],[121.26250156445694,16.810030449909526],[121.26331216067106,16.81019373415282],[121.26428358157791,16.810532191361464],[121.26478820800573,16.810605977819993],[121.26520355842864,16.810574718779446],[121.2658724863917,16.810441306467535],[121.26650658723753,16.810168543406593],[121.26729643623038,16.809636362656512],[121.26769768530569,16.809170432749717],[121.26802769982426,16.80859961068155],[121.2681948361421,16.808079561964895],[121.26829389403316,16.807107010915416],[121.26836351758287,16.806394940049074],[121.2684967693691,16.80563125909318],[121.26864869501816,16.804798207555347],[121.26896538318675,16.803705814027506],[121.2691793560535,16.802994957027032],[121.2692005527683,16.80264749751784],[121.26913263157311,16.802177614913287],[121.26890199782827,16.801741126934083],[121.26868846327142,16.80140907401941],[121.26827675968896,16.80104058913381],[121.26769253500545,16.800792324125908],[121.26690080554751,16.800542309638963],[121.26654102974045,16.800417605396735],[121.26639857179434,16.800207822519663],[121.26636437802324,16.799998951881822],[121.26647532518125,16.799704394845122],[121.26682273664574,16.799203247262188],[121.26789915492961,16.797908670382228],[121.26862197272973,16.79680231246379],[121.26882549640658,16.796247804039076],[121.26886757186192,16.795587645771413],[121.26881706549499,16.7951874371541],[121.2686418306027,16.794612360199604],[121.26843953145334,16.794037055445234],[121.26817203244562,16.793687166621748],[121.26777760021159,16.793405736792042],[121.26745423874696,16.793246577853658],[121.2670579159257,16.793173713580504],[121.26675086365007,16.793205891718628],[121.26635154339024,16.793463256697393],[121.26575027227948,16.79410132048575],[121.26503836747649,16.794999177556424],[121.26456165415466,16.795829487659585],[121.26409729109737,16.79728564748887],[121.26393775576285,16.79796219409411],[121.26385910015766,16.798674186640802],[121.26383536576846,16.799299733238957],[121.26365081645812,16.799750104078868],[121.26332286320228,16.800094973074454],[121.26285071501964,16.80042124208916],[121.26199900803446,16.800813831053144],[121.26083168544696,16.801186366393623],[121.26009029566436,16.801353915655923],[121.25942234904129,16.8013830289824],[121.2588816619938,16.801308926327764],[121.25825186562184,16.801112395183228],[121.2576225466889,16.80086372083834],[121.25706635757044,16.800511373450114],[121.25665483927237,16.800125487079324],[121.25637089971458,16.799601626888563],[121.2563326166486,16.79885388507246],[121.25626631552078,16.798210196583142],[121.25641669719546,16.797550962510275],[121.25669306535963,16.796927559226386],[121.25720637729043,16.796045435128526],[121.2579632706479,16.79516537138667],[121.25861758986429,16.79464945458519],[121.25956028253084,16.794170738010767],[121.26037698415972,16.79365618807273],[121.2616284607425,16.7929541069253],[121.26310657530848,16.792132256997675],[121.26405050954025,16.79151447322503],[121.26485072464051,16.79082594557858],[121.26539691089555,16.79029171073254],[121.26572720923171,16.78968612785124],[121.26608725178056,16.78878530263218],[121.26635720312194,16.78687556787353],[121.26640054343237,16.786076365587146],[121.26628115238456,16.78431978861106],[121.26613028278946,16.78304963963616],[121.26602612902492,16.782596833242355],[121.26572221801158,16.781290631589414],[121.26547893384571,16.780263050679427],[121.2653942442193,16.77965397094572],[121.26545294451833,16.77915039022285],[121.2656488514803,16.778439381998098],[121.26600347308523,16.777138724755027],[121.26624211518411,16.776688803880003],[121.26664407725774,16.776135965471134],[121.26713656040634,16.775549123693008],[121.26770739312829,16.775275813928342],[121.26843110602111,16.77505593329892],[121.26913567440062,16.77495756267585],[121.26976760385912,16.774910725328123],[121.27063454624205,16.77481371315334],[121.27105091863886,16.774660770464095],[121.27116108613143,16.774523349884948],[121.27135998357251,16.77440263477196],[121.27206926124674,16.77378283450702],[121.27327812888161,16.772784815724794],[121.27445803995597,16.771995129955236],[121.27520103018699,16.771636329290445],[121.27601492975565,16.7714171749493],[121.27673642822566,16.77144059244943],[121.2772047213268,16.771531418493016],[121.27788779014385,16.771815240789994],[121.27881160493892,16.772413948486633],[121.28042049100196,16.77407867488655],[121.28113700145072,16.774658261103436],[121.28174557799842,16.775202180867705],[121.28273659332453,16.776357658870822],[121.2830411202939,16.776603545887095],[121.28331128102539,16.77665794365913],[121.2839066650609,16.776662904636833],[121.28470160241838,16.776547851327543],[121.28538688450202,16.77658832067526],[121.28616175362956,16.776699061398105],[121.28664717329757,16.776894302255517],[121.28734769678644,16.777247769264363],[121.28791415286031,16.77746106318348],[121.28850876276306,16.777552915022913],[121.28903213847033,16.777539880997452],[121.28946608148412,16.77743919254183],[121.2897563096162,16.777267781584122],[121.29019336089809,16.776819475455287],[121.29041452809346,16.77629984827088],[121.29128300585114,16.77401261635574],[121.29139482870666,16.773613755319225],[121.29160883081317,16.772885481382094],[121.29170416323177,16.772312662175867],[121.29179654496083,16.77207007853308],[121.29203310369986,16.771846072126397],[121.29261214094639,16.771659667859446],[121.29290065067488,16.771679440511438],[121.29327766194487,16.77189114923368],[121.29368827583303,16.77238124964139],[121.2943488396787,16.77316891498773],[121.2951000827679,16.773905182634905],[121.29558442226663,16.774222068651397],[121.29619521133039,16.77452261732992],[121.29695049240937,16.774806976736006],[121.29780361384013,16.77524858138601],[121.29850322785558,16.77570629710986],[121.29932620186605,16.776495290292946],[121.29993437712578,16.777091304160432],[121.30023692069479,16.77756311946826],[121.30043152138191,16.77799927945891],[121.30075355965397,16.779322981382506],[121.30092656684953,16.78015875283017],[121.30102740515701,16.78099392883943],[121.30109127727565,16.781579261416237],[121.30123257668056,16.78125635388805],[121.30143691461363,16.780597516786443],[121.30153515876057,16.779694453981918],[121.30141442255315,16.77906770000356],[121.30122213571364,16.778370827178247],[121.30122599734085,16.777936304657963],[121.30137326967503,16.777607257862936],[121.30187344454349,16.777159445255812],[121.30196643430307,16.776847332554425],[121.30198864471511,16.776378196702318],[121.30188425184012,16.775942781595518],[121.30152819778871,16.77540099861475],[121.30120977387392,16.774685703667046],[121.30104470785865,16.773971673108157],[121.30099660554141,16.773293371405348],[121.30109252826988,16.77265102168394],[121.30153633621435,16.771437927673674],[121.30197127142885,16.770207376801242],[121.30203295715091,16.769356157615057],[121.30200181209817,16.76879967075932],[121.30188123201293,16.768155535986804],[121.3017479283347,16.767928469002054],[121.3014970480567,16.767735197349804],[121.30095874345044,16.767400498543232],[121.30045652319863,16.767066096044587],[121.30017079868036,16.766733478149916],[121.29990404308465,16.766296723305523],[121.2997267216036,16.765947616910218],[121.29971269703648,16.76549556447126],[121.29982372369196,16.765183601027395],[121.30026134072725,16.764665744681178],[121.30105214244671,16.763994358765302],[121.30186861159814,16.763479620578863],[121.30266826918917,16.76282568266929],[121.30308752403745,16.7623424323578],[121.30332621530053,16.761875077214054],[121.3034756264438,16.761302693679333],[121.30360290605063,16.7601738967909],[121.30357329597837,16.759443599885287],[121.30352318033323,16.75899124977838],[121.30340136537386,16.758486163037908],[121.30313491983115,16.758014650515435],[121.3028857452728,16.75763019098125],[121.3025775923376,16.756775925852114],[121.3023318116491,16.756009084998805],[121.30216096783653,16.754929981022354],[121.30211255137836,16.7542864403585],[121.3020793800198,16.75374225316313]],[[121.30017215726424,16.75270846736571],[121.30016633677414,16.752920765105166],[121.30021373664334,16.754056528621618],[121.30035178194555,16.754694582810863],[121.30150530751988,16.75750098147606],[121.30216572442173,16.759195634377836],[121.30230156759264,16.760082897959474],[121.30224015536525,16.760525464718548],[121.30200482263947,16.761132751186157],[121.30156707171926,16.76187682975039],[121.29986849478006,16.763801268178867],[121.2991710708896,16.764653966212613],[121.29887774678915,16.76531615305979],[121.29881410770463,16.76600792718087],[121.298864203858,16.766839099862878],[121.29908699797825,16.76764400593763],[121.2998110569016,16.76864689183893],[121.3003485445305,16.769620544987948],[121.3004573619195,16.770313742083662],[121.30056273488104,16.771394598485443],[121.300439889678,16.772279728579306],[121.30007199074323,16.773245912578577],[121.2999798537767,16.773909759601906],[121.29997394492939,16.774574318064477],[121.29991301187283,16.774961502752877],[121.29970984049301,16.77518136168648],[121.29904825702674,16.775231284121755],[121.29827441220442,16.77497566569538],[121.29753079205922,16.774554142678657],[121.29693212297713,16.773995355875854],[121.29467971263217,16.771927522853016],[121.29388208655281,16.771117854585164],[121.29356863822424,16.770810648086766],[121.29316871692752,16.770530416819458],[121.29282455107818,16.770444490034183],[121.29236492211218,16.77041298964441],[121.29193279910587,16.77052017564457],[121.29158517099097,16.770821904386825],[121.29107376762248,16.771759187141132],[121.29042955146348,16.773083052130698],[121.29027989611176,16.77374641474128],[121.29018623940965,16.774576392976712],[121.29000660029281,16.77537796549359],[121.2897717025572,16.775929852347797],[121.28936607899658,16.77628647825671],[121.28867327043181,16.77661302573004],[121.2881841413722,16.77666434521194],[121.2877254913874,16.77652207416951],[121.28715410269078,16.776129638492247],[121.28638126745844,16.775763217570038],[121.28580864264747,16.775509227235],[121.28532050972326,16.775449781224903],[121.28483188038958,16.77544571351188],[121.28408183143426,16.77574407678624],[121.28353322973894,16.776016424014717],[121.28324555146877,16.776041718499734],[121.28301610514586,16.775984422674448],[121.28273116289571,16.77570512993797],[121.28206441314707,16.77473035947297],[121.2812950796464,16.773976265507955],[121.28018532511618,16.772720876575846],[121.2796134663321,16.77238380160293],[121.27895712723237,16.771852177525563],[121.27844300709772,16.77148789022847],[121.2779863732705,16.771124082237083],[121.27739940417648,16.770869950619073],[121.27685405289043,16.77078231566402],[121.27607801699983,16.77077582450406],[121.27538645964668,16.770963879247315],[121.27443547271784,16.771232834106033],[121.27391586549804,16.771477706890867],[121.27347998353957,16.77200019635274],[121.27312957580234,16.772606476022435],[121.27277095839459,16.773203528575834]]]},"properties":{"ID":0,"RIVER_NAME":"Alimit River"}},{"type":"Feature","geometry":{"type":"MultiLineString","coordinates":[[[121.45382188308729,16.824366942982884],[121.45375826657548,16.82434451975527],[121.45362046849615,16.824119360078374],[121.45367046157483,16.823693903075082],[121.45379517025854,16.82266387672411],[121.453742269034,16.822013522626353],[121.45367380297975,16.82164942755337]],[[121.4181511560031,16.79070474405963],[121.41785162587468,16.790677333377424],[121.41761860583277,16.790720366287516],[121.41752350395086,16.79096616739102],[121.4175665060418,16.791392326295682],[121.41775058354241,16.79164027354011],[121.41798193406737,16.791798935913434],[121.41830745867408,16.791823849605407],[121.41884366734175,16.791693497109268],[121.41895139322354,16.791694324588157]],[[121.42114536064892,16.79440734011892],[121.42113537810046,16.794512594022358],[121.42134235803974,16.794805538357707],[121.42166511016129,16.795166606583134],[121.42203328332755,16.795662494951987],[121.42240071770453,16.796248025325117],[121.42281635166039,16.796632216129467],[121.42313910955522,16.796993282477832],[121.42323032162494,16.797218101964454],[121.42332023840812,16.797599795891315],[121.42324747979072,16.797957831266665],[121.42309254989694,16.798404885081382],[121.42309032860672,16.798673812683123],[121.42322714762933,16.79901104197707],[121.42364167859014,16.7995296954864],[121.42424271042354,16.800004952631195],[121.4252143397493,16.800684753779873],[121.42567559702157,16.801181349391953],[121.42617987839242,16.802104102658426],[121.42642971124542,16.802845612209246],[121.42664630871963,16.803385158691768],[121.42685238237529,16.80379015208045],[121.42722261603824,16.804039515982353],[121.42747651749451,16.804287989995085],[121.4275212042183,16.804512452408776],[121.42744881887208,16.804825668148528],[121.42726009953232,16.805137994369314],[121.42704995998857,16.805226035815398],[121.42686401074047,16.805202201678718],[121.42660936996273,16.80504336952547],[121.42584748365658,16.804320354218927],[121.42536202797925,16.80393563359281],[121.42522298330162,16.80386733300051],[121.4249670511164,16.803865373557308],[121.42475654223183,16.803998233978604],[121.42463669451291,16.80442314521159],[121.4245164761521,16.804892877583068],[121.42437539581672,16.80507109335973],[121.42407200338099,16.805180829361976],[121.42372281763657,16.805200565786052],[121.42342053558349,16.805175837040107],[121.42309609805295,16.805016465771267],[121.42291163145006,16.804813343175592],[121.42263613626776,16.804362990024615],[121.42240680489631,16.80395781470068],[121.42222196946335,16.803799512840452],[121.4217592336131,16.803482194695583],[121.42093605506903,16.803139697134963],[121.42040333850083,16.80284425104709],[121.41982520420346,16.802413982751624],[121.41929434748016,16.80189442823547],[121.41908810662824,16.80151183931387],[121.4189300694965,16.80092791260123],[121.41874635379656,16.80063514457391],[121.41863187985662,16.800410144654315],[121.41844723670638,16.80022942932535],[121.41823839940878,16.800160587878743],[121.41802937655908,16.80011415680757],[121.417843248364,16.800112725592015],[121.41746950573524,16.800289147207383],[121.41728170512204,16.800489410568968],[121.4172321998785,16.800847621648867],[121.41729939677367,16.80116190651859],[121.4176670106827,16.80172503414727],[121.41854444257945,16.80253861306254],[121.4203022968789,16.8038071919155],[121.42083353231182,16.80428192322681],[121.42108649795446,16.80464245744101],[121.42113025001663,16.80497897359984],[121.4210107644607,16.80535906075317],[121.42075334709592,16.805536380646533],[121.42028597209371,16.805779323797225],[121.41979625710977,16.8059100341197],[121.4193076553846,16.805906279759515],[121.41856330538828,16.80587814603158],[121.41816851403372,16.805785462255287],[121.4178438948506,16.805648493552464],[121.41745133463895,16.8052868817748],[121.41719874727939,16.804881522508023],[121.41692661236131,16.804027772863332],[121.41669766587061,16.80357777111372],[121.41642162980334,16.803194642631823],[121.41612139859456,16.802923387468333],[121.41579734389829,16.80271918439935],[121.41551889228433,16.8026273919925],[121.41521624428383,16.80264747269338],[121.41505226357425,16.802780681202137],[121.41503672220921,16.80325121283681],[121.41488949262857,16.80416896907882],[121.41469907905568,16.804682976868385],[121.41434561190422,16.80521813943503],[121.41387599562873,16.80572999361703],[121.41366324226288,16.806131768009067],[121.41354280968044,16.806623902020014],[121.41356309528726,16.80698264967734],[121.41370985811926,16.80752166846433],[121.41370669074053,16.807902647161974],[121.41365810730485,16.80814880384972],[121.41354084082238,16.808259959016578],[121.41326200998094,16.808212984017512],[121.41284581467471,16.807896005314227],[121.4124538199608,16.807467152985282],[121.41220273319799,16.806882504343413],[121.41215918341513,16.806523577146837],[121.41230624235205,16.805628234833897],[121.4122643705477,16.805067613112325],[121.41212850053628,16.804618325485386],[121.41192208578315,16.804258140943766],[121.4115293539255,16.803918929505713],[121.41115895700933,16.803691949594484],[121.41046357869863,16.80337281045942],[121.40982580845464,16.803121350230874],[121.40954848038034,16.802895087075964],[121.40943457692062,16.80260285146242],[121.40943775176669,16.802221873361074],[121.40958481812842,16.801326533440687],[121.4096136857585,16.800654398851588],[121.40952715697726,16.7998693125603],[121.40935863812838,16.7991508281873],[121.40931658798995,16.798612616869203],[121.40936685381139,16.798164766895272],[121.40948467585716,16.797986382223023],[121.40976647719711,16.79767479319657],[121.40995558847743,16.7973176636283],[121.41002725151036,16.797094097998887],[121.40995932111475,16.79686945375221],[121.40968200127102,16.796643191406535],[121.40928667437719,16.79661772395459],[121.40905401938485,16.79661592538798],[121.40875026055646,16.796770460229023],[121.4084438859373,16.7972387412596],[121.40832456887324,16.79759640910505],[121.40827093772481,16.79844764716416],[121.40819329247348,16.799388346985904],[121.40802594637705,16.799924938162047],[121.40774021318917,16.800707143919634],[121.40738393123637,16.80157845053175],[121.4071013718583,16.801979677164415],[121.40691430759826,16.80209028815923],[121.40665856714753,16.802065895699066],[121.40647393486589,16.801885170476258],[121.40638367701492,16.801548292920216],[121.40643226721659,16.801302138456528],[121.40657448253087,16.80098947342639],[121.4069737451259,16.80054432730702],[121.40720958354866,16.80016515086999],[121.40735404024089,16.79958355957234],[121.40737973658878,16.799292403676972],[121.40728891700513,16.79902275778676],[121.40715007031848,16.79893203533739],[121.40647685993376,16.798747527453266],[121.40573366679939,16.79858488713379],[121.40529274172796,16.7984469989751],[121.40485275359481,16.79819705774657],[121.40427429688097,16.797811570593108],[121.40388009337478,16.797651630049323],[121.40332284438988,16.7975128356021],[121.40273013561688,16.79744100006911],[121.40235807475796,16.797415699831845],[121.40217288835677,16.797302202627836],[121.40203460828504,16.79714424580462],[121.40199201617784,16.79667326591509],[121.40211265683129,16.79615872980947],[121.40230234256566,16.79573437708498],[121.40241979413517,16.795600817684484],[121.40265244713702,16.79560262364391],[121.40286127252122,16.795671480040678],[121.40320687886955,16.796077575750733],[121.40341289415251,16.796482588001805],[121.40364404940962,16.796663676337623],[121.40387614182319,16.79673271230849],[121.40410917099692,16.796689695878488],[121.40418046578237,16.79651095370171],[121.40420597879348,16.796242208930725],[121.40413899214447,16.795905511191883],[121.40397913174195,16.795545681300087],[121.40400445747076,16.79529934697571],[121.40414592207065,16.795076325145807],[121.40449808411358,16.794698053517376],[121.40495587394395,16.79420854034515],[121.40505118064345,16.793940336195558],[121.40498419291156,16.793603638601258],[121.40480013138287,16.793355681231848],[121.40452263579421,16.793151823258306],[121.4038959786045,16.792967669471025],[121.40324624518679,16.792760922960465],[121.40280702222344,16.79242133687087],[121.40253140472169,16.79199337225614],[121.40244228174979,16.791522031114024],[121.40244865481134,16.79076007668025],[121.40244189578591,16.790177315328382],[121.40237641292026,16.789661333859332],[121.40219442027957,16.789166859997852],[121.40175839447299,16.788446295237147],[121.40136758773725,16.78788296402264],[121.40123081483725,16.787545723811135],[121.4011872869666,16.78718679578467],[121.40117959322143,16.78671608664013],[121.40106739830252,16.786222154095015],[121.40097565463397,16.78606455848306],[121.40079010440479,16.785995881764393],[121.40048767099144,16.785993532533148],[121.40018504997936,16.78601359326898],[121.399787870966,16.786212213599537],[121.39924828985563,16.786745903899167],[121.39884885464242,16.787213446920084],[121.3986145216682,16.78741333105538],[121.39819520137195,16.78747730462283],[121.39775336840853,16.787451454736786],[121.3976837636081,16.787428501190888],[121.39721923072075,16.78733523798659],[121.3968719597143,16.787130827689296],[121.3962702885065,16.786745140748767],[121.39576111169568,16.786427408408922],[121.39525024259196,16.786311368150916],[121.39471516869652,16.78630719704772],[121.39427202117581,16.786438212375955],[121.39362886718912,16.786836608021652],[121.39313749321815,16.78716895068318],[121.39292641911561,16.78736900940277],[121.39301834484132,16.787504197737704],[121.39343710058505,16.787507465873617],[121.39404310046605,16.78737772297142],[121.39457911878425,16.78726984434727],[121.39523089283581,16.78723010203359],[121.39590348486125,16.787481873582184],[121.39641285270139,16.787777195435407],[121.39699201515069,16.78807305959843],[121.39747943799699,16.788211325297755],[121.39824640985105,16.788306941381926],[121.39882689200581,16.788445928018945],[121.39917379207685,16.78869515616543],[121.3995407656167,16.789325541414062],[121.40041243079547,16.790811499240384],[121.40060417560537,16.791530168763053],[121.4005765944222,16.79204542725037],[121.40054657306845,16.79285202090025],[121.40049535080811,16.793411919281187],[121.40037714862373,16.79363511919619],[121.40018990191771,16.793768134921937],[121.39977150663724,16.793720058561753],[121.39926211782735,16.793424743377763],[121.39856980565429,16.79274700256731],[121.39813209566665,16.79222812421324],[121.39769269593917,16.791910938445014],[121.39739138188823,16.79177412165632],[121.3967870621686,16.791702180113347],[121.39622833166158,16.79174265114865],[121.39594746066315,16.791942168902036],[121.39589867244233,16.792210730498592],[121.39598759094069,16.792704483435365],[121.39621647578745,16.79315450340522],[121.3963065244866,16.793513794159313],[121.3962802483714,16.79387217849949],[121.39618474155333,16.794162787881984],[121.39592581406511,16.79451935897168],[121.39562073188702,16.794830746222846],[121.39519913456235,16.795163636194122],[121.3945696563565,16.79531560918329],[121.39403436894267,16.79533384446451],[121.39361635003272,16.79524093479285],[121.39300133233131,16.795056838967238],[121.39251521725792,16.79476168937089],[121.39200640483067,16.794399126066985],[121.39177601929292,16.794128384597986],[121.39159046557437,16.79405969924516],[121.3913114745314,16.79403510695801],[121.39117112944842,16.794123656998007],[121.390935269438,16.794502813163078],[121.39065287829177,16.794881605105818],[121.39048624490631,16.795328537206117],[121.39052880840644,16.795799517068822],[121.39073498423963,16.79618212940448],[121.39124172134612,16.79679120917581],[121.39154077222963,16.79719695871023],[121.39167734396555,16.797556614474722],[121.39167375704662,16.797982410014544],[121.39155516407995,16.798250424212565],[121.39134483046367,16.798360838756352],[121.39118291615908,16.798247514038724],[121.39111500823664,16.798022865460496],[121.3909332285967,16.797505973561517],[121.39075031651495,16.79712354325937],[121.39028841044056,16.796716518848744],[121.38982612838203,16.79635431410396],[121.3895734239072,16.795971336880125],[121.38950721961953,16.795544995506397],[121.38962600231376,16.79525457225038],[121.38983746698369,16.79500969756008],[121.39018795466703,16.794833145388335],[121.39030560236866,16.794677183292112],[121.39033113427256,16.794408441854777],[121.39031108061184,16.794027285059318],[121.39015181526302,16.79360021588429],[121.3902025010188,16.793107553561235],[121.39044024911372,16.792504295272746],[121.39051457600817,16.79196699407465],[121.39049414408157,16.79163065778473],[121.39042642747664,16.79138359882214],[121.39035720012428,16.791315822176568],[121.39005305974403,16.791515149485388],[121.38965321470234,16.79202749221244],[121.38911377881178,16.792538741515248],[121.38836382187095,16.79318281128974],[121.38745062706735,16.793870422449825],[121.38688980822653,16.794157380116438],[121.38649316809443,16.794288741253467],[121.38617833364945,16.794375919630003],[121.38589934352906,16.794351320023825],[121.38559803584776,16.79421448639016],[121.38522863934897,16.793875412697922],[121.38474462586231,16.793333733533792],[121.38439944526249,16.79288279007239],[121.38426345899025,16.79245590013127],[121.38405824811436,16.791961231548267],[121.38385303820134,16.791466562829964],[121.38357784603839,16.790993756135524],[121.38334804602745,16.79065577588723],[121.3832095973216,16.79052021828478],[121.38295444716577,16.79042856728931],[121.38267508408359,16.790448784253826],[121.38241784671227,16.790603644879127],[121.38222926351055,16.790893514887806],[121.38208625960478,16.791295801390014],[121.38192056000837,16.791630674251664],[121.38161584176615,16.791897218855556],[121.38126421352457,16.792208217382026],[121.38100431302773,16.792676818499224],[121.38090783442216,16.79307946977592],[121.38076387567449,16.79359380579305],[121.380598171486,16.793928677143363],[121.38029420792176,16.7941055785595],[121.38001540980667,16.794058560902158],[121.37943511978234,16.79389711080817],[121.37916871551842,16.793760542994008],[121.37872687447799,16.793734651230512],[121.37830791782675,16.793753762148068],[121.37784128941439,16.79390696635529],[121.37732755941977,16.794127033005743],[121.37660196799108,16.794636778459484],[121.37599326927663,16.79508020861078],[121.37561912402118,16.795301372018635],[121.3752463127354,16.7953656638662],[121.37494482190112,16.795251225277028],[121.37490058068414,16.794981936517434],[121.3750428399581,16.794669297160677],[121.37537198003922,16.79426848649144],[121.37593414770171,16.79382469088316],[121.37717403702827,16.793027652087645],[121.37811033457956,16.792362682829186],[121.37886012892463,16.791741063266272],[121.37944725716123,16.791095748297394],[121.37994170387283,16.790404878554586],[121.3802729165282,16.78975754634859],[121.3803930384119,16.78931025787984],[121.3803606121222,16.78901865092572],[121.38008391171905,16.78872512197311],[121.37959726440121,16.788497175340652],[121.37848324756892,16.78817464055066],[121.37760244665678,16.787786703027777],[121.37655994417803,16.787263017102337],[121.37561183718105,16.786583189608155],[121.37498695249982,16.786197260752704],[121.37447667342788,16.786013939692545],[121.37403618678564,16.785831168601444],[121.37361972784517,16.785558939928027],[121.37332016103937,16.785220399139593],[121.37328717339675,16.784996022306785],[121.37345326216386,16.78461633677189],[121.37373395157614,16.784439260810306],[121.37431782984262,16.78417493177184],[121.37476307827681,16.783797448640595],[121.37506912508053,16.78337404272277],[121.37514177382674,16.78303844132818],[121.37509829573817,16.7826795119665],[121.37491447528352,16.78240912173994],[121.37456628709722,16.7823167272361],[121.37417080999602,16.782313605380963],[121.37372708991836,16.782511806481374],[121.37337623181885,16.782733151702363],[121.37300287270753,16.78286467198571],[121.37272390263885,16.78284005609999],[121.37249260460565,16.78268134689293],[121.37219399840988,16.782230754398295],[121.37196632878839,16.781646252654742],[121.37180577710171,16.781376043998485],[121.37166696155822,16.78128530002365],[121.37131801355761,16.7812825407379],[121.37096811053765,16.781391831347005],[121.37045555573941,16.7814774227959],[121.37022349695566,16.781408351683655],[121.37013197307608,16.78122833457244],[121.37008678454937,16.781071095742902],[121.37020634906085,16.780691044732198],[121.37045577054647,16.78008790502485],[121.3705068819074,16.77955043084819],[121.37048839514733,16.77898999439693],[121.37042128113721,16.778675700911403],[121.37023632460486,16.778539767893555],[121.37009655641519,16.7785610735494],[121.36993352534972,16.77858219500922],[121.36974627576656,16.778715182663305],[121.36953327800946,16.779139317096302],[121.3691517021174,16.78023446428705],[121.36860670523178,16.781395550601378],[121.36808706955657,16.782310308432397],[121.36759298921436,16.782956328187066],[121.36684377382093,16.783510676875203],[121.36635294309865,16.783775722258294],[121.36607301531379,16.783863147504558],[121.36577097378995,16.783815927521193],[121.36556371129866,16.78356775543976],[121.36538162965905,16.78309566755265],[121.36536354199445,16.782490412049853],[121.36546023691221,16.78206536002548],[121.36581320950013,16.78159751855606],[121.3664720485943,16.780728694409827],[121.36666217494711,16.780259559369092],[121.3666888850293,16.77985636292018],[121.36664638065655,16.77938538285552],[121.36641662442213,16.77904738716978],[121.36607112952366,16.778641238491065],[121.36546878757869,16.778345109115662],[121.36435639341038,16.7778432245708],[121.36394015824841,16.77754856881776],[121.36364100479987,16.777165196245576],[121.36359735701689,16.77682867629232],[121.36369194179956,16.77665013525293],[121.36383305144412,16.776471963688746],[121.36418352337965,16.776295454628652],[121.36460282367825,16.776231549134387],[121.36534492460113,16.7765063779769],[121.36599397751928,16.776780466244915],[121.36627178800423,16.776939550738884],[121.36659669867582,16.777031773650698],[121.3668993042774,16.777011761347044],[121.36746143487619,16.776567985450896],[121.36798924302292,16.77605670111077],[121.3683414323124,16.77567849384813],[121.36848368454262,16.775365858145634],[121.36851000668692,16.775007481046885],[121.36844461785688,16.774491496456235],[121.36856437140432,16.774089036006306],[121.36891999658718,16.773307445632774],[121.36908684589389,16.772838122701263],[121.36904529115984,16.772255091967406],[121.36897875429743,16.77187356794375],[121.36897113710654,16.77140286386413],[121.36913817529356,16.770911130552236],[121.36932866544514,16.770397170987078],[121.36933248693245,16.76994896892705],[121.36924077731932,16.769791361884867],[121.36900796846717,16.76981193101049],[121.36858619800545,16.770167178111876],[121.36821152332843,16.77045556235306],[121.36786278694026,16.770430388858433],[121.36751596358447,16.77018111395733],[121.36723988304438,16.769820341091787],[121.36703224929458,16.769616991487425],[121.36680058883589,16.769503097659182],[121.36670524548481,16.769771281108678],[121.36684060594725,16.770265408943093],[121.3670915109603,16.7708500987519],[121.36746006629522,16.771278839349307],[121.36761983921298,16.771638690690036],[121.36768618199451,16.772042624996686],[121.36756566309909,16.77253472527559],[121.36721213928534,16.773069802207324],[121.36678863535967,16.773626735205724],[121.36629821420911,16.773846962799038],[121.36604175512997,16.773912163758308],[121.36545885820843,16.77406442106499],[121.36503937122967,16.77415073880425],[121.36457508453965,16.774034995973643],[121.36432111700968,16.77380886421023],[121.36409175436111,16.773426046629996],[121.36395678318459,16.77288709748793],[121.36387638952664,16.77140729613914],[121.36369623836572,16.770711107226152],[121.36360606731925,16.770374217756107],[121.36339862900485,16.77014845474921],[121.36323656390266,16.770057521313614],[121.36295742306353,16.770055303947448],[121.36279324804971,16.770210880517634],[121.36269655581275,16.77063593176366],[121.36264389245632,16.771352682933777],[121.36270043882301,16.77289952914498],[121.36278792269027,16.77355015921351],[121.36276082278515,16.773998174789313],[121.36266451157643,16.774378405657647],[121.36247611037153,16.77464584676979],[121.36197405134305,16.774865970926232],[121.36155494575482,16.77490746125622],[121.36116044699291,16.7747922657623],[121.36064963741879,16.774676144055327],[121.36034742011691,16.774651327461417],[121.36016112981704,16.77467225624784],[121.36006596639301,16.774918025460263],[121.35992331686874,16.775275474152345],[121.35966646986488,16.77538548676999],[121.3594107763913,16.77536103915906],[121.35913278233562,16.77522435606628],[121.35894899199864,16.774953954008026],[121.35874559488035,16.774257576984475],[121.35847125836482,16.773695103678577],[121.3581728916168,16.77322208463686],[121.35752771361948,16.772499774380616],[121.35681333249234,16.77170967609555],[121.35620093839225,16.771234150225276],[121.35583086898325,16.770984671306312],[121.35536833180481,16.770667219348155],[121.35481352061429,16.770259383866637],[121.3544432622029,16.77003231269478],[121.3541641226351,16.77003008342357],[121.353977450999,16.77009582682446],[121.35381172616512,16.770430675012683],[121.35371212048756,16.77119186914343],[121.35364021300643,16.77143782074004],[121.35354658701573,16.771504307036444],[121.35329032128405,16.771547082104266],[121.35301291668144,16.77134316182696],[121.35273609177472,16.77107201148189],[121.35255250751223,16.77077919484971],[121.35241757075094,16.77024024104789],[121.35216748525404,16.7695658977138],[121.35200735774129,16.76925085685395],[121.35172976464814,16.769069345128525],[121.35140603550204,16.768842641095123],[121.35105807974352,16.76872779999648],[121.3508254654177,16.76872593861683],[121.35061591930065,16.76874667304624],[121.3504990323586,16.768812971820527],[121.35042770186146,16.768991692385118],[121.35044806421338,16.769328026970854],[121.35053879101237,16.769597690465442],[121.35076734822852,16.770070160051276],[121.35083481411604,16.77033963729167],[121.35080865376871,16.77067559952858],[121.35068809355646,16.771167686237927],[121.35042970165512,16.771456966497382],[121.35012401200412,16.771835513368107],[121.35007478147325,16.772148879185824],[121.35007130105002,16.772552257050286],[121.34997554628761,16.772865250232638],[121.3497875169233,16.77308785858392],[121.3491794173067,16.773463981279427],[121.34850152931932,16.773839542560342],[121.34797426135034,16.77428354343376],[121.34743497251077,16.774772269115005],[121.34701451056898,16.774970598480756],[121.34678208290154,16.774946322026203],[121.34666712871262,16.77478851976021],[121.3466452231051,16.774631464211687],[121.34676385886053,16.774363479541677],[121.34711530836992,16.77407495133145],[121.3474200391351,16.773808459093],[121.34746869361648,16.773562323930022],[121.34747063036953,16.773338225435506],[121.34733222079555,16.7732026468222],[121.3470767269715,16.77315577444311],[121.34665801235771,16.773152414823958],[121.34651882840674,16.773106475083296],[121.34645039919624,16.772949046146937],[121.34647656784422,16.772613085241765],[121.34662059548343,16.772098778927475],[121.34664715107641,16.771717998249596],[121.34653704265055,16.7709999499546],[121.34611852359522,16.769629496011937],[121.34596344520267,16.76873179544075],[121.34571319087091,16.768079856211937],[121.34546080584047,16.767674425025366],[121.34488586763194,16.76690782124132],[121.34471470565819,16.766525452997993],[121.34446271247347,16.766075201237864],[121.3442320417794,16.765849234413206],[121.3440238566688,16.765713093569126],[121.34372243398708,16.765598614710076],[121.34344485479853,16.765417092927944],[121.3433306847571,16.76516965013309],[121.34333204316113,16.765012781389093],[121.34354333150283,16.76479036565775],[121.34386995362003,16.76468093328734],[121.34440825013596,16.764304263935802],[121.34464318504642,16.764037214029496],[121.3447860456113,16.763657367494158],[121.34483566889133,16.763299183586053],[121.34479089226359,16.76309712147268],[121.34467536438986,16.763006548222627],[121.344349715131,16.763003932999627],[121.3435793974702,16.763311504098642],[121.34269219164024,16.763685366502518],[121.34185169837157,16.764037189189693],[121.34101295115248,16.764187319997767],[121.34045391537386,16.76427246538005],[121.33996602264781,16.764201302712152],[121.33942153456995,16.76395039223174],[121.33895884951119,16.763655316927466],[121.33861324746081,16.76327153900901],[121.33815290100496,16.762707544931832],[121.33797187758549,16.762123390824094],[121.33774530764636,16.76142681270756],[121.33740088003364,16.760908574680172],[121.33705509105737,16.760547204532486],[121.33673197929275,16.76025325082698],[121.33652419554521,16.76007228384639],[121.33636195851454,16.760003740829383],[121.33615281156057,16.759979641777015],[121.3359659505807,16.76006777898896],[121.33564784500025,16.76053584895396],[121.33527178197805,16.760981038983083],[121.33478039046342,16.761313240115896],[121.33424247654958,16.761645064028297],[121.33370378026008,16.76206652522864],[121.333539981494,16.76217725766578],[121.3333308328215,16.762153155573067],[121.33312266030212,16.762017004719635],[121.33291507380272,16.761813624554527],[121.33287070069466,16.76156674156126],[121.33294301972073,16.761275979617714],[121.33322682809535,16.760740403345995],[121.33355969197747,16.759913876173968],[121.33361070026433,16.759398828583105],[121.33359134268254,16.758950446144542],[121.33341131170948,16.758254240780424],[121.33313726656017,16.757669331852984],[121.33281572738672,16.757196095160797],[121.33265603200995,16.756836223231534],[121.33265837446064,16.756567306628206],[121.33268358618163,16.75634339751801],[121.3328594002555,16.75618793987937],[121.33306971326772,16.756077583536843],[121.33341860856295,16.756080403498387],[121.3339979554192,16.75633160919101],[121.3345769139655,16.756627632863868],[121.33522643347547,16.75683457944031],[121.33601629283795,16.756953011292396],[121.33652781431522,16.756979549694265],[121.33718025786976,16.75685034389224],[121.33806705006793,16.75652132267287],[121.33883890200825,16.75603449202647],[121.33947119200118,16.755546534426976],[121.34003680899873,16.754699456044285],[121.3405692797011,16.753650406554204],[121.3409030686732,16.75271181394362],[121.34106918512313,16.752332156585815],[121.34123355356488,16.752154187446767],[121.34144288731584,16.752155870827057],[121.3417214167574,16.752225344494654],[121.3420441364602,16.752564109737374],[121.34234029943849,16.753283654831147],[121.34256629776674,16.75404745856229],[121.34267580539807,16.75483273741974],[121.34288126248632,16.75528261634212],[121.343064624539,16.755597849214062],[121.34320263135011,16.755778249192147],[121.34329295512576,16.75609273441631],[121.34335711005406,16.75674318034947],[121.34349298454138,16.757170088449314],[121.34374787433974,16.757284192891785],[121.34397969837943,16.75737570040039],[121.34425959346896,16.757288302430652],[121.34440031627375,16.75715496389507],[121.34454413992025,16.756663067608486],[121.34459511718612,16.756148014425918],[121.34457805889832,16.755430712349902],[121.34439702006746,16.754846562356285],[121.34403358839857,16.75383513106446],[121.34378413092507,16.753093551504005],[121.34364942099644,16.75253218452706],[121.34358390803366,16.75203860743167],[121.34347071351766,16.751679115846375],[121.34331003145225,16.75143129985887],[121.34310302528048,16.751160700268986],[121.34296579719003,16.750890661063714],[121.34294408944261,16.750711195440125],[121.34301696955184,16.750353198388318],[121.34317106216109,16.75001826498495],[121.34317338884051,16.749749346764055],[121.34301270856253,16.74950153067921],[121.34271286273118,16.749207773716297],[121.34222752839442,16.74884529168995],[121.34181216656629,16.74846095969279],[121.34172184768362,16.748146474135485],[121.3417265045177,16.7476086379849],[121.34193893742294,16.74725176293417],[121.34217249448183,16.747141582786913],[121.34261479780679,16.747100313596352],[121.34338175380387,16.747173707590857],[121.34384595946933,16.747289491552895],[121.34447433309018,16.74724971194112],[121.34514980500917,16.747143073874486],[121.34575433884955,16.747170333394813],[121.34638077741658,16.747354646836655],[121.34707505973341,16.747763616537327],[121.34744604102454,16.74790105720052],[121.34793428386604,16.74792737899668],[121.34826010134763,16.747907576368835],[121.34844713857,16.74779701643361],[121.3484492642727,16.747550507352504],[121.34833567570244,16.74723583754412],[121.34803563089068,16.74696449776202],[121.34720141001605,16.746599233272175],[121.34678275345946,16.746595879064117],[121.34617667299855,16.746747901848796],[121.34566478797328,16.746766209456737],[121.34527074531259,16.746606169463462],[121.34478463704833,16.746333333037725],[121.3440223331823,16.745722107631494],[121.3433189557057,16.745021707216637],[121.34311350624482,16.744571829192687],[121.34286309180614,16.743942298582233],[121.34252177858299,16.743065512098074],[121.34222543310695,16.742368377790076],[121.34181085989239,16.741894407398412],[121.34123484076554,16.741262258898022],[121.34016091604492,16.74037957989991],[121.33979286777111,16.73990598028532],[121.33951688127547,16.739545177778467],[121.339101738026,16.739138432450485],[121.33863930411306,16.738820951329686],[121.33817667744766,16.738525879119596],[121.33794623928759,16.738277498492803],[121.33787899328941,16.73798560903938],[121.33797552175983,16.73758298139539],[121.33800247173897,16.73715738207872],[121.3378652593039,16.736887340668535],[121.3372789999395,16.736098221005875],[121.33711950403399,16.735715942841257],[121.33712203151833,16.73542461526209],[121.33719413611493,16.735156259475637],[121.3375691666852,16.734823109037325],[121.33768739592811,16.734599947178975],[121.33773585356013,16.734376223469038],[121.33773701956653,16.734241764527777],[121.33752984369787,16.733993571099585],[121.33713700096874,16.733699059424993],[121.33706936836029,16.733451989474045],[121.33707247875132,16.73309343238302],[121.33728917718305,16.73224354488915],[121.33742117102177,16.731773968580963],[121.33744889748823,16.731258729837784],[121.33745667046968,16.730362336722504],[121.33732801306911,16.72910626280673],[121.3373098088499,16.728523419967136],[121.33740536031794,16.7282328410821],[121.33761680453186,16.72798801781858],[121.33798987696798,16.727878963474975],[121.33840985001235,16.727725462948186],[121.33945018934837,16.727106310613664],[121.33982675126107,16.726593875155125],[121.33993045332544,16.726373996765407]],[[121.34246536019475,16.72957246054235],[121.34265859926471,16.729933512594602],[121.34291306641703,16.73009243486205],[121.34316869590299,16.730116897484848],[121.34345038152713,16.730080425080793]],[[121.33787010995911,16.72005977295459],[121.33766366146368,16.71989787665972],[121.3374342150359,16.719537447837748],[121.33701156705447,16.71866000143746],[121.33657515814603,16.718028969149202],[121.3359742178084,16.717598313897742],[121.33546493948337,16.717325275281706],[121.3352335558879,16.717188942900748],[121.33502426097192,16.71718725664077],[121.3349541071073,16.717231514164617],[121.33490584701555,16.717432827846412],[121.33504304381174,16.71770287008758],[121.33550503462604,16.7180651744523],[121.33598989368379,16.718472484884046],[121.33626409771267,16.719034978058318],[121.33630691616585,16.719461139519336],[121.33627880275507,16.720021198225332],[121.33620495556866,16.720491242989294],[121.33622510148373,16.720849987638328],[121.33638594634333,16.72107539689522],[121.33680240786592,16.72132527545985],[121.33740433225832,16.721643880131843],[121.33788978659172,16.721983957586914],[121.33811787740274,16.722501255135686],[121.33806787131303,16.72290425830789],[121.33783104205634,16.72339540391515],[121.3375031304894,16.723661702031723],[121.33694246542458,16.723948537193834],[121.33663877928879,16.724102971795247],[121.33632249288098,16.724369361397144],[121.3359722938547,16.724523420287234],[121.33569263984155,16.724588401398595],[121.33515833790182,16.724516861539374],[121.33492616820934,16.72447016739753],[121.334577330182,16.7244673551404],[121.33436705435999,16.724577716534863],[121.33429436744925,16.724913301012293],[121.33440909016907,16.72509351712568],[121.33491916451467,16.725276920623386],[121.33526605894252,16.725503830581825],[121.33540423345188,16.725661823868403],[121.33544685553248,16.72611039502288],[121.33541795872158,16.726760092208306],[121.33522899145187,16.727094739818355],[121.3349004861031,16.727428262237495],[121.33461985445716,16.727605290479513],[121.33433902766272,16.727804728089417],[121.33419773803921,16.728005290815968],[121.33417292435477,16.728184381600347],[121.33421749026448,16.728408854737484],[121.33433202002034,16.72861148081363],[121.33477058260102,16.72899601091445],[121.33503394508479,16.72946877322426],[121.33507520413136,16.73007421291277],[121.33500173699571,16.730499436595643],[121.33474377336023,16.730743881474748],[121.33436933110539,16.731009797803214],[121.33413481739098,16.731232019585633],[121.33399255100788,16.73154463079715],[121.333989045677,16.731948006950354],[121.33423338151177,16.73327224840124],[121.33429847886651,16.73381064616587],[121.33437773640937,16.734057810523172],[121.33451513677397,16.734305443914376],[121.33465273216939,16.73453066745248],[121.3346503957773,16.734799584902788],[121.33450949003355,16.734955327708622],[121.33427555544252,16.73511031980385],[121.33392728254512,16.73504027537741],[121.33216773526934,16.73410720312787],[121.33001303457948,16.73314851006931],[121.32948086073678,16.732830446558744],[121.32887969980712,16.732422178234874],[121.32846381362369,16.732105053538355],[121.32786246181801,16.73171919234058],[121.32734270618379,16.731311579274525],[121.3270450633304,16.730771296955606],[121.32660807880777,16.73020747389359],[121.32623890975067,16.729868312632664],[121.3258224465813,16.729618412525017],[121.32517459549386,16.729232167502875],[121.32452753037978,16.728756281932785],[121.32404267439509,16.728348944821953],[121.32246138689715,16.726991430806102],[121.32207093624866,16.726427977709143],[121.32147393067949,16.72554908803437],[121.32122243180801,16.72505399660588],[121.32090175553816,16.72449110889169],[121.32069755540992,16.723906756501584],[121.32053137902062,16.722964133197138],[121.32046671389529,16.72238091506729],[121.32044561671323,16.722134219833727],[121.3202611431992,16.72195343000608],[121.31986658667282,16.721860576564406],[121.31935673543684,16.72165472830078],[121.31880135670649,16.721336452215972],[121.31833939380215,16.720974112729795],[121.31787979047671,16.72034285685074],[121.31749172399103,16.719510481715776],[121.31645347808028,16.717238491624276],[121.31606837264212,16.71606997049692],[121.31572840357342,16.715058695283602],[121.31535670319033,16.71368858164653],[121.31526958685426,16.71301553511204],[121.31525577374609,16.71193968416496],[121.3153554769036,16.711178515376627],[121.31554760483311,16.71048533325922],[121.31612636822939,16.709459132134857],[121.31680819508226,16.708613057839436],[121.31704485746887,16.708144348519085],[121.31714219327499,16.707652093516685],[121.31714690701956,16.707114262029176],[121.31724267069875,16.706801284043912],[121.31736050928004,16.706622953119393],[121.31757077251619,16.706512607960583],[121.31812924888409,16.706472329179732],[121.31871156728936,16.70636500896412],[121.31908538856689,16.706166347046178],[121.31929682728286,16.705921541953195],[121.31933327649118,16.705742548088487],[121.31917226791565,16.70553953787586],[121.31894071489752,16.705425599098223],[121.3185688571804,16.705400164227395],[121.31807955520378,16.705508240938332],[121.31768169572698,16.705796350493316],[121.31728422783495,16.706039639866628],[121.31714392171483,16.70612814292777],[121.31684162706316,16.70612568227328],[121.31663372132378,16.70596711098856],[121.316519811789,16.705697248660062],[121.31629336892458,16.705000656398713],[121.31618456885101,16.704148143299776],[121.31594214564512,16.702622204770314],[121.31553145292261,16.701722410338945],[121.31483895054949,16.69981181372277],[121.31440422892001,16.699001466919455],[121.31408301980157,16.698505801923442],[121.31371747100198,16.697763251553308],[121.31344493396959,16.69702145908328],[121.3128616424051,16.695918552605235],[121.31226377876638,16.695151694371223],[121.31171084864097,16.694564491168222],[121.31106471734199,16.69399893713354],[121.31009385265146,16.693341084442753],[121.30878446463562,16.69283733929333],[121.30783311713489,16.69260544906105],[121.30655545946279,16.69246052889878],[121.30534755935432,16.692316172341922],[121.30339462187597,16.69227775685586],[121.30227953540566,16.692156554805155],[121.30026887054088,16.69207281407925],[121.29859396746929,16.69214869277168],[121.29754665680332,16.69225213362962],[121.29682546261631,16.692291020547405],[121.29605856006431,16.69223988423452],[121.29531570473124,16.692099298982164],[121.29347397836781,16.691322141812872],[121.29236269166532,16.690775108894034],[121.29146047335652,16.690252207819235],[121.29102248597016,16.689822781635897],[121.29037882811772,16.688988257300302],[121.28985143035295,16.688154692106885],[121.28966077521505,16.687368731028446],[121.28966376557521,16.68703259049713],[121.28985634977455,16.686294618257104],[121.29035617163623,16.684998907955602],[121.29093596827371,16.683860733283996],[121.29145424719562,16.683103036298593],[121.29220402943427,16.68245930278889],[121.29321095109127,16.681660808789236],[121.29397453356331,16.68077065979859],[121.2943519006517,16.680168670018386],[121.29456532344729,16.679699795470682],[121.294641033714,16.679028086663074],[121.29460168620639,16.67822096364695],[121.29470084360982,16.677527036690986],[121.2949657265312,16.676498307859084],[121.2949610527548,16.675713881226333],[121.29494654127268,16.674727673717385],[121.29492865364122,16.674122426937803],[121.2949095074667,16.673551130118778],[121.29475000727356,16.6732917456818],[121.29442670344233,16.673042561593466],[121.29384944825993,16.67258958555458],[121.29265967512474,16.67172816077274],[121.29226762418533,16.671366351697174],[121.29199221691566,16.670960681675513],[121.29176450182476,16.670420938249766],[121.29172257895495,16.66990513792267],[121.29177563977296,16.66916601010892],[121.29188642361186,16.668472180280865],[121.29212527196856,16.667756994946906],[121.29248055915046,16.6670203577201],[121.29283286250354,16.666619861344014],[121.29339559122431,16.666086630982655],[121.2939128132705,16.66544096860736],[121.29419675592743,16.66488302875599],[121.29447185185474,16.664011260012636],[121.29476015659034,16.662960310409844],[121.29481240747792,16.662310818022355],[121.29474802194967,16.661705188114976],[121.29461309966422,16.661188622247867],[121.29434991884641,16.660715823073247],[121.29405087528785,16.660354784033704],[121.29365745266988,16.660149845432045],[121.2931012979858,16.659943566052736],[121.29270847332145,16.65967139741947],[121.29229458799594,16.659152532542194],[121.29171896689525,16.65852027865877],[121.290715263303,16.657660383087695],[121.28992823881514,16.657272903552744],[121.28944144064027,16.657112009613016],[121.28867627483844,16.656881583538453],[121.28821232779389,16.656765697640974],[121.28791190781946,16.656561517146073],[121.28751929711284,16.65626693049693],[121.28719622942542,16.65599532883695],[121.28705933776624,16.65570285409121],[121.28708497583317,16.655434133291735],[121.28720320297523,16.65521099955624],[121.28776471425832,16.65481223878314],[121.28863022377071,16.65421428622969],[121.28967027770008,16.653595358411465],[121.29002236018577,16.653217274033555],[121.29042192879288,16.652727525009183],[121.29105734016969,16.651858730258795],[121.2915359059235,16.65128129890395],[121.29127430926339,16.650986485347453],[121.29081017515985,16.650893015835788],[121.2904151844596,16.65086734866041],[121.28980858950727,16.651108868753177],[121.28947896169446,16.651576782699426],[121.28907899558756,16.65211134883192],[121.28840006765283,16.652643611370586],[121.28788485848888,16.65306516800097],[121.2875558200133,16.653465849808907],[121.28729691883836,16.6538222882448],[121.28654784101639,16.654398786287803],[121.28582240447544,16.65493065460393],[121.28540057025253,16.65530815394954],[121.28523465034493,16.655665358199464],[121.28504229073458,16.656380920038657],[121.28487537141937,16.65685017070929],[121.28463870975538,16.657318844045115],[121.28426296289649,16.657741543775803],[121.28344371948151,16.658362269557735],[121.28230743437848,16.659338940496404],[121.28144048344897,16.660093727703785],[121.28071321098062,16.660827258435216],[121.28014926656533,16.66149490863681],[121.27904381236208,16.662920033464598],[121.27848787315952,16.663991141625463],[121.27817723378054,16.664929820496187],[121.27796238959604,16.66555554154491],[121.27756256130131,16.66606766980815],[121.27721123260346,16.66635609103307],[121.27660457420117,16.6665975660396],[121.27599931924743,16.66668217435902],[121.27525598033547,16.66660875502071],[121.27449160358489,16.66628863787277],[121.27393766761828,16.66583580588696],[121.27301578698658,16.664931688316106],[121.27237228539624,16.664097121083195],[121.27052700322523,16.661168314392658],[121.27004706063823,16.66024546290512],[121.26986692025002,16.65959404387388],[121.26977398390467,16.658293437309986],[121.26962091755429,16.6572164375149],[121.26941894284347,16.65640795989269],[121.26921495613597,16.655823574124074],[121.26887048344538,16.655350069548483],[121.26831618824156,16.654942044633593],[121.2669649274064,16.653967086576657],[121.26610843639887,16.653556530194916],[121.26569242073055,16.653284120550186],[121.2652082812653,16.652831853452486],[121.26495620355338,16.652426349079434],[121.26481995454996,16.652066635488165],[121.26482338513087,16.65168567991899],[121.26503845238969,16.651037565092885],[121.26554893451583,16.649854060576654],[121.26574417894447,16.648824794208714],[121.26603159738897,16.647885941482173],[121.26653124666173,16.646612698947123],[121.26721328700856,16.64444454315957],[121.26775679047356,16.643463003674764],[121.26851130567917,16.6422815254358],[121.26890350184064,16.641321129729338],[121.26902556092237,16.640672231960636],[121.26905383487376,16.640112195238085],[121.26926947485765,16.639396845091223],[121.26985843571822,16.63852773127771],[121.2701914994698,16.63767889316094],[121.27020834744992,16.637096349638785],[121.27005186668539,16.636400306621276],[121.26975813185399,16.63545659912127],[121.26951108892308,16.634490869775025],[121.269310938267,16.63348070944148],[121.26912040064984,16.63269473837266],[121.26884609774703,16.63217699964281],[121.26853388127189,16.631881016214695],[121.26826862043909,16.631768786140892],[121.2678269870921,16.631765101222427],[121.26731682980667,16.63162637795622],[121.266924704062,16.631286940881676],[121.26669629248201,16.63083681575217],[121.26658671738193,16.630096341098138],[121.26645389929088,16.629355672322202],[121.26635353123748,16.62888420528575],[121.26612613006348,16.628322033734957],[121.26587387577456,16.627938941614776],[121.26552844774581,16.62757748179208],[121.26539221050668,16.627217769308885],[121.26535075939812,16.626657150647446],[121.26549605908447,16.62600844851232],[121.26580224688772,16.625562788037996],[121.26648394451843,16.624716865863817],[121.26750386485301,16.623739297398323],[121.267833287023,16.62329382696608],[121.26821120351768,16.622624650960603],[121.26858831331084,16.622045111020775],[121.2690341440233,16.621578197645267],[121.26933951259112,16.621222167424104],[121.26974146518974,16.620463544195598],[121.27072108269347,16.618790880624296],[121.27128832779266,16.61774228669153],[121.2716906655903,16.616938839430972],[121.27190525887946,16.616335528232934],[121.2719797972656,16.615798284711694],[121.27188322880755,16.614901042183696],[121.27193993768077,16.6137585536787],[121.27201607799519,16.61304203535452],[121.2721837806892,16.612483155230965],[121.2724907310217,16.611947843557946],[121.27270511440537,16.611366939833495],[121.27277163285201,16.610426230781965],[121.27282592858774,16.60955265300168],[121.27278405368742,16.60903685191933],[121.27265021606587,16.608408231494774],[121.27228356810807,16.60782249784785],[121.27189167722148,16.60746066380811],[121.27122129758428,16.607051690983337],[121.27051525737804,16.606732063440045],[121.27000716800238,16.606369259396487],[121.26954817074572,16.605715520267374],[121.26916030331991,16.604905495813107],[121.26888904300843,16.604051619988475],[121.26873358545869,16.603243530321922],[121.26857072399405,16.60196474846852],[121.26843589926706,16.60144817318723],[121.26827562675966,16.601177906613426],[121.26795588612589,16.600547736006135],[121.267890783808,16.600031741323292],[121.2679424838891,16.59944948670772],[121.26808935122371,16.598621503956796],[121.26822118492575,16.598174382381842],[121.2685513586591,16.597639268257645],[121.26892600364368,16.597328633497632],[121.26930024628761,16.597062816585023],[121.26953444825496,16.596863066631485],[121.26967689427804,16.596528086961822],[121.2697748656524,16.595968627145282],[121.26969393794404,16.594623293892475],[121.26970477250927,16.592113351694856],[121.26985903971703,16.590456220238888],[121.2698394133009,16.58875282012084],[121.26961664677272,16.587675238859145],[121.26943695172409,16.586979002929823],[121.26937264803682,16.586373370743047],[121.26927849785073,16.58520721493887],[121.26924424717788,16.58383985810721],[121.26920919440226,16.58256213855499],[121.26927690794274,16.581486972675577],[121.26942495033231,16.580524529639998],[121.2694545990538,16.57980762331028],[121.26932058274777,16.579201411343828],[121.26902350398328,16.57863866549013],[121.26874153348204,16.578232652315247],[121.2685415296297,16.577962326412734],[121.26815951585094,16.57780227150249],[121.26771538316828,16.577680029049827],[121.2675805868779,16.577573344255967],[121.26697701794026,16.57750108743701],[121.2665593480981,16.577430376947152],[121.26623583190747,16.57722598381636],[121.26582057175854,16.57688636002919],[121.26434343363233,16.575753500802218],[121.26399849393466,16.57534722717126],[121.2638869300273,16.57483084433654],[121.26384668461966,16.574135768318595],[121.26377789848203,16.57358131363212],[121.26384069172187,16.573508210832056],[121.26373033428449,16.572857372117998],[121.26345671804357,16.572272404890352],[121.26304529164693,16.571507000124363],[121.26238128283632,16.570403322767117],[121.26213292047626,16.56959445529412],[121.2620614451687,16.568495721108015],[121.26213658172115,16.567891251704424],[121.26239921389137,16.56710905859247],[121.26289942691993,16.56574616066093],[121.26310556994189,16.564784206984797],[121.26313322494164,16.564291395704565],[121.26297619991415,16.563662578638485],[121.26263309050985,16.563054620761132],[121.26203579989566,16.562287665351622],[121.26120575838723,16.561563588248024],[121.26029580787457,16.560681964323503],[121.25953387536421,16.56013773798294],[121.25921039473795,16.5599333370502],[121.25874669899287,16.559817407841432],[121.25819046634479,16.55965588222573],[121.25782152512335,16.559339044551457],[121.25766089429595,16.559113591994485],[121.25738408896022,16.55888716784134],[121.2568977667738,16.558703812767817],[121.25610898849489,16.558562747572623],[121.25536567296996,16.558534114751406],[121.25449597859266,16.55834754429955],[121.25370922323103,16.55798237810806],[121.25327200220758,16.557508084693552],[121.25290468934439,16.55701196569962],[121.2527004246598,16.556472391470738],[121.2525464678149,16.555507431743077],[121.25253171639778,16.554566050013168],[121.25260727640062,16.553916767161653],[121.25271607156051,16.55344705008972],[121.2532124698265,16.55250995214216],[121.25354481188084,16.551728354600478],[121.2537133024113,16.551079849313606],[121.25371834707165,16.550519618419973],[121.25367813449665,16.549824542839648],[121.2535762054618,16.549532346963932],[121.25337093557064,16.549104819775394],[121.25321374843227,16.54849840789506],[121.25303615405109,16.547578072013053],[121.25292583936981,16.546927230885988],[121.25297654454094,16.546457026266978],[121.25309594048912,16.546099451709402],[121.25342927809476,16.545205806671934],[121.253608167386,16.544691853357328],[121.25403302050032,16.543955849764643],[121.25426857806065,16.543599246619713],[121.25434029357301,16.54337573745903],[121.25424796615324,16.54330773178621],[121.2537346201545,16.543549954393306],[121.25308005836254,16.54399269115541],[121.25263560146612,16.54432513152451],[121.25237660500161,16.544703946960635],[121.25225559383546,16.545240794949848],[121.25213559137136,16.54566559664017],[121.25199457607302,16.5458437019542],[121.251645873994,16.545863189501656],[121.25136808388456,16.54574880564881],[121.25104483765826,16.545521985661818],[121.25067552982168,16.545249957024847],[121.25039774125896,16.54513557201087],[121.24993469373601,16.544952399299383],[121.24914698934583,16.544699267418277],[121.24859202320079,16.544403265723883],[121.24826959206325,16.544086805189966],[121.24801787287754,16.543658883882607],[121.24793242796682,16.542828963404688],[121.24790729126879,16.54175302979689],[121.24784791222423,16.54060957580651],[121.24797479802498,16.53942286451672],[121.24805076657769,16.538728764927658],[121.24816976056306,16.538416011744225],[121.24833440988444,16.538193285401093],[121.24854410799819,16.538127813405104],[121.24893905845182,16.53813112896479],[121.24956491816504,16.5382932578089],[121.25000673810796,16.538252142825787],[121.25033219389476,16.538232461859074],[121.25070310463224,16.538325216146205],[121.25118775496493,16.53868785443715],[121.25158008269621,16.53898248516726],[121.2519736226783,16.53914265982694],[121.25232110184119,16.539257626025563],[121.25266938850594,16.539282954692034],[121.25285585425911,16.53921728372915],[121.25283363038962,16.53910504289001],[121.25251039249207,16.538878225932077],[121.2521406904053,16.538651019224773],[121.25188775700391,16.53835755768142],[121.25172694657826,16.538154511672438],[121.25162986948459,16.5373244936616],[121.25149188865367,16.53716646073533],[121.25121653333868,16.536783166959292],[121.2509173410989,16.53646690583957],[121.25068845216558,16.536084001074528],[121.25060037040528,16.535545400351925],[121.25060804425372,16.53469384953542],[121.25056703261228,16.534088410664978],[121.25055965723352,16.53361771935541],[121.25046854723202,16.533415257114754],[121.25035279195055,16.53336946468331],[121.25011966575536,16.533457153482427],[121.24988350924913,16.53388098039587],[121.24978351077367,16.534664523786763],[121.24980148987828,16.535247358454253],[121.24982229748407,16.53551646399975],[121.24963482435918,16.535694178610022],[121.24940209920159,16.535737047857243],[121.24921624239882,16.535735488318448],[121.24907684980988,16.535734318555825],[121.24893867008849,16.535598693435276],[121.24887180391879,16.53528437953081],[121.24885443404169,16.534634317416238],[121.24885908315665,16.534118905526395],[121.24879423872109,16.53358049948212],[121.24868151597738,16.533198567960806],[121.24870798193042,16.532840215523464],[121.24880454706438,16.532437629525152],[121.24929887858659,16.53172462800232],[121.2500491572078,16.53096894946783],[121.2502855110947,16.53052271264262],[121.25042115838697,16.529649823479335],[121.25045125389325,16.52888810397623],[121.25052902243219,16.527992318360457],[121.2506363128894,16.527456240872073],[121.25110407689311,16.526518633743255],[121.25154238312817,16.52566385429556],[121.2517507956249,16.524834840397812],[121.25202209708469,16.523397128908886],[121.252027827207,16.52276026112614],[121.25188754239184,16.522399090727834],[121.25163119361382,16.522175408340413],[121.25123182080641,16.521895143847434],[121.2508039939148,16.521586948331414],[121.25049048778774,16.52133509391294],[121.25029229908064,16.521028821509834],[121.25012419473762,16.52061278304827],[121.2500665365599,16.520639991814075],[121.2496680345076,16.520220522377276],[121.24935627830743,16.519774837466052],[121.24916108664377,16.519136285813463],[121.24918117661481,16.518499539075425],[121.24921362259259,16.51808443160932],[121.24944649719157,16.517726388200902],[121.24976623073727,16.517285996471976],[121.25031708922413,16.516681388646443],[121.25069497414475,16.51615840631706],[121.25075562129764,16.51579891838799],[121.25070220117529,16.51535539912171],[121.25056142441764,16.51504960814292],[121.25013560685443,16.514519893422907],[121.24923867908876,16.51370931009788],[121.24823955093832,16.51309171025814],[121.24746855698905,16.512642171946155],[121.24692669227653,16.51224993794092],[121.24650014151058,16.51180328676558],[121.24610154628373,16.511439945405677],[121.24581876357095,16.510966808116045],[121.24540881839818,16.510271067120897],[121.24529925477533,16.509688616265347],[121.24536065809049,16.509246060932774],[121.24562397841034,16.50869443328315],[121.24652474434365,16.50748354858811],[121.24753856109733,16.5064674508194],[121.24808814465929,16.506001295451785],[121.24875053964487,16.50575761972133],[121.24972641430145,16.505765795545134],[121.25078615482944,16.506023896969158],[121.25204532169202,16.506449813674912],[121.25346186074295,16.506932422752257],[121.25389165145836,16.507019090761133],[121.25412102251474,16.50704869936602],[121.25400695846814,16.506964670155472],[121.25355095195084,16.506600862808448],[121.25209385004524,16.505840994918973],[121.25098018971525,16.505194760526518],[121.25006620577588,16.504688652922027],[121.24960871732866,16.504490977616253],[121.24917918414656,16.504376611581584],[121.24869174899959,16.504317143488006],[121.24814541401663,16.50442333247847],[121.24751263435023,16.504688675050687],[121.2473065693615,16.505136290454118],[121.2469267037611,16.505880787346435],[121.2464627254935,16.506403041740455],[121.24597179054611,16.506731224914255],[121.24533834168768,16.50694744232999],[121.2448194510203,16.507192311922825],[121.2445294282347,16.507522178806955],[121.24432351180408,16.50807428734327],[121.24426135677622,16.508599911706433],[121.24425385625622,16.50943060646645],[121.24432896323574,16.510649682300066],[121.24446572692479,16.511398513520568],[121.24457703856415,16.511787135817904],[121.24486006905063,16.5122325847524],[121.24532842165256,16.512818049801144],[121.24586828532246,16.513431806480163],[121.24680825148602,16.51424276421751],[121.24809241857986,16.515084297616916],[121.24863429327313,16.5154765294793],[121.24886067916721,16.515838423231056],[121.24877207328166,16.51611459997508],[121.24845433615003,16.516333471251972],[121.24776494716288,16.516383072490427],[121.2471052607134,16.516322152936578],[121.2467918237063,16.516155895842317],[121.24658809419908,16.516373195638845],[121.24667020864777,16.516816956019653],[121.24701090783812,16.51723519510848],[121.24760719728708,16.51796019001327],[121.24779027786593,16.518349413485943],[121.24795376440287,16.51932000337452],[121.2481482031864,16.52004162534536],[121.248436934489,16.520985870737828],[121.24865439822845,16.52120893354059],[121.24913738380602,16.521766823260148],[121.24979060444724,16.522547674888262],[121.25021593755669,16.523132771273577],[121.25038367748128,16.523632632475117],[121.25045070152906,16.52415934154857],[121.25035735424211,16.52496162622863],[121.25023729613612,16.525542151163272],[121.24994650273295,16.525955092873993],[121.24954263385375,16.526173242208188],[121.24917375404469,16.52628420649014],[121.24885402184177,16.526637763484764],[121.24904640795161,16.527082914582785],[121.2491542401142,16.527859193507812],[121.24906063452904,16.5286891664987],[121.24879429419595,16.52957307388233],[121.24839702641829,16.530649725286857],[121.24804531110168,16.531449838687138],[121.24781066587221,16.532001706982673],[121.24769084368329,16.532554539118443],[121.24765613960602,16.533218853566588],[121.24761843579294,16.534215445655622],[121.24760968754448,16.5351845889121],[121.24744880191022,16.53551554041052],[121.24724510578984,16.53581844018034],[121.2469283329098,16.535926546307522],[121.24655514695466,16.535923410248408],[121.24604042961104,16.535697548664253],[121.2452978134136,16.53527592622682],[121.24478460164042,16.534883923243832],[121.24435851271775,16.534381884791145],[121.24387726763464,16.533630154675432],[121.24376770274104,16.533047703430388],[121.24368985003913,16.53213321670551],[121.24375878271188,16.530859971016984],[121.24366657702565,16.52994536340852],[121.24341398668228,16.529306324648903],[121.24307653386316,16.5285281120342],[121.2425079373574,16.527914104090176],[121.24193708862464,16.527549302586248],[121.24116555622868,16.527155116932523],[121.23953462942073,16.526559839634295],[121.23907810899331,16.52625137891104],[121.23882252515943,16.525944612695096],[121.23861301258881,16.525305933180448],[121.23844957154773,16.524335340507736],[121.2383455496053,16.523143714614783],[121.23823650645997,16.522505882674928],[121.2380962483888,16.522144705478258],[121.23786987762232,16.521782801480292],[121.23758484316194,16.521558861201324],[121.23652705500233,16.521079169244473],[121.23438253997281,16.52014721763635],[121.23359821189402,16.519586748865084],[121.2331407104258,16.51938903597798],[121.23265349871464,16.519301837741594],[121.23179238080155,16.51929454789126],[121.23121880651155,16.51923430681409],[121.23076080459938,16.519091968213186],[121.2302187093032,16.51872738217619],[121.22945152701169,16.517862435702746],[121.22908317328509,16.517333169815213],[121.22902955084851,16.516917339370625],[121.2290333354851,16.516501995713302],[121.22923930521372,16.515949907739635],[121.22993701233085,16.51498661138693],[121.23028674552823,16.51440804844611],[121.2304491502111,16.513910973045128],[121.23056975956827,16.51327508466607],[121.23051588208966,16.51288694385962],[121.23034694109998,16.512525520063644],[121.22969156522333,16.511993824056113],[121.22883527393984,16.51146042297094],[121.22771889710532,16.511118654526317],[121.22625885159515,16.510690887802234],[121.22560046157624,16.510491455069314],[121.22534390797648,16.510295434131656],[121.22526083337411,16.509962428226384],[121.22538170830883,16.509298854484197],[121.22557332713238,16.508746648139066],[121.22557787516426,16.50824823629504],[121.22552274480417,16.507998542863984],[121.22532385126539,16.50777532013344],[121.22489584700251,16.507494767632828],[121.22398092114884,16.507099309607636],[121.22332608743872,16.506512217789883],[121.22238904811267,16.505396582299404],[121.22196687541295,16.504479166094065],[121.22174333821349,16.50381266442163],[121.22161899143495,16.50328546491915],[121.22116584602665,16.5026170089799],[121.22079602147672,16.50225386969446],[121.22039547072637,16.5021120013969],[121.21924894351454,16.501936086505694],[121.2179007502237,16.5018415209904],[121.21681010761073,16.50183221909861],[121.21629424931236,16.50174474268187],[121.21589446556365,16.501519797911627],[121.21538165675408,16.501100046407938],[121.21478274746244,16.50067955849437],[121.21372488170645,16.50022745601981],[121.21073405102507,16.49928805626944],[121.20898942977409,16.498608520055956],[121.20807381853581,16.498296067219105],[121.2076732874822,16.498154176184933],[121.20732888240427,16.498151223152696],[121.20709876879835,16.49820463273876],[121.20695322546044,16.498424916315294],[121.20692069756997,16.498840009507706],[121.20686253101533,16.498922585015794],[121.20663165077032,16.499059061837766],[121.20634490061511,16.499028910175515],[121.2054013586068,16.49863313180156],[121.20415953331884,16.49790249001117],[121.20359140599375,16.497260705823496],[121.20327928266784,16.496870343529594],[121.20279393707916,16.49658925763746],[121.20207822498942,16.496389264116782],[121.20130613821888,16.496078017631685],[121.20070753393843,16.495629804484622],[121.20031059971691,16.495100251584468],[121.19996747245635,16.49340812246133],[121.19994901526653,16.492300307427826],[121.19990237041797,16.49113686686965],[121.19973657622386,16.49044315459377],[121.19948263717502,16.48997021468833],[121.19908443581035,16.489579106635066],[121.19807125858227,16.48896116955629],[121.19664016017593,16.48853346492188],[121.19572359386908,16.48833172091426],[121.194862630412,16.48832429236664],[121.19296876934294,16.488280247998045],[121.19213856289477,16.488051543450336],[121.19150976359465,16.48776919463246],[121.19102497370208,16.487432706949168],[121.19071289125736,16.48704232959313],[121.19031677326454,16.486429694519728],[121.18862930659974,16.48425516973491],[121.18806204284397,16.48353028442756],[121.18761137809682,16.48261256908946],[121.1873024018975,16.48188991950495],[121.18696241072321,16.481416222270663],[121.18647867558713,16.480968970106453],[121.18504028446846,16.4797934666018],[121.18361264550083,16.47900572515314],[121.1830128445313,16.4786959147879],[121.18253630173417,16.47871691553269],[121.18165968490771,16.479154912113266],[121.18102601960346,16.479398625889207],[121.18045078186671,16.479532080901663],[121.17955857996262,16.479801232957367],[121.17908378093628,16.47993555774682],[121.1785095763968,16.479958251502712],[121.17764969424096,16.47984000025462],[121.1763627247766,16.47935803935283],[121.17499044933547,16.47879225381638],[121.17441988126087,16.47842729280352],[121.17390852588014,16.477869009376867],[121.17317097381128,16.476948766390723],[121.17282972859927,16.476613494396076],[121.17223125369075,16.47616521141112],[121.17166303692859,16.47555104478982],[121.17137815038664,16.475327027440837],[121.17106430819553,16.47513044782269],[121.17031976049326,16.474957794342682],[121.16955930570666,16.47495114554328],[121.1689113721596,16.475079921044333],[121.1677775264647,16.475212466589618],[121.16703037818101,16.475316689062467],[121.16642775360751,16.47531141085069],[121.16579825721006,16.47511205839981],[121.16502788790356,16.474634559287626],[121.16428856609666,16.47390811106878],[121.16403290913775,16.473628959037175],[121.16371855632846,16.4734877467742],[121.16308750342783,16.473454519104937],[121.1625138430705,16.47342179334768],[121.16184000806486,16.473360495450752],[121.1611536544363,16.473105248819888],[121.16078426469682,16.472714330451147],[121.16023692483547,16.47256542399227],[121.1602943430655,16.472931552972067],[121.16057790537401,16.4732940270442],[121.16146069049518,16.474021747066356],[121.16166025748836,16.4741619545845],[121.16211887380865,16.47422136374776],[121.1626638401359,16.474253838933777],[121.16335072207816,16.474453703824693],[121.16412030337054,16.475014274717005],[121.16503128541402,16.475797610795194],[121.16560338993462,16.47599646267817],[121.16643480673781,16.47608682093425],[121.16709482676745,16.476092601984355],[121.16807207090432,16.475935011559887],[121.16919253636593,16.475806360291564],[121.16979516340491,16.47581163069954],[121.17028300450237,16.47581589595108],[121.17068319647107,16.47598554042079],[121.17101086800874,16.4762376236764],[121.1713769080309,16.476988481028645],[121.17170930390328,16.477542823643798],[121.17208575419295,16.47790847885681],[121.17317000487988,16.47858253245395],[121.17340187109131,16.478805180039878],[121.17385432073712,16.47905925373387],[121.17522477837429,16.479818868547564],[121.17708362045282,16.48052734823874],[121.1779140306596,16.48072841886872],[121.17845876323946,16.48078854387468],[121.17903348789478,16.480710472684866],[121.18031440242073,16.480306248103872],[121.18163861681208,16.47987470023403],[121.18224203570978,16.47979686918718],[121.18295946879815,16.47980310003641],[121.18378730309419,16.48028103749714],[121.18470071811637,16.480815096958406],[121.18560923808185,16.48187524408236],[121.18606247025231,16.482516072551963],[121.1871364918411,16.484297621891393],[121.1877306483025,16.485216581377358],[121.18956108920595,16.487447733169173],[121.19050042237419,16.48828659999404],[121.19141363696613,16.48884832438652],[121.19241398206218,16.48930003301487],[121.19321626608,16.489445421767837],[121.19407749054726,16.489425168461974],[121.19522621793499,16.48935200994588],[121.1960856467914,16.489525572343968],[121.19651536192924,16.489612352273777],[121.19747498386994,16.48981446447946],[121.1984766319782,16.490127700024185],[121.19898962965402,16.49051979781005],[121.19927149887579,16.49107605293872],[121.19940808007954,16.49182489671961],[121.19948214057742,16.49312703011284],[121.19958823063708,16.494069451069382],[121.1996835571461,16.494624099772086],[121.19967869065523,16.495150194384532],[121.19958823649988,16.49562016920534],[121.19964205022768,16.496008312087337],[121.20006819635829,16.49648273491828],[121.20086283833523,16.49745877376308],[121.20182943444942,16.498463980781143],[121.20259922929533,16.49902442929803],[121.20374188051703,16.49961577105484],[121.20437227121717,16.499731952808315],[121.20534809212667,16.499740332836666],[121.20663834455985,16.499889863470788],[121.20775741583,16.49992715273145],[121.20940592242343,16.500135120898186],[121.21012216754907,16.50027971267542],[121.21066493583058,16.50056127477687],[121.21134840990432,16.501148646515094],[121.21208979915798,16.501681128692567],[121.21294625138731,16.502186900859147],[121.21357513302807,16.5024691924583],[121.21426319835209,16.502558147052454],[121.21520982943663,16.502621616030737],[121.21586868746648,16.50276569919476],[121.2159530135488,16.50296026010498],[121.2158077294377,16.50315286097582],[121.21546128179527,16.503371435740018],[121.21482756586573,16.50361524785502],[121.21390836035516,16.503690468892987],[121.21342018331316,16.503713987828604],[121.21295918127684,16.50390388724272],[121.21229523288319,16.504313581909965],[121.21174685137953,16.504641188558296],[121.21114233847061,16.504829855523024],[121.21033614983521,16.505099868120634],[121.20955738627521,16.50550856985364],[121.20887805520238,16.506028886606742],[121.20792279713592,16.506888492290187],[121.20746146847962,16.507124398459002],[121.20731822399769,16.50738314966072],[121.20735418876899,16.507675119273884],[121.20783025323084,16.50759831678755],[121.20820516282743,16.507407691756452],[121.20884068300474,16.50697007676235],[121.20982087561705,16.50650772117235],[121.21068549313595,16.506127445469275],[121.21131973076932,16.50582826861142],[121.2120385440606,16.50569596245414],[121.21267201520004,16.505479849213597],[121.21348023785117,16.50498831246034],[121.2142889650321,16.504441393383377],[121.21497957891678,16.50425345234796],[121.21575477198667,16.50423238048846],[121.2168444120517,16.50435244690406],[121.21847786131619,16.50464329391348],[121.21934996347318,16.50501071762172],[121.22014828787948,16.50559904265957],[121.22114373102443,16.50660441776716],[121.2219939020289,16.507802394393185],[121.22335389297713,16.509752379059023],[121.22442062395854,16.510813731112727],[121.22530509571143,16.511402771785427],[121.22601963043228,16.511741140911603],[121.22679233105256,16.51199692644007],[121.22773800814805,16.512171101725986],[121.22848327207151,16.51228818995936],[121.22885464314703,16.51248518103995],[121.22902534693078,16.512652778659664],[121.22905152740266,16.51292991787545],[121.2288772915928,16.513149974442666],[121.22858925264877,16.513258298896773],[121.2284145113319,16.51353373414499],[121.22829313767994,16.5142526892825],[121.2280008056307,16.514831735373434],[121.22782303238968,16.51543944462519],[121.22777492801896,16.51599287052281],[121.22773940749455,16.516740245046563],[121.2279596939877,16.517766707224425],[121.22841062234846,16.51868435927064],[121.229148846213,16.519576755523385],[121.22991527628545,16.520524772241405],[121.23055153595186,16.5215824505263],[121.23108557193189,16.52283310341335],[121.23131092195126,16.523305772009667],[121.2319952943371,16.52381002000049],[121.23331016612337,16.524430369682197],[121.23539353710372,16.525777195474564],[121.23624915392494,16.526393645783727],[121.23709193172122,16.52684383383015],[121.23818021493949,16.527129940322258],[121.23935361358203,16.527527526661252],[121.2402961205486,16.52806161949072],[121.24098003321875,16.528621221106334],[121.24180572274915,16.529375858117493],[121.24295702442346,16.53063168741729],[121.24304088689055,16.530881620189177],[121.24298147086519,16.531102654821133],[121.24277952765964,16.531211721914584],[121.24252117499242,16.53120954633392],[121.24229127755656,16.531235301953515],[121.24211829042925,16.531316920400705],[121.24200045861235,16.531648229932873],[121.24202565470877,16.532036128001316],[121.2422500382332,16.53261954691455],[121.24270306960699,16.533315658780097],[121.2436098931988,16.534624811119603],[121.2447050739783,16.53574170214371],[121.24541648083397,16.536439983007064],[121.24610143784564,16.53688881254283],[121.2468737691016,16.537199914896178],[121.2475604825032,16.53745491160104],[121.24773097376503,16.537650187006783],[121.2477284739368,16.537927085015465],[121.24763885315782,16.538314018795262],[121.24734528205802,16.53903154175513],[121.24710762229611,16.539915685249657],[121.24705930903426,16.540496808858233],[121.2471386777851,16.541245156776565],[121.24724825507613,16.54182760722932],[121.24724125163904,16.542602921123414],[121.2471820854506,16.542796267051376],[121.24700783831082,16.54301633756106],[121.24674871872746,16.54309723502632],[121.24649059993732,16.54306737307495],[121.24629239926911,16.542761095956436],[121.24626844672439,16.54223474899468],[121.2460742516546,16.54148543550347],[121.24582114136638,16.540901777658856],[121.24536582995306,16.54045487810632],[121.2449679350101,16.540008460824556],[121.24465891813811,16.53925818042047],[121.24427079603016,16.537731861958935],[121.24388042429122,16.53645475087564],[121.24368298528034,16.53606540289902],[121.24342587887033,16.535924779109166],[121.24325363951466,16.535923328889687],[121.24305068864669,16.536143154674413],[121.24296206250285,16.536419326757244],[121.24301596685295,16.536807466547344],[121.24323910441242,16.537529333631884],[121.24328824758167,16.538443578335034],[121.24345046470438,16.53955261810177],[121.24367310482936,16.54032986446665],[121.24403803030171,16.54124676784672],[121.24428712667526,16.542273463180543],[121.24451102486994,16.54291226038438],[121.24485150857518,16.543358195697074],[121.24530732566294,16.543749717296638],[121.24607918089167,16.544116204412934],[121.24668129436817,16.544204343139537],[121.24716707613064,16.544457653680304],[121.24770727390701,16.545043723046607],[121.24803374066205,16.54525482285315],[121.2484778894915,16.545548651117574],[121.24925025852312,16.54585974808712],[121.25026390247262,16.54647747814996],[121.25094715770567,16.547120124582676],[121.25157150303357,16.547928426690127],[121.25230519857719,16.549346866455437],[121.25258380305154,16.550290727451312],[121.25261913206963,16.551149473415755],[121.25244188779634,16.551701826189472],[121.25203447028281,16.552307632565864],[121.25159933959507,16.55280243779016],[121.25136517140993,16.553298927880743],[121.25115746348469,16.554044866734586],[121.25109430012483,16.554681250519526],[121.25134419394146,16.55562487196573],[121.25162205030885,16.556651803546945],[121.25205806329514,16.55765236965086],[121.25259756099736,16.55832150001343],[121.25331082022065,16.55882593434134],[121.25416938005759,16.55913774044871],[121.25565857113683,16.55956559115293],[121.25663173106408,16.559906038986774],[121.25754573147293,16.560439831620005],[121.25848571066477,16.561278449551608],[121.25928562670595,16.561728205892074],[121.25979893697227,16.562120181779072],[121.2602540820874,16.562594746854067],[121.26077752716348,16.5634575693245],[121.26102996134715,16.56412428468269],[121.26119576676506,16.56484566077716],[121.26118657225636,16.56587018808314],[121.26112119693244,16.56675578629535],[121.26091102008874,16.567778635334633],[121.26068623602171,16.56882905387708],[121.26062259659051,16.569520822028466],[121.26070351054133,16.570103029476716],[121.26107005293508,16.570853774096165],[121.26172023978248,16.571994574090397],[121.26248279885,16.573413230312173],[121.26263475483722,16.574079106261163],[121.26282555743438,16.575216070250985],[121.26310572933261,16.575993783786185],[121.26347626391922,16.57630148680989],[121.26432896139032,16.577277818028993],[121.26512821121597,16.577810628663695],[121.26621434950734,16.578373518289382],[121.26758737970461,16.578966482692216],[121.26814505971487,16.579220351794373],[121.26851585656208,16.579500357096066],[121.26868442211459,16.579917140113576],[121.26870991601483,16.58027734892805],[121.26850520600698,16.580691026917656],[121.26827153368471,16.58113215569361],[121.26812251471226,16.58174014082016],[121.26805914048131,16.58240422255854],[121.26816408451376,16.58351277766843],[121.26822174522022,16.58509170393227],[121.26820241479072,16.58725152200841],[121.2682135314754,16.589217748878013],[121.26815533765773,16.59090647815419],[121.268258546526,16.592208862561723],[121.26833849465578,16.592901828738906],[121.26841621186675,16.59384400452015],[121.26838080227235,16.5945913942798],[121.26815452407723,16.595807958901567],[121.26791661270171,16.596719813916643],[121.26747818238198,16.597574613876805],[121.26736009243105,16.59793362598056],[121.26724026487368,16.598486467464333],[121.26717563541321,16.59928899673941],[121.26718180338332,16.60020288389289],[121.26729120913502,16.60081301947607],[121.26748651712079,16.601451562868704],[121.26762439272879,16.602089627593347],[121.26758897534225,16.602837016222658],[121.26763325533989,16.60430506061931],[121.2677842501803,16.605081694565854],[121.26812166024449,16.605887573737366],[121.2686608391371,16.606612057348876],[121.26974094431809,16.60786719179235],[121.27039550119405,16.60853724828325],[121.27096638698505,16.60892968678646],[121.2714810780474,16.609183196408868],[121.2717660274174,16.609434794452635],[121.27184970434578,16.609712410557226],[121.2717457238591,16.610099234192145],[121.27148404138472,16.610457054024348],[121.27136421399236,16.61100989763195],[121.27138549901447,16.611840835172732],[121.27143228100705,16.6130319809496],[121.27142360810062,16.61400112919564],[121.27135997548066,16.614692899996065],[121.27115299618987,16.615355785865734],[121.27097473412509,16.616018910377328],[121.27051992088353,16.617095112302977],[121.27016958790546,16.617729111027124],[121.26967491216405,16.61844498252823],[121.26909481937584,16.619077064802603],[121.26848650000694,16.619653525867832],[121.26802227097784,16.620175802498984],[121.26758576504953,16.620809076883198],[121.26710443692556,16.621635819657183],[121.26686921103823,16.622243079394522],[121.26669316347302,16.622656989124973],[121.26643269620745,16.62287635043757],[121.26617372056168,16.622929572278508],[121.26588776616718,16.622788725058825],[121.26580185556107,16.62276031574474],[121.26554287998003,16.62281353679741],[121.26513731915904,16.623197835937354],[121.26455545429667,16.624023731259662],[121.2640612386404,16.624684205864934],[121.26400515198688,16.625355777535436],[121.2639096685837,16.625569079204162],[121.26404878654661,16.62606869636325],[121.2641869089378,16.62667907270849],[121.26420815787883,16.62751000704519],[121.26409667680514,16.628727517962115],[121.26388815857307,16.62955653075029],[121.2638811826895,16.630331845018738],[121.26407575165466,16.631053461028845],[121.2645188483326,16.63288483022616],[121.26492733740854,16.633774385617272],[121.26497805592662,16.634522490425418],[121.26494011892044,16.63554677281793],[121.2648180083623,16.63634881627646],[121.26464194062783,16.636762722104177],[121.26423584763143,16.637202395621646],[121.26359972775523,16.63766783531097],[121.26293463346117,16.638160722060125],[121.26247034102768,16.638682979771755],[121.26213579488123,16.639150939283336],[121.26172469896792,16.64014440152597],[121.26149167513601,16.640502442824914],[121.26105684442028,16.640941867864317],[121.26045092594451,16.64124139830227],[121.25985591578103,16.641402249158748],[121.25981403405486,16.64178989320173],[121.25995339846318,16.64226182276256],[121.25986073284521,16.642981032267848],[121.25965492478957,16.643505449880816],[121.25939216980537,16.64397400575452],[121.2592544159159,16.644914370560997],[121.25884003887066,16.646267789816687],[121.25856827123664,16.64773317214818],[121.258274531365,16.64845069141595],[121.25783842267525,16.64902855527897],[121.25731889464583,16.64930110771352],[121.25700243418629,16.64935383162747],[121.25668572311973,16.649434244678787],[121.25636725812372,16.649708484644282],[121.25611809570229,16.650260224186884],[121.25571320657778,16.650561427846316],[121.25505130643401,16.650694317687197],[121.2541051782293,16.650492511953917],[121.25333189649962,16.650236774635594],[121.25284610444817,16.649955765284606],[121.2525618811241,16.649621070144757],[121.25242278292755,16.649121447567534],[121.25240460491749,16.64795824332141],[121.25229649085966,16.647209656562698],[121.2521012036798,16.6465711019286],[121.25170435420858,16.64598623170164],[121.25127777933572,16.64551187702769],[121.25079225324527,16.64520317459277],[121.25021905223073,16.645059881608287],[121.24963540301273,16.645138879211483],[121.24829336354196,16.64518208630408],[121.24763198299033,16.64525957475601],[121.24709859598711,16.645476600919988],[121.24657780622142,16.64588757347752],[121.24605474663532,16.646547749886864],[121.24596479790665,16.646962363458808],[121.24619155912784,16.647296580498637],[121.24667834112229,16.64746684598238],[121.24742489178769,16.647500847538158],[121.24799960720892,16.647478011629172],[121.2483720020964,16.647591923689962],[121.2485131018685,16.647870031795975],[121.24842391236179,16.6482015782751],[121.24813441414584,16.64844835778065],[121.24773253927593,16.64841727099254],[121.24730269673941,16.64830287218737],[121.2469285382966,16.648382784610668],[121.24600384870202,16.648984181514344],[121.2456556393091,16.649368918614215],[121.2452469559515,16.650085442478407],[121.24496601258805,16.650969195977915],[121.24449987527849,16.651685231449537],[121.24386189593253,16.652344426993043],[121.24331109383715,16.652893592521217],[121.24267588450596,16.65324819996023],[121.24237997771239,16.653392394743012],[121.24255644228379,16.653745635589335],[121.24289986809843,16.653887004197607],[121.24338893462767,16.653808073768623],[121.24416801725137,16.65342699109826],[121.24514967798346,16.652881470346493],[121.246507767828,16.65200682888393],[121.24780688767028,16.65129782885472],[121.24829544325702,16.651274265025627],[121.24866885213878,16.651277419175862],[121.2488389299661,16.651528080351078],[121.24880617975997,16.65197086999475],[121.24842748354156,16.65254919561545],[121.24816317753263,16.653183870119953],[121.24807247333132,16.65368155298596],[121.24800721923097,16.654539441919702],[121.24811758383272,16.655038823768443],[121.24845875106872,16.655429389245775],[121.24877295725577,16.655625885108208],[121.24917434410341,16.655712350320183],[121.24977806042945,16.655662064876623],[121.25032332176775,16.655722050890656],[121.25056622230932,16.655862559090025],[121.25070632444954,16.65625142448849],[121.25064258878712,16.656943177915796],[121.25061009198897,16.657358278404555],[121.25088530718243,16.657963255396144],[121.25117830096416,16.65805536431026],[121.25152375282546,16.657975203601687],[121.25204507118309,16.657508842076638],[121.25308795148874,16.65654842474902],[121.25378186058802,16.656055820762543],[121.25432913275048,16.65589427978353],[121.25481719912034,16.65592608080048],[121.25521658409475,16.6562340513976],[121.25547284864437,16.656485433520725],[121.25570239507758,16.656515056854857],[121.25601987041306,16.65635157767166],[121.25648172017002,16.65610623709156],[121.2567112664259,16.656135859280933],[121.25702573393202,16.656304653897983],[121.25730947330659,16.6566947236304],[121.25756248519173,16.657306068655373],[121.25775905057829,16.657806172102962],[121.25809949206726,16.658279792822707],[121.25843642983267,16.659141068048143],[121.25862038893474,16.659447222831876],[121.25893336159214,16.659782153026207],[121.25924908841924,16.659812496723752],[121.2596527425553,16.65964973599462],[121.25999944608164,16.6594311128066],[121.26025772234813,16.659460972627468],[121.26065737392598,16.65974124448132],[121.26111147702137,16.660354273761723],[121.26190603920422,16.661440918020507],[121.26218779654423,16.66205250001078],[121.26223925036223,16.662717534195334],[121.26237413286817,16.66368787751485],[121.26259869235695,16.664271287805313],[121.26279527659277,16.664771388056742],[121.26299411016214,16.66502228099922],[121.26325289425857,16.664996758435425],[121.26342849730793,16.664638236962894],[121.2634889461902,16.66430644207411],[121.26397853546823,16.66417208540616],[121.26466845683721,16.664122480708574],[121.26524547023709,16.663850393973405],[121.26585270431566,16.663412407457017],[121.26660605730542,16.662698722861162],[121.26689854836896,16.662119640615252],[121.26708975048238,16.661622786381848],[121.26737825207405,16.661486739318683],[121.26775168455094,16.66148986097086],[121.26823728028045,16.661798529641352],[121.26883255260532,16.662689642595222],[121.26996640738135,16.664388315658652],[121.27104631016772,16.665698847446265],[121.2725261615633,16.667261936849066],[121.2741677581178,16.668410986342565],[121.27485471752219,16.668693627138133],[121.2761454383066,16.668925906861496],[121.27683488200488,16.66893164271389],[121.27781431964037,16.66863517572359],[121.2785376901666,16.66805965656962],[121.27932048984084,16.66726309225061],[121.28083850721198,16.664561878059796],[121.28181492095509,16.662991531731794],[121.28378605980397,16.661014038235425],[121.28514652640521,16.659862232803928],[121.28601396243714,16.65923249013856],[121.28676378182718,16.658906384190953],[121.28742372937523,16.65899491424168],[121.2884259233473,16.65936318973046],[121.28939890403524,16.659786603816492],[121.29081271471111,16.660712107885203],[121.29183775644339,16.661745167987945],[121.29226250700013,16.662440972157608],[121.292457941982,16.66307950196995],[121.29242528676875,16.663522307243685],[121.29230522438061,16.66410285289834],[121.2917800430325,16.665012364680948],[121.2914301649549,16.665591014729227],[121.29011007248938,16.667047807061152],[121.28924039553847,16.667926774993013],[121.28834469220585,16.668500910568618],[121.2873650201424,16.668825118981594],[121.28649902065801,16.669288723020603],[121.28568874496828,16.669946628555557],[121.28499509984147,16.6704116517762],[121.28410208903195,16.67068117680029],[121.28303547755456,16.671087718951345],[121.28186856374239,16.671465731255793],[121.28091561671123,16.672011664408487],[121.28024649462743,16.672735786630383],[121.27963948396324,16.673357975653722],[121.27911694042994,16.673962857721268],[121.27822192469681,16.674453874099907],[121.27755697440557,16.67491910784908],[121.27680558962938,16.67541131190457],[121.27611264929348,16.67579323173625],[121.2755621048353,16.676314794360437],[121.27531444237792,16.67670041854878],[121.2750209557109,16.67739027153388],[121.27487724616377,16.677721020863526],[121.27519379751553,16.678060017904045],[121.2752992991457,16.6783894985549],[121.27529458204258,16.678915605383132],[121.27514796102389,16.67924668679766],[121.2745664394294,16.68001721448579],[121.27436111703622,16.680486265341106],[121.27421352428262,16.680762073089547],[121.27467713071366,16.68048889904935],[121.27522719382641,16.68002271997556],[121.27701927258039,16.678819196700374],[121.27774243865952,16.678271374524993],[121.27855327191159,16.677558126619527],[121.2792472056355,16.677065439239946],[121.2805461566593,16.676383929946248],[121.28207368612632,16.675842767935944],[121.28325523809211,16.675437186173802],[121.28389145051202,16.674971694976016],[121.28464528645524,16.674202563521924],[121.2854424545045,16.67340609544069],[121.28599074590848,16.673133713168806],[121.28702641848339,16.67297612893463],[121.28834764154533,16.67301474386503],[121.28958096018488,16.67324646911389],[121.29081206888867,16.673727397938226],[121.29141068015258,16.674258487152574],[121.29192139024045,16.674982694724488],[121.29215967894697,16.675649270656614],[121.29223603144874,16.676757584835457],[121.2921974706277,16.677864951227978],[121.29204694483582,16.678639088667953],[121.29169433352958,16.67952232699411],[121.2914311025465,16.680046304780017],[121.29076246816228,16.680926932694387],[121.28996306994988,16.681972630213387],[121.28943806720378,16.682854438991928],[121.28868322563312,16.683734345984426],[121.28813268703995,16.684255942727052],[121.28740804298458,16.68496994153177],[121.28700213141336,16.685381963109236],[121.2868552769683,16.685740744021317],[121.2867931301453,16.686266378076677],[121.2868761114303,16.68662706122979],[121.28731648724485,16.687184546358786],[121.28805532296717,16.68810449623043],[121.28904756009457,16.689608072075735],[121.2901525164658,16.691361804186602],[121.29063625393562,16.69189194998745],[121.29129139261997,16.692534278660645],[121.29244637020876,16.693513036281736],[121.29321644386519,16.694156308315314],[121.29395926680291,16.694633200621134],[121.29456015881527,16.69491507589236],[121.2948238513805,16.695037157678264],[121.2958265322246,16.69467628248152],[121.29683309769598,16.694573802983697],[121.29769502662516,16.69458089697652],[121.29809848643882,16.694445755667967],[121.29899282285099,16.694037728527736],[121.30023339560609,16.693466389005554],[121.30085257775102,16.693305321932115],[121.30159884529955,16.69339452583279],[121.30274661247856,16.69357009773256],[121.30492356737652,16.694335634770823],[121.30621207158113,16.694844648023146],[121.30787189477903,16.69560592157974],[121.30852857048428,16.696082060273643],[121.3088696911661,16.696500233151454],[121.30892349839529,16.696916056989302],[121.30887650161947,16.697358748991537],[121.3087284563563,16.697855999287004],[121.30869319383075,16.69825361612496],[121.30895465350757,16.69827323255088],[121.30967538216208,16.698002200858742],[121.31022298859601,16.697812829136296],[121.31073991475382,16.69784474359074],[121.31122591897555,16.698125634913367],[121.31179374010742,16.69890565428288],[121.31221498654487,16.70001678393959],[121.3125814486869,16.700822850772404],[121.31280279302163,16.7017938870879],[121.31277675131454,16.70312290486577],[121.31259681467475,16.703979897724302],[121.31229999838366,16.70505747455922],[121.31171779670302,16.705911182283533],[121.31108104624902,16.706432135087017],[121.31041726493018,16.70675901891571],[121.30972694224393,16.706836453184476],[121.30897915325525,16.706913415087186],[121.30854742678547,16.706992960232604],[121.30820092313607,16.70718397075195],[121.30788046758884,16.707679808304224],[121.30734255876382,16.708395402651856],[121.30714631814705,16.70894872623],[121.30770998843781,16.70909071620734],[121.3082846543464,16.70909541969607],[121.3086878963247,16.708987950245405],[121.3088919561699,16.708657312815006],[121.30901054731065,16.708242899329452],[121.30935827140311,16.707913436330696],[121.30973302107128,16.70777803932365],[121.3105373050925,16.707812305654734],[121.31128217505538,16.708067621695523],[121.31188216372423,16.70846021357281],[121.31213759849132,16.708822298768375],[121.31216195002938,16.709320958502584],[121.31198346301565,16.710011807874277],[121.31177672792069,16.710647041709844],[121.31171146785775,16.711532661121794],[121.31155489016326,16.712999071840624],[121.31156560340007,16.713414543196727],[121.31141949734521,16.713690272089156],[121.31095682869812,16.714018798460145],[121.31052264888142,16.714375248785537],[121.31031858463889,16.714705887353695],[121.31028790013939,16.714927174370246],[121.31051557991665,16.71517826594203],[121.31117329990656,16.715543641067907],[121.31157265682822,16.715879211283696],[121.31168369653537,16.71632319449127],[121.31156583521833,16.71665453850325],[121.31133279166185,16.717012633411386],[121.31115794747132,16.717288126922448],[121.31124049575436,16.717704185193274],[121.31155414018659,16.71798367073821],[121.31227007174157,16.71826644215286],[121.31307196651942,16.718577605355495],[121.31354170971998,16.719079900712075],[121.31425059324538,16.720165684167448],[121.31510145815216,16.721446469685393],[121.31626088917325,16.723588228638068],[121.3166286194621,16.724255840635575],[121.317297592191,16.72498129104107],[121.31783847258693,16.72556723497101],[121.31823640469605,16.726068936905104],[121.3183771710481,16.726402390707676],[121.31831727083514,16.726678826034437],[121.318172133408,16.726843798034523],[121.31791302273703,16.72689707250002],[121.31762736209782,16.726700899703953],[121.31714152171415,16.726392326436393],[121.31645671885354,16.725832899929664],[121.31603029944586,16.72530327044675],[121.3155152431461,16.725049840173387],[121.31491203481534,16.725017227731012],[121.31430858349341,16.7250123038184],[121.31396375425801,16.72500948936335],[121.31376066934732,16.725151954472054],[121.3139593726555,16.72550791418812],[121.31464538302515,16.72592889684964],[121.3163332667989,16.726801123463673],[121.31698933627818,16.72736031643997],[121.31778909092246,16.72792067804609],[121.31838745307563,16.72850708941328],[121.3188696592068,16.72923101527739],[121.3195505980507,16.730233480704896],[121.31998995006687,16.730929363486233],[121.32055643783579,16.73187551052481],[121.32072303793866,16.73254148118543],[121.32063270318694,16.73301151583054],[121.32034217846649,16.733369152596595],[121.31987947236358,16.73369769544197],[121.31918832395424,16.73385822364589],[121.31821077455481,16.73390564747027],[121.31766476854645,16.73390119900309],[121.31708856692924,16.734062656584218],[121.31682847355059,16.73422668988231],[121.31665215961553,16.734668328589926],[121.31636113874393,16.735081339348486],[121.31598633732214,16.735216743615382],[121.31532464880206,16.73529442169832],[121.31447762832978,16.735204431098317],[121.31413205008415,16.735284685993566],[121.31366884249529,16.735668593942282],[121.31312112680837,16.73585796460643],[121.31257657938164,16.735687360857394],[121.31223343807936,16.735490710258183],[121.3118632673915,16.73509999267666],[121.31152207930435,16.734681819381983],[121.31109346145709,16.734401391412998],[121.31074959201891,16.734287809265897],[121.3103349207824,16.7344648665974],[121.31009525340885,16.734326368194093],[121.31005721612888,16.734586756930355],[121.31028320768596,16.735031681725935],[121.31099309787403,16.73600671767152],[121.31167620896689,16.736759995068805],[121.31236249527873,16.737153297873665],[121.31299277179308,16.737379987580926],[121.31402610790698,16.73752689132263],[121.31448517965217,16.737613717114026],[121.31508550579399,16.737978617365812],[121.3154856434157,16.73823111342334],[121.31588456538906,16.738622060094436],[121.3158524205441,16.73900948923632],[121.31550318439326,16.739505099623635],[121.31501220418691,16.739778014231376],[121.3142355476535,16.73985474881988],[121.31328719405147,16.739847000686957],[121.31308480932678,16.73998380766543],[121.312477653477,16.74039422724151],[121.31209991208878,16.740861905594834],[121.31169245463788,16.741440108740246],[121.31095328390839,16.742154057050932],[121.30991162178286,16.74294860150082],[121.30872748102914,16.74360351144673],[121.30768604691849,16.744370352863346],[121.30678927711752,16.74502760698195],[121.30603692970043,16.7456029660853],[121.30568839089109,16.74601548586473],[121.30516374211989,16.74684193977579],[121.30430613819593,16.747942576363727],[121.30355205488117,16.748711754919626],[121.30277118949755,16.74925917331491],[121.30193333225165,16.749750735116216],[121.30138311013896,16.750216969850513],[121.30077442365398,16.750793489405055],[121.30039540384054,16.751399591410603],[121.30018759001659,16.752145563617105],[121.30017215726424,16.75270846736571]],[[121.3020793800198,16.75374225316313],[121.30205742730203,16.753382111168026],[121.30209751484281,16.752930503479575],[121.30224507049508,16.752566691499208],[121.3025724072984,16.75227388787486],[121.30322507557638,16.751914231291025],[121.30376827114715,16.751692730070356],[121.30407510133007,16.751677870873884],[121.30436281427238,16.751784529732046],[121.30470264635429,16.752117585734116],[121.30480765367011,16.752483475866992],[121.30487611986952,16.752901212370627],[121.30500162979972,16.752989155084993],[121.305272690036,16.75293923581384],[121.30585212037562,16.752700644645042],[121.3062152246834,16.752442893086243],[121.30648874373112,16.75211487624639],[121.30663705914301,16.751664155305665],[121.30667944079919,16.750951830701926],[121.30673601917941,16.750674179025907],[121.3069639743561,16.75039793397776],[121.3074188072991,16.749967109954387],[121.30760196877834,16.74965573195718],[121.30784139856735,16.749101463542885],[121.30788193140071,16.748597710192936],[121.30801235416571,16.748129458592867],[121.3082505522293,16.747714237466468],[121.30865064339949,16.7473524900747],[121.30906754484748,16.747129937798544],[121.3094112139376,16.747028460515068],[121.31068621075882,16.746673876077626],[121.31133746704074,16.746470619904873],[121.31217064716282,16.746095026813435],[121.31336828341587,16.745305234056893],[121.31427605930944,16.744652124224583],[121.31492852894401,16.74430980705754],[121.31553467581293,16.74410616816023],[121.31607630942736,16.74405844196292],[121.31715820207455,16.744119415142197],[121.31805924610383,16.744231055720217],[121.31887162077015,16.744168146458136],[121.31955833061929,16.74403468113778],[121.32008329664006,16.74383036725071],[121.32044697577714,16.74350306262617],[121.32062995761996,16.743209051522076],[121.32066280594356,16.742548788600264],[121.32070695847736,16.74162788194762],[121.32078627399959,16.740811555553204],[121.32087981952932,16.74042990430005],[121.32111660931885,16.740171094911098],[121.32149801362871,16.739878696564023],[121.32227733583238,16.739467855598384],[121.32326303612453,16.739180364850984],[121.32402264129192,16.738960563010753],[121.32453031030293,16.738669183669124],[121.32496536718811,16.73842936093964],[121.32534569936826,16.73825862287922],[121.3257611972242,16.73819246381753],[121.3264640999345,16.73826769370974],[121.32722005759828,16.738465028239222],[121.32793963620233,16.738696830293957],[121.32940343304175,16.73943874584352],[121.33012165533869,16.73982697185048],[121.33161237748365,16.740586473351122],[121.33234713530584,16.741148650601843],[121.33297199933608,16.741901145042235],[121.33374475920637,16.743280601157586],[121.33416953996161,16.744222684281592],[121.33461296844015,16.74509538740325],[121.33506179442915,16.74638531283331],[121.33571747805311,16.74774643636765],[121.33601871648781,16.748374635557518],[121.33663142655286,16.74949205564223],[121.33680548497617,16.75022352338927],[121.33678367083125,16.750657909582173],[121.33670758543167,16.751109240613758],[121.33645185392847,16.75147221039677],[121.33608757878399,16.751869069136184],[121.33544352904556,16.752281051903296],[121.33497373006303,16.75236417230306],[121.33448664661563,16.752360239711443],[121.33416298295651,16.752235948669163],[121.33400228557417,16.75204344368347],[121.33389616245367,16.7517992320521],[121.33389888480158,16.751486369764446],[121.33403015551062,16.75091380882039],[121.33425026415951,16.75049840728397],[121.33445172717147,16.750152384737873],[121.33448946990606,16.749961482341977],[121.33450992850454,16.749683528046557],[121.33435089561146,16.749299829740572],[121.3338343941955,16.748530830313427],[121.3327212841987,16.746870503877176],[121.33243703920971,16.746364115405616],[121.33229726290097,16.74584151194518],[121.33219462545367,16.745197531427387],[121.3322086390792,16.74462402359493],[121.33228306638011,16.744363888270897],[121.33235749344722,16.744103752895587],[121.33237749975828,16.743877942595756],[121.33227107968628,16.743668493009817],[121.33200139843201,16.743562018526053],[121.33176673652945,16.743577504020028],[121.33149402808331,16.74381865351897],[121.3313632110669,16.74433906929704],[121.33117267225656,16.745502152535103],[121.33110674143728,16.746857450181142],[121.33104292929191,16.747969410488736],[121.33094758068745,16.74855964218685],[121.33060717901266,16.749321715235496],[121.330167100399,16.750135127899885],[121.32992757956208,16.75070680911984],[121.32975961061828,16.75134859903109],[121.32948279350114,16.752059036844816],[121.32919847083211,16.75259558903927],[121.32879840269014,16.75295737865014],[121.3282352127576,16.75340475727789],[121.32759955576026,16.753886311330653],[121.32703651228766,16.754316304973848],[121.32665447682312,16.754678236018027],[121.32627198401629,16.755092309705798],[121.32599681961607,16.755611548165888],[121.32574856219654,16.75614838696237],[121.32568851171429,16.75682581267355],[121.32570062268928,16.75750382423773],[121.32578155095264,16.75856480711459],[121.32587909087512,16.758944021587755],[121.32623170649612,16.759698317245146],[121.32681960474382,16.760554826351388],[121.32715812613769,16.761044280467914],[121.32735232180147,16.76153256321784],[121.32738414961759,16.762019528534772],[121.32730742749494,16.762540377871627],[121.32714876020178,16.76314747410526],[121.32705612324894,16.763424840581255],[121.32703664701032,16.763700027632385],[121.3272163656815,16.763669494486628],[121.32772197297179,16.763621449699652],[121.32835326056265,16.763643952490515],[121.32916283487106,16.763911252237115],[121.33015176178144,16.76430167888112],[121.33209172783842,16.76529080138971],[121.33332104740501,16.76604819010998],[121.3338222707092,16.766504185954506],[121.33426861514539,16.76704664941484],[121.3345709322296,16.767553183372225],[121.3348212443939,16.76781594261862],[121.33500105506748,16.767886925161225],[121.33525393993833,16.767854203182825],[121.33552501759216,16.7678042453738],[121.33581489283075,16.767667526741498],[121.33601304781729,16.767703891648104],[121.33613828057462,16.767826579906412],[121.33631567300172,16.768175661057143],[121.33634918623825,16.768471433288354],[121.33627323988375,16.7689053814584],[121.33616886963505,16.76949554210702],[121.33614583793386,16.770068976948505],[121.33626789687989,16.770556671027478],[121.33646424065135,16.770801610510897],[121.33682386904427,16.7709435731539],[121.33714892550434,16.77091143167776],[121.33760133281491,16.770758639941047],[121.33803826537888,16.77031022049356],[121.33863742120631,16.76988049034461],[121.33899946515123,16.769744349151104],[121.33937849401703,16.769730021459317],[121.33986441589691,16.76987299652814],[121.34011504039329,16.770100987681822],[121.34018509592167,16.770344906665233],[121.34016539468035,16.770535955221884],[121.33989220140266,16.770829256517157],[121.3393297325089,16.771189756071138],[121.33858578480593,16.7716704679327],[121.33807743719983,16.772031400029963],[121.33783069735432,16.772394441315353],[121.3378475307459,16.772533636769076],[121.33797382515431,16.77253465557131],[121.33842593388972,16.77241662481651],[121.33904011862379,16.772334664560674],[121.33930999465275,16.77242375227885],[121.33936306422716,16.772545857291938],[121.33937974780491,16.772702433970572],[121.33932275346733,16.77303224147636],[121.33910292661804,16.77341288373445],[121.33902773831105,16.77375992687209],[121.33898425521483,16.774611316981034],[121.33889072169805,16.774992976984876],[121.33861600920324,16.77546008812599],[121.33823470286515,16.77573513193268],[121.33792677386514,16.775871707361183],[121.33761944900347,16.77593875736715],[121.33733092215859,16.77591904638015],[121.33706119370753,16.775812574513324],[121.33688243332368,16.77561992451728],[121.33668608462226,16.775374985051943],[121.33648822409795,16.77530385765393],[121.33628960748639,16.77531963617674],[121.33612631914308,16.775422612044167],[121.3360160986545,16.775647693491877],[121.33599487939749,16.776012553294336],[121.33590748564572,16.77672452724005],[121.33572221912904,16.777279268398345],[121.33541080500063,16.77781560744955],[121.3349021318798,16.778211291911457],[121.33435812878207,16.77851977712097],[121.33372497156427,16.778705862595697],[121.33294762396677,16.778873396625666],[121.33246047354217,16.778869453209136],[121.33206414292899,16.77879671449925],[121.331759239169,16.778585656352934],[121.33091913027857,16.777674965676145],[121.3301232243209,16.776868924842308],[121.32989019165583,16.77669321170581],[121.32958423063934,16.77660381892071],[121.32904280783212,16.776616810168257],[121.32868104890308,16.776718169670517],[121.32855914532007,16.776939560262907],[121.32856132058271,16.776939971476708],[121.32865050636069,16.776956831223508],[121.32898951189392,16.777020916712264],[121.32928978054163,16.77726196169437],[121.32964911034212,16.777438699707734],[121.3299885762341,16.777823864787216],[121.33016459791833,16.778329381179198],[121.3305871443786,16.779532191452752],[121.33081866306594,16.77988171575684],[121.331069591227,16.78007495558718],[121.33151974857361,16.780182897252885],[121.33258396616765,16.780226280729693],[121.33370125228709,16.780391765002705],[121.33416839472694,16.780621515392472],[121.33434639894112,16.78090107379446],[121.33439734636059,16.78126651661986],[121.33441865438456,16.781927220817504],[121.33450174940135,16.782744866459396],[121.3345631660146,16.7839795147025],[121.3347201007577,16.784606550893677],[121.33480698413568,16.784989666685895],[121.33516854018394,16.785948623303412],[121.33536232188423,16.786489045050622],[121.33587922045888,16.78722328527277],[121.33678838873129,16.788499549113833],[121.33767398219854,16.789375823529113],[121.33828277887525,16.789919594213423],[121.33892993387032,16.79020293632612],[121.33963212879107,16.79038242586217],[121.34047867550879,16.79056307692539],[121.34103637226913,16.79075877932386],[121.34137694059338,16.791022260643462],[121.34166126547376,16.79152864272757],[121.34190890030312,16.792104258782967],[121.34234267940754,16.793063787989404],[121.3424280719509,16.793620714399992],[121.3423889663351,16.79396804859591],[121.34220520549424,16.7943489824911],[121.3418411528894,16.794711081132466],[121.3412602663134,16.79510619629894],[121.34008134850752,16.795791988164943],[121.33949234005449,16.796082737626133],[121.33916572850248,16.796288691041156],[121.33900196885746,16.79644381115331],[121.33899970075664,16.79670452926997],[121.33917832995391,16.796914560209075],[121.3394822121122,16.79724727882522],[121.33971301064712,16.79768370197964],[121.33974622767866,16.798014236202437],[121.33954456377819,16.798377639951138],[121.33943554077855,16.79846367226108],[121.33918019573579,16.798774495025903],[121.33905116186804,16.79908633709541],[121.33903054639507,16.7993816718887],[121.33912691847044,16.799712715928536],[121.3393223852939,16.800061942251073],[121.3395189111587,16.800289499998264],[121.33966281516717,16.800342808655085],[121.33977153688721,16.80029153874284],[121.3399187664485,16.799962460612644],[121.34008464464206,16.799564003054144],[121.34032224711964,16.7992182711663],[121.34079639195339,16.798648474845756],[121.34088933366554,16.798336340393313],[121.34080379382844,16.797796795021302],[121.3407531347339,16.797396590412692],[121.34077374704816,16.797101255135896],[121.34091976368403,16.79691122561225],[121.34135433898028,16.796740904503036],[121.34211446675309,16.796486293268668],[121.34269475280117,16.796160700921433],[121.3433572919758,16.795714091712377],[121.34388268719512,16.795474966074035],[121.34435198921177,16.79546135981292],[121.34478399733233,16.795586512296644],[121.34508818945697,16.795884460827],[121.34524652130725,16.79635506087719],[121.34561076963047,16.797003661470143],[121.34563273176931,16.797222133414373],[121.34564975510081,16.797391475586377],[121.34588813805959,16.79728149068597],[121.34599881407512,16.797004260672285],[121.34596694128214,16.79651729505876],[121.3458991304076,16.79601265808504],[121.34570636494364,16.79535057434317],[121.34525587550948,16.794234473986418],[121.34517062511725,16.79366016675711],[121.34499620915004,16.792963465184435],[121.34487216034668,16.792701730498557],[121.34451459452765,16.792316440335163],[121.34419402216747,16.791827152410036],[121.34403479148084,16.791460839481267],[121.34402863281338,16.79113052293784],[121.34406698094485,16.79087009433299],[121.3441956987238,16.7905930101839],[121.34446831451807,16.790369230708986],[121.3447937054609,16.79030231750954],[121.34542508795445,16.790324775949184],[121.34616383069341,16.790452389999743],[121.34695866171846,16.790354479450013],[121.3477187577492,16.790099844434625],[121.34886107696322,16.789465857353942],[121.34969559487436,16.788951073647436],[121.35102886017111,16.788144778672798],[121.35166428737607,16.787697921400678],[121.35226467391308,16.787129103685892],[121.35304833888723,16.786231481679362],[121.35372268758042,16.785454659891933],[121.3540257944081,16.78483131114029],[121.35428453932431,16.784120694402233],[121.35454432976526,16.783288407553453],[121.3546761694657,16.782646306109122],[121.35470064728631,16.7818990513546],[121.35484674319206,16.780648673587574],[121.3550128699397,16.780215436278613],[121.35525131702391,16.779765393727086],[121.35545128442683,16.779593164759845],[121.35559592658204,16.77955955447548],[121.35577590686007,16.77961313908315],[121.35595424269664,16.779857918780667],[121.35602372333504,16.780171359805447],[121.35586921229857,16.78135214162594],[121.35586367964476,16.78199525273514],[121.35582146221782,16.782707601204113],[121.35590659377499,16.783299288385592],[121.3560470518559,16.783752356668945],[121.35636585063598,16.784450204557487],[121.35657534453212,16.785268857727615],[121.35700664702198,16.786523845290557],[121.35732560256477,16.78720431084527],[121.35777071659645,16.78790316501443],[121.35812770639329,16.788357959491933],[121.35862919746026,16.78879652305533],[121.35998568369196,16.789485255112314],[121.36144365852266,16.789914047790106],[121.3633712307848,16.79029441694155],[121.36447840495968,16.790598721341397],[121.36487373635948,16.79079307092405],[121.36501660072945,16.79096803200186],[121.36505045705316,16.79122904032923],[121.36492176778651,16.791506140141873],[121.36442534858622,16.79257991870207],[121.36427638004643,16.79311759606309],[121.36425535825747,16.793465081357688],[121.36434334654712,16.793726519918327],[121.36452125895592,16.794023438304187],[121.3646533167354,16.794406905309096],[121.36455654489363,16.79517097152075],[121.36446289851152,16.795570027478405],[121.36451316112516,16.796022374959442],[121.36463679310054,16.796336244585078],[121.36479785433161,16.796493968036355],[121.36508626973504,16.796531024911264],[121.36526716190504,16.796480314144418],[121.36561268682082,16.796170171490978],[121.36619650742054,16.795427354467282],[121.36663358926091,16.794961492945333],[121.366942277138,16.794737968431868],[121.36728586420175,16.794653781370535],[121.36782675100268,16.794710219682724],[121.36836615307583,16.79494047128209],[121.36868828038106,16.79525591261358],[121.3687852977702,16.795517421353907],[121.36876532290484,16.795743237437357],[121.36860143708256,16.795915764755627],[121.3683656697826,16.79605295670856],[121.36823757539285,16.79626053274901],[121.36828977810708,16.79648692103898],[121.36852183302379,16.796784265896427],[121.36885978066343,16.79736057228885],[121.36891124183627,16.79767386782974],[121.36889200914447,16.797812776535043],[121.36871037376382,16.7979503977875],[121.36849353984611,16.797983443920632],[121.3682234630148,16.797911771755324],[121.36766630560183,16.797646613065584],[121.36750509228384,16.7975062730408],[121.36723457066819,16.79748674402771],[121.36705382654101,16.797520075030125],[121.3668541455924,16.797657551355037],[121.36679807856713,16.79788308054182],[121.36695825086989,16.79814509125162],[121.36717240923217,16.798424912913763],[121.36742265780043,16.79870502075556],[121.36751080092935,16.79894907697184],[121.36751670199811,16.799314159082005],[121.36752939586037,16.7999400345572],[121.36757877413436,16.800496670553862],[121.36768377398583,16.800879921540535],[121.36786214335235,16.801124693519146],[121.36802350837485,16.801247652052858],[121.3683010582511,16.801205644163804],[121.3683682957352,16.801024412558938],[121.36844522996117,16.800468778310083],[121.36855676794488,16.800087244751822],[121.3688659082572,16.799811573594667],[121.36930091650147,16.799589047457676],[121.36982555449089,16.799436761072823],[121.3704029910218,16.799441335343438],[121.3709073581529,16.799549625396644],[121.37153670596274,16.799815347448224],[121.37223719804986,16.80020330924297],[121.3725072800475,16.800274976536954],[121.37281434126695,16.80024263994459],[121.37319432303445,16.800123966120967],[121.37394570701566,16.79983440040873],[121.37421830589113,16.799610579790638],[121.37478184260746,16.799128316791332],[121.3753079554768,16.798802200709893],[121.3758324400161,16.798667279909097],[121.37624791558353,16.798618410980225],[121.37675243303823,16.798709305272286],[121.37714779517907,16.798903633677895],[121.37743355902575,16.79925354146598],[121.37764640540598,16.79968978750467],[121.37800213599084,16.800300986945818],[121.37841392361386,16.800686652546222],[121.37889656483895,16.801229320161347],[121.37892141827862,16.801490256675088],[121.37877484246091,16.80174984230392],[121.37860992570474,16.802044048655635],[121.3786257561314,16.802304914047976],[121.3788402321166,16.802549962258304],[121.37921652583384,16.802865816124296],[121.3796834901637,16.803130235452155],[121.3800787170263,16.80334194075339],[121.38016776358907,16.80348170370245],[121.3801662883366,16.803655519259017],[121.38003731497247,16.803967392500628],[121.3796713892288,16.80455552263166],[121.379097494815,16.805194161260857],[121.37877046052063,16.805452324415032],[121.37830024260504,16.805570296489865],[121.37760323354749,16.805503577990123],[121.37693177820694,16.80539033457423],[121.37592520947797,16.805148506309976],[121.37523507990313,16.80503511007485],[121.37484316988521,16.804996031983908],[121.37443166368375,16.805064744213205],[121.37420677373463,16.80515292170621],[121.37409363894564,16.805277964330077],[121.3740729693208,16.805511683730067],[121.3741461446149,16.805692172004395],[121.37427581097147,16.805819133826617],[121.37444329136302,16.8058924214824],[121.37474212420511,16.805894783033676],[121.3751351083046,16.80580793300726],[121.37543394111736,16.805810293542155],[121.37589994881043,16.80592191973568],[121.37669969602656,16.806324035222445],[121.37759145597869,16.806888792766397],[121.37781344092654,16.80714241788175],[121.37786748431992,16.807376727256813],[121.37779109296497,16.807574025813963],[121.37762177401507,16.807716618257306],[121.3771721427512,16.80787498983151],[121.3764250520815,16.80786909329062],[121.37543454470475,16.807933235317698],[121.3747609375436,16.80807184104571],[121.3743105371993,16.80832015492362],[121.3740276182596,16.808641755878817],[121.37393116515643,16.809000812797237],[121.37390972783831,16.80932448086682],[121.37404948742015,16.810459017457315],[121.3740831624951,16.810891067136804],[121.37404320069021,16.811196597716158],[121.37390985073412,16.811501389755495],[121.37365294840858,16.812057078035046],[121.3734998456333,16.812487650222746],[121.37353420013504,16.812799876866826],[121.37353599748194,16.812797846906516],[121.37370336763837,16.812608815356317],[121.3744905298969,16.812405529898964],[121.37486622951914,16.812156626052676],[121.37512955582741,16.811942815403086],[121.3752809689976,16.811710129114164],[121.37532077580612,16.81142258791828],[121.37536502557963,16.810613343246917],[121.37542412217205,16.810253990431747],[121.3755576219241,16.80993120731035],[121.3759158628975,16.809538235151994],[121.37627211194913,16.809379129432585],[121.37696363536074,16.80933061544255],[121.3778038131143,16.809373226816213],[121.37817674988464,16.809448132384976],[121.37862286787214,16.809703524417696],[121.3789566164368,16.809994011814386],[121.37919651986712,16.810337732117755],[121.37948359527806,16.810803599416165],[121.379652285785,16.810557216178204],[121.3798082760216,16.809784831493285],[121.38009928341815,16.808509761469434],[121.38023231586382,16.808240943932393],[121.38045812364473,16.80804482100024],[121.38072128556689,16.8078489918939],[121.38111411948515,16.807780120397425],[121.38191663320734,16.80785840008274],[121.38225328246662,16.807807075362266],[121.38242244588218,16.807682468654487],[121.38253603472218,16.807503451592392],[121.38263338591742,16.807036450039085],[121.38263719808026,16.806586703884033],[121.38270439798697,16.806371339758826],[121.38285610229455,16.806102666884],[121.383120326196,16.805780905261194],[121.38340185466092,16.805621198703538],[121.38355157630565,16.805586393295833],[121.38371982263678,16.80556972439861],[121.3839431861589,16.80566143476393],[121.38422105802144,16.80593348369696],[121.3843686474061,16.806150535784386],[121.38461053684469,16.806260382081785],[121.38485334021901,16.806262288916617],[121.38507837994179,16.806156109603616],[121.38530433279442,16.805941990793155],[121.38571888274241,16.80551345911875],[121.38594392114932,16.805407278732762],[121.38624321133581,16.805355653871047],[121.38652291165742,16.805411821351576],[121.38687640822953,16.805576513708935],[121.3871343909377,16.80599233167624],[121.38752205111389,16.80653510366672],[121.3877255246458,16.806770582872364],[121.38806019560215,16.806953116960294],[121.38834020288897,16.806973302415727],[121.38857442861332,16.806885182264594],[121.38889422082781,16.806617821202412],[121.38930952424994,16.80609933221239],[121.38968595292759,16.805760448828174],[121.38994804060437,16.805690536168356],[121.3902845332926,16.80565718768386],[121.3907130463587,16.805786478594936],[121.39147517187034,16.806224226836974],[121.39240282005828,16.806969115344618],[121.39426086381901,16.808135062474683],[121.39469766494904,16.808390348329887],[121.39499589935075,16.80846464060996],[121.39529489056898,16.808448982698344],[121.39568817688408,16.80832611312901],[121.39610074515313,16.808131428573418],[121.39636464901692,16.80784562823577],[121.3965362232672,16.807433169631345],[121.3966332384075,16.807002138425407],[121.39678432002366,16.806805413526188],[121.3970084481996,16.806807160484166],[121.39719355943346,16.807006505823917],[121.39733920079179,16.807457419605576],[121.39735168274817,16.808195154127656],[121.3974242772063,16.808447595962313],[121.39757203527408,16.80864665000666],[121.39781393679296,16.808756481670276],[121.39807542247287,16.808758518684762],[121.39854281429379,16.808708185432565],[121.39897254893955,16.808693540261658],[121.39927048416935,16.808803806501707],[121.39966029864809,16.809094699025458],[121.39997419680914,16.809528929592737],[121.40015629648218,16.8100880726273],[121.4001618636411,16.810537895170835],[121.40010281287105,16.81089725910514],[121.40000700975722,16.81118437235497],[121.39974325675463,16.811452187362246],[121.39899221798737,16.81191411114687],[121.39846591479844,16.81230581787868],[121.39788100687865,16.81300291595786],[121.39721083405142,16.813843276443787],[121.39709710271327,16.814040292334422],[121.39713324931375,16.814184503272877],[121.39731972770116,16.81422193931815],[121.39797134495844,16.81447889397558],[121.39858379513649,16.814951435412844],[121.39895297857083,16.815476054285767],[121.39911685402382,16.815981082761322],[121.39920329863595,16.816809348933155],[121.39915899466287,16.81763659685389],[121.39916289663628,16.818284308627355],[121.39926847325113,16.819058750260137],[121.39947091716996,16.819420149773602],[121.39993184322034,16.820143384618568],[121.40013277973766,16.820684683421213],[121.40012749570396,16.82131433260093],[121.40022343544071,16.822124681246784],[121.40058403159907,16.82367472707838],[121.40076282200127,16.824629649620654],[121.40075844445448,16.825151358905085],[121.4007090292501,16.825474814977166],[121.40059604815896,16.82558188244271],[121.40027729341699,16.825723330134213],[121.39969717992281,16.8258447506962],[121.39943403012711,16.825958275513454],[121.39922577212056,16.825862691501015],[121.39922838577823,16.826056992556936],[121.39945042164477,16.82631059825048],[121.39996845724954,16.826908340763648],[121.40015223014404,16.827269594695522],[121.40014936054209,16.827611404039875],[121.4000725282977,16.827862681690984],[121.39990305381504,16.828023282072685],[121.39956576603447,16.828146592787753],[121.39915421337737,16.82821535083822],[121.3989104734049,16.8283213982066],[121.39879748955806,16.828428464423073],[121.39879628020165,16.828572384036633],[121.39885095820091,16.82873473036591],[121.39917059497975,16.829600795651416],[121.39924183716998,16.83001514682294],[121.3992000945883,16.83053656430947],[121.3990470290361,16.830967158497455],[121.3986874267447,16.83152208035905],[121.39836654313066,16.83191538322694],[121.39802864235817,16.832110650452325],[121.39761662678328,16.83223337441938],[121.3970372489343,16.832264835899238],[121.396495230726,16.832296587391657],[121.3959620979668,16.832382380136977],[121.39543800172649,16.832504224250208],[121.39489370929246,16.832805820087216],[121.3943671853318,16.833215499782483],[121.39417689822109,16.833627807134192],[121.39405996514454,16.834202607601775],[121.3940177514517,16.834777992230784],[121.39397811604712,16.83504754854292],[121.39373117869346,16.835531376495585],[121.39343799479487,16.83596086900402],[121.39283430892513,16.836657797210396],[121.3920614326588,16.837479335936827],[121.39158956298854,16.838051354374482],[121.3913225670762,16.838696940920016],[121.39114927558292,16.83930727909367],[121.39109049811597,16.839630657517823],[121.39116607752041,16.83980706342309],[121.39146334851772,16.839723534185953],[121.39202756213399,16.839278177120686],[121.39342099800966,16.8379757366211],[121.39400494426776,16.83740459010886],[121.39447786700399,16.836706636028957],[121.39495472778249,16.835540942986032],[121.39525770247747,16.83505755120191],[121.39569098139309,16.834629150057232],[121.39616070956396,16.834308979080525],[121.39640385293778,16.83427489550603],[121.39683334235959,16.834296239652765],[121.39696364845048,16.834351230102005],[121.39699949458686,16.834531420963085],[121.39695956062802,16.83483695807256],[121.3965229518949,16.83566114031879],[121.39599172581202,16.836628511016663],[121.39591367130966,16.837023705410033],[121.3959285635212,16.837473599109135],[121.39607543054744,16.837780594956868],[121.39633498642398,16.838016506470684],[121.39667032489048,16.838127071766216],[121.3969131702908,16.83812896784695],[121.39730606468746,16.83806007045346],[121.39788833583334,16.83768680112046],[121.3983193463856,16.837528243512715],[121.39871178547266,16.837513313079466],[121.39912230004319,16.837570487281596],[121.3993173856146,16.837697945945358],[121.39942795601355,16.83787871903943],[121.39940761237668,16.83807646277386],[121.3992732201192,16.838507201965374],[121.39919532241461,16.83888440811788],[121.39915418047711,16.83933386524231],[121.39922618049656,16.83965826667209],[121.39931655887335,16.84001879359923],[121.39933221489396,16.84037873795661],[121.39929288749755,16.840612315829333],[121.39916045896352,16.840809185537008],[121.3989353829314,16.84091537708976],[121.39869223114185,16.84094946295434],[121.39837435644999,16.840982965607353],[121.39816826325989,16.841053322145587],[121.39784917733971,16.84123074333352],[121.3977450708139,16.841391850785772],[121.39770528698004,16.84167939790476],[121.39781616051002,16.841824192027666],[121.39817003600977,16.841952891194413],[121.39876661139827,16.84210147403824],[121.39964249321173,16.84236017944004],[121.39984707542969,16.84246972087125],[121.39992028693666,16.842650202671468],[121.39993760704999,16.842812257708314],[121.39978664769609,16.842990992162587],[121.39927938892457,16.843328868460336],[121.39894116500986,16.843560115179493],[121.39877061524042,16.843846642587252],[121.3987505723599,16.84400840618496],[121.39878581591057,16.84426055656844],[121.39889532982842,16.844567259593244],[121.3991902934422,16.845037328910173],[121.39930975406101,16.845272144925662],[121.39930672840975,16.84563194345707],[121.39924826422782,16.845919345197622],[121.3988529323907,16.846276083672375],[121.39845850732128,16.846524881744024],[121.39819636418541,16.846594800440013],[121.39799102176706,16.846575206672203],[121.39786101013429,16.846484236371904],[121.39780617786982,16.84633987959555],[121.39773478458534,16.845943518213804],[121.39768116404957,16.845655242124206],[121.39755206186572,16.84545633222045],[121.39734778106094,16.845310808550778],[121.39714334909267,16.845183274610417],[121.39690094919094,16.845127408314408],[121.39671398664568,16.845143939121687],[121.39648860105103,16.845286107195903],[121.3963753018959,16.84542915073173],[121.3962407446526,16.84587787650775],[121.39621781921902,16.84638144768637],[121.39630773905502,16.846795945190824],[121.3964909141536,16.84722916237318],[121.39663687886744,16.84764409765712],[121.3966716651463,16.847950217832782],[121.39665101350847,16.848183940567175],[121.39653816725449,16.848273014325212],[121.39627617276767,16.8483249403944],[121.39588386317732,16.848321874336776],[121.39554820453888,16.848247286137493],[121.39521315299224,16.84810073786823],[121.39493414608822,16.84795462741338],[121.39480383175176,16.847899634996974],[121.39467306226601,16.847898612148107],[121.39443005290694,16.847914702229968],[121.39426116181363,16.848003336203927],[121.39415689638695,16.848182431031862],[121.39407548732878,16.848445914325698],[121.39428554105406,16.84843531250695],[121.39469562149323,16.84854646705262],[121.39510509563907,16.848729580353485],[121.39581028944086,16.84929281730566],[121.39684629950133,16.85050631573092],[121.3975499900836,16.85124944661966],[121.39782673171997,16.851665402600386],[121.39808388394994,16.852189151868565],[121.39824131628089,16.85235230070316],[121.39850180186453,16.85248027164546],[121.39889321219529,16.852591272895356],[121.39913592494302,16.852611157837007],[121.39932319757885,16.852558645615268],[121.39943634807193,16.852433590635684],[121.39957075271471,16.852002852707525],[121.39968586968413,16.85164392859754],[121.39981921402652,16.851339119824345],[121.39987722593455,16.851105687900557],[121.39991806873796,16.850692211042794],[121.39980960947632,16.850259578839765],[121.39936942151671,16.849284626386943],[121.39932453348192,16.849068383060704],[121.39938224241888,16.84887093106253],[121.3995139206462,16.848764011433637],[121.40000084927189,16.848623879485658],[121.40054306569809,16.8485741327803],[121.4007683016228,16.848449950303543],[121.40095677897563,16.84825351669372],[121.40101509051838,16.84798410430688],[121.40099943200282,16.847624160008092],[121.4010410266185,16.847120732825804],[121.40115568372417,16.846815777059007],[121.40132532654214,16.846637187322855],[121.4016266444092,16.84635167616296],[121.40202121654914,16.84608488166211],[121.40230445530621,16.845727264077432],[121.40249519296178,16.845260979319267],[121.40270279923874,16.845010719144376],[121.40310731133346,16.8446720349957],[121.40331597240333,16.844295844317525],[121.40343122737575,16.843918926880193],[121.40341511126847,16.843612952165525],[121.40332638357395,16.84305453672952],[121.40329143577252,16.84276640666994],[121.40336902605974,16.842425178476883],[121.40359666631626,16.842013152525645],[121.40418210604723,16.841262075955047],[121.4042495996627,16.84101072448001],[121.40423574361155,16.84043489997756],[121.40430749753124,16.839721970491745],[121.4043801264616,16.839386357939322],[121.40459162779317,16.839141471646457],[121.40498816718528,16.839032493412564],[121.4058730140078,16.838972129728013],[121.40664094491926,16.838978090401586],[121.40701402505341,16.838891337909917],[121.4072251477517,16.838691269302725],[121.40732029192888,16.838445477214847],[121.40729983278983,16.838109141085905],[121.40704704360452,16.837726179090346],[121.40676948510082,16.837522319276037],[121.40625922288072,16.83731665317514],[121.40486487456133,16.837081708386062],[121.40449367488056,16.836944353733703],[121.40437882510618,16.836764166904953],[121.40442836974815,16.836405962973924],[121.40464118137177,16.836004203819627],[121.40506548815459,16.83535755707473],[121.40539539823516,16.83486705900414],[121.40565324541093,16.834644942691703],[121.40593323679302,16.83455746882723],[121.40616481259298,16.83469373709178],[121.40637161862038,16.8350091075313],[121.40676233733431,16.835594846649144],[121.40710839200959,16.8359561204203],[121.40740978126458,16.836092928967453],[121.40775846101742,16.836140456429394],[121.40843348723763,16.83612327730943],[121.40931775922486,16.83613012871676],[121.40996970250123,16.83609035386992],[121.41027259083708,16.836047875108736],[121.41048333293747,16.835892623367393],[121.41114013608289,16.835270173729924],[121.41144470513636,16.835025999259813],[121.41181871026026,16.834827185000297],[121.41216813677522,16.834785063131868],[121.41300567704333,16.83481394874847],[121.41342491405943,16.834772364159416],[121.41370490303527,16.83468487940812],[121.41417198617137,16.83448677952108],[121.41454524166909,16.834377601802363],[121.41499919643842,16.834358693809996],[121.41546329490598,16.83451915835487],[121.41567142185268,16.83467764740509],[121.4158303992617,16.835149523934497],[121.41586985703299,16.836001480966875],[121.41581753774419,16.836695846589826],[121.41588418028782,16.837077363158137],[121.41599699135442,16.83750405967693],[121.41620344445033,16.837864242716343],[121.41645811674987,16.838023090255266],[121.4166906367718,16.838047295209446],[121.41699390023905,16.837959985711954],[121.41722809661852,16.837782495700246],[121.41737218995142,16.83724572020058],[121.41756412672945,16.83655242971898],[121.41784728181818,16.836083960990813],[121.41815314743693,16.835682902476353],[121.4184575230718,16.835461127406894],[121.41894806057526,16.835240785105597],[121.41980999225972,16.8351353592605],[121.4206946361816,16.835097340249867],[121.42155638119635,16.835014317470648],[121.42204394409569,16.83515253604092],[121.42234534486735,16.83528932347045],[121.42258708535357,16.835604948032415],[121.42283897724731,16.836099946120132],[121.42288199230268,16.836526103982784],[121.42283006928838,16.83717565241474],[121.42271000416994,16.837622969627578],[121.42240432969301,16.838001624867054],[121.42223790707233,16.838426173515188],[121.42190821662612,16.83889429111701],[121.42132087298077,16.839562134761138],[121.42067460426114,16.84031917089471],[121.42041509137145,16.84074300141076],[121.42034137389079,16.841213085015774],[121.42043092565928,16.8416396009249],[121.42053984463153,16.842536916575654],[121.4205122970707,16.84305217924219],[121.42036802055074,16.843611367538017],[121.42015578860921,16.843945913301265],[121.41985140025385,16.8441676897342],[121.41947849934073,16.844232054646945],[121.41906017206946,16.844161597461923],[121.41875764373285,16.844159267258476],[121.41855890589892,16.84426979584776],[121.41844068690352,16.844493004211667],[121.4185077084633,16.84482969935979],[121.41859986353083,16.844942468953466],[121.41899343165409,16.845192031860115],[121.41945737381481,16.845374900221405],[121.42003916303173,16.84537937931714],[121.42069132497502,16.845317162431726],[121.42099385543462,16.845319489941115],[121.42113311312494,16.845365385046776],[121.42113144015148,16.845567079637913],[121.42101080632183,16.846081626245155],[121.42105418928611,16.846462962924022],[121.42139806070807,16.84709314231721],[121.4218124932329,16.84763421611242],[121.4224823621163,16.848244488667074],[121.42273575334404,16.84856020352098],[121.42277895417993,16.848963950606137],[121.42278130326608,16.850084565994557],[121.42275357304179,16.85062223953443],[121.4227040563458,16.850980450023627],[121.42286659086852,16.85102652319793],[121.42305369785359,16.850915901466852],[121.4235457577996,16.850516267207958],[121.42424819335163,16.850006187340632],[121.4245520305321,16.8498516364735],[121.42499605661915,16.84963092521231],[121.4252766205333,16.849476194552413],[121.4254417505522,16.84920851796309],[121.42560817787567,16.848783967336782],[121.42579732027095,16.848426826668945],[121.4261247964175,16.848227630522253],[121.42663826239311,16.848052271720423],[121.42722191379158,16.84783262544838],[121.427596486888,16.847566551679044],[121.42778580942203,16.847186998143506],[121.42781204318756,16.84682860714921],[121.42781648587962,16.84629075322832],[121.42772617556183,16.84595388147214],[121.42747333399589,16.845570940565267],[121.42651200557613,16.845025685603463],[121.4255146634906,16.84461462218193],[121.42500547094572,16.844274536177366],[121.42468208095481,16.843980698957424],[121.42452214826994,16.84362087995393],[121.42445567252723,16.843216954217933],[121.42450536807392,16.842836332045493],[121.4247639484855,16.842524548692424],[121.42518487061483,16.842281246285975],[121.42611887031896,16.841907405094872],[121.42667830554677,16.841799633192235],[121.42700447280954,16.8417573085529],[121.42744570030878,16.841872748788962],[121.42802452051305,16.842235773824065],[121.42853260411563,16.842710315974404],[121.42894963895796,16.842937628086084],[121.42953049905066,16.84305413269058],[121.4304602464982,16.843195715527393],[121.43083185041868,16.843288204506113],[121.43117981394538,16.84342533624148],[121.43150321403138,16.843719163998955],[121.43198637780081,16.844395216436265],[121.43264944427773,16.84583465122286],[121.43296694645932,16.84684561747527],[121.43309753737147,16.847944804636104],[121.43320799362786,16.84866283328868],[121.43336665531235,16.849179521525777],[121.43361748442018,16.849808973429713],[121.43413262754324,16.850843859033702],[121.4344556754195,16.851182504652876],[121.43496527300891,16.851477748654794],[121.4353601681713,16.851570408397635],[121.43568653594079,16.851505660581754],[121.43596746379826,16.851306093514054],[121.43634295417996,16.850927950098413],[121.4369057267265,16.8504167601011],[121.43732794218563,16.85001655840187],[121.43779762030711,16.849504656593425],[121.43794001325294,16.849169559262055],[121.43794332431507,16.84876616695411],[121.43785391464026,16.848317244714252],[121.43755652846795,16.847687442563256],[121.43735131201983,16.847170402279197],[121.43719319244562,16.84658648421973],[121.43719613654494,16.84622791331829],[121.43734165521646,16.845511834549903],[121.43747369715207,16.845019773841024],[121.43750156765235,16.844459683784695],[121.43739440708897,16.843338263595935],[121.43723550695809,16.84143202626124],[121.43699129662343,16.83999579328989],[121.4367681523464,16.83882866563189],[121.43665823676469,16.838043405507676],[121.4366657794023,16.83712456701905],[121.43674092616634,16.836475188269677],[121.43689568009624,16.836050536365086],[121.43715515083373,16.835626681207035],[121.43760041689923,16.83524906340456],[121.43848763685872,16.83489721739285],[121.43953701271205,16.83463624792769],[121.44060837233297,16.834532324748388],[121.44139883521864,16.834627973661014],[121.44179278374723,16.834832672292467],[121.44206891397492,16.835215773690074],[121.44220285541151,16.83591156634397],[121.44216153375508,16.83669567803852],[121.44222456369194,16.83752540558617],[121.44235887318086,16.838176376661686],[121.44258773375387,16.838648767695144],[121.44281897774236,16.838829818696084],[121.44305095510309,16.838921226428912],[121.44323712343535,16.838922637999868],[121.4434705665988,16.838834759166602],[121.44365856645273,16.83861206267722],[121.44387331622612,16.837963737689748],[121.4439748228061,16.836933547507538],[121.44422180963167,16.835187269930653],[121.44431855274374,16.8347397594044],[121.44450929229875,16.834180899845435],[121.44474400981845,16.83393614346976],[121.44500144833007,16.833758795331654],[121.44530487848937,16.833649031515826],[121.44572429468505,16.83358496935239],[121.44677000192726,16.833772177672188],[121.44769917662741,16.833980912286982],[121.44848690520247,16.83441269643626],[121.4490893850144,16.8347310179047],[121.44948370819243,16.834890880805037],[121.44973968502208,16.834892813205464],[121.44990385602621,16.834737166851898],[121.44995222093088,16.834513409689347],[121.45002513274319,16.834132952207398],[121.45022493791446,16.83388792554394],[121.4506916239823,16.83373456090908],[121.45125139129587,16.833581897065038],[121.4515317300889,16.83344953738532],[121.4518138898592,16.83309306862643],[121.45200442385213,16.832556610925124],[121.4523685895968,16.830699138633932],[121.45270148134944,16.828393184182502],[121.45301526925114,16.827005987064037],[121.45322942575268,16.82642488054541],[121.45341721957797,16.826224583796705],[121.45360835010273,16.82615543124747]]]},"properties":{"ID":0,"RIVER_NAME":"Magat River"}},{"type":"Feature","geometry":{"type":"LineString","coordinates":[[121.27189167722148,16.60746066380811],[121.27182011144527,16.60469209933306],[121.27190136547621,16.60199364646243],[121.27196685863697,16.601057758368125],[121.27232042239082,16.59984884257546],[121.27302310687739,16.597926729530965],[121.27400064447852,16.59592977579347],[121.2742369929308,16.595050387629055],[121.27429369903088,16.593816968631238],[121.27453436672488,16.59245287302735],[121.27481679569406,16.591529798084046],[121.27505077552587,16.590914793305437],[121.27560462178954,16.59030243975232],[121.27652716758139,16.589340598802874],[121.27926719970074,16.586983629209897]]},"properties":{"ID":0,"RIVER_NAME":null}},{"type":"Feature","geometry":{"type":"LineString","coordinates":[[121.2696091276759,16.596687448795286],[121.26989462683191,16.597702421098273],[121.27001673562329,16.599377997566503],[121.27023930911757,16.600040860010647],[121.27082510131096,16.600971147749185],[121.27190136547621,16.60199364646243]]},"properties":{"ID":0,"RIVER_NAME":null}},{"type":"Feature","geometry":{"type":"LineString","coordinates":[[121.26595031091912,16.49262904829093],[121.2659116689962,16.490664495040363],[121.26580779137416,16.48880430315542],[121.2658302135965,16.48628664507518],[121.26604163029002,16.485087579369313],[121.26633402247148,16.483811711940444],[121.26682851043566,16.482382573379578],[121.26715414463487,16.48188170112505],[121.26764035367877,16.481382157653737],[121.26852868939272,16.48080846834103],[121.26957690780604,16.480313569234973],[121.2707441777461,16.479974592884442],[121.2716304370676,16.479633288938498],[121.27227651765108,16.4792125258042],[121.27324443200214,16.478716943687335]]},"properties":{"ID":0,"RIVER_NAME":null}},{"type":"Feature","geometry":{"type":"LineString","coordinates":[[121.26984536149654,16.490935555432845],[121.27074261627392,16.489193785112704],[121.27184649275783,16.486956211158088],[121.27257976114957,16.485761446022682],[121.27363555285672,16.484414394209193],[121.27489445416126,16.482797856753496]]},"properties":{"ID":0,"RIVER_NAME":null}},{"type":"Feature","geometry":{"type":"MultiLineString","coordinates":[[[121.05005753138384,16.29461275954162],[121.048750361816,16.293819133592596],[121.04775002538949,16.292686401316185],[121.0471061256256,16.29131272043502],[121.04702529735732,16.28926037401451],[121.04770303751015,16.28721503277336],[121.04847707087872,16.285659052951313],[121.04909454908501,16.2845901015712],[121.04936092487183,16.283224823329377],[121.04927620346112,16.281563220107717],[121.0485822333208,16.280140235552096],[121.04809818277947,16.279554852625974],[121.04672421602017,16.27880419973834],[121.04609790526357,16.278212244051367],[121.04544969985325,16.277278151189563],[121.04516176785165,16.275712366914515],[121.04463019181888,16.273216226291897],[121.04408943261002,16.271648105012673],[121.04349327424345,16.270567946932964],[121.04373921309109,16.268714011063558],[121.04390397493722,16.26739664794673],[121.0445315626568,16.26530199781982],[121.0451032527017,16.263744152426128],[121.04511581961167,16.262474228900647],[121.04452678167196,16.25812134665594],[121.04444208729974,16.256459743400296],[121.04485480807074,16.255633142841017],[121.04622580686875,16.255059620958306],[121.0474951902434,16.254534000495777],[121.04780821566281,16.253559930072772],[121.04777501792147,16.251801103918062],[121.04745243597084,16.24862302499922],[121.04703810051971,16.247056077387953],[121.04704581811815,16.24627458387311],[121.04736365004,16.244812078601758],[121.04845818830964,16.241500507189564],[121.04861674585473,16.240526746524477],[121.04901194773866,16.236620817768216],[121.04962923892371,16.235551843170075],[121.05063050273496,16.234204017958987],[121.05167777339929,16.23341027330779],[121.05348328053488,16.233025168401333],[121.05549073522081,16.233244427299137],[121.05708442263425,16.233259034251763],[121.05888861023494,16.23300776534312],[121.0611196864636,16.231622271781095],[121.06473980541864,16.22991469027636]],[[121.04866067079806,16.240569997138536],[121.05329305394268,16.23855596242106],[121.05498751313655,16.237628893488914],[121.05597198691062,16.23673814730918],[121.05681668090595,16.236531658097366],[121.05881817321935,16.235950140536463],[121.06002099578774,16.2354041439063],[121.06091926287083,16.23425550315891],[121.06164013440609,16.233105236102347],[121.06271241036441,16.232300948705692],[121.0644063582501,16.231416636156574],[121.06618270590599,16.231175760056164],[121.06800256055759,16.231020958379013],[121.06880162274207,16.230942542136894],[121.06964753709481,16.23060746867703],[121.06983118609844,16.229966438534223]],[[121.0647762026279,16.229877531533567],[121.06686086333112,16.229853694532896],[121.06983160379625,16.229923595568764],[121.07107203147791,16.23006342012711],[121.07156192153019,16.2298536406769],[121.07263080722821,16.22939204090419],[121.07365867756691,16.228587287933248],[121.07482582404036,16.227141089881126],[121.07523242691522,16.226373535325962],[121.0754177183628,16.22556112523373],[121.07546830850407,16.224918880594622],[121.07543062525183,16.224232988286623],[121.07508294750767,16.223501437019145],[121.07433908980327,16.222466362162812],[121.07378895442898,16.22203290021129],[121.07247364211044,16.220478469863497],[121.07133947667428,16.218540057858583],[121.07086588465712,16.21707896144498],[121.07084997003686,16.216436114271158],[121.07021993509878,16.215102135737325],[121.06969241702744,16.214626024579147],[121.06859262900036,16.21371623868506],[121.06780407925153,16.212723587238695],[121.06607013621938,16.210908236178057],[121.06476039076401,16.208796813004344],[121.06450020152074,16.208194587462316],[121.06424963422134,16.20660697468069],[121.06408482157721,16.20532007054907],[121.06419357627172,16.203264418407286],[121.06432449580339,16.201208967590986],[121.06425337772481,16.199408755971838],[121.06409441851812,16.19752205038235],[121.06412620251244,16.196536864439963],[121.06438341621605,16.19289723163033],[121.06443819955038,16.191826560917185],[121.06431897699464,16.190411531240578],[121.06375806264386,16.188821091856155],[121.06328373816461,16.187445674367517],[121.06135010660445,16.18567133474333],[121.05912749397926,16.183980036658667],[121.0585130853353,16.183331727503205],[121.058297694113,16.182687060592087],[121.05812957117524,16.181742898379113],[121.05773977732994,16.1807967118665],[121.0573018811844,16.180235705656017],[121.05663980175096,16.179929730507215],[121.05544445726997,16.179747418681636],[121.05482755605493,16.179356158103875],[121.0536870464216,16.17810317330152],[121.05294051258494,16.17736794917096],[121.0527268240826,16.176551907976723],[121.05198660036231,16.175174040448596],[121.05054210754162,16.17327556078183],[121.04903534910603,16.170948037607758],[121.04838719752752,16.169228233458227],[121.04844414834706,16.167943359983767],[121.04863324936291,16.16674539095089],[121.04900135205818,16.165377675968063],[121.04962996780341,16.1645693520137],[121.04999091518285,16.16392996020965],[121.05022391044523,16.16277523667761],[121.05004290960876,16.16088832923438],[121.05006475230945,16.158660506555762],[121.05012168128442,16.157375629912245],[121.05031033492959,16.156220498824307],[121.05134961941253,16.15421621896809],[121.05260548897407,16.15272807180052],[121.0534586181899,16.151621855704484],[121.05443885619887,16.15111665004501],[121.05594976537832,16.150744822924523],[121.05736950553009,16.150629233852822],[121.05876875297598,16.150342061154007],[121.0604159747746,16.149628668114254],[121.06228941125428,16.148446002779323],[121.06549263988103,16.147275395993784],[121.06802552583248,16.14665567177838],[121.07046891474367,16.146120799574298],[121.07313019603316,16.145973492574704],[121.0752160538438,16.145735260699716],[121.07692305975947,16.145707825364326],[121.07860542207229,16.145937237607924],[121.08117268348013,16.14634599638001],[121.08276599238259,16.14661742211679],[121.08484773437242,16.146807532148248],[121.08741996826096,16.146702093311667],[121.08945944923816,16.146677541993604],[121.09252134255772,16.146362193117934],[121.09675873333785,16.14597160624053],[121.09955505919297,16.145610934144077],[121.10177716246156,16.1450308713564],[121.10329246439707,16.144187407917897]]]},"properties":{"ID":0,"RIVER_NAME":"Marang River"}},{"type":"Feature","geometry":{"type":"LineString","coordinates":[[120.92638869816305,16.500651644348313],[120.92259978223198,16.5011273671278],[120.9195848570663,16.501097377556796],[120.91816912273694,16.500798087221142],[120.9173463840574,16.500333581843705],[120.91582770384713,16.498607287458377],[120.91512687745936,16.497801759209768],[120.91459912196801,16.497397225292662],[120.91117903885578,16.496564540495985],[120.90710628355745,16.495953422792816],[120.90330203326732,16.495116768615755],[120.90236297689906,16.494479929180883],[120.90108216407182,16.492641855301308],[120.89958030994849,16.48937560381699],[120.89863082028306,16.4869704669473],[120.89834080565528,16.486454210503194],[120.89769551251896,16.4859914212694],[120.897167827733,16.485586850740845],[120.8969369292398,16.485071187195853],[120.8951851937063,16.4830572389506]]},"properties":{"ID":0,"RIVER_NAME":null}},{"type":"Feature","geometry":{"type":"LineString","coordinates":[[120.91243556141735,16.522700668997416],[120.91502776776136,16.523582151042344],[120.91637963914447,16.524337148905357],[120.91800023680219,16.527604512301426],[120.92088865554184,16.533964584697806],[120.92151033956114,16.536651590270996],[120.9216577921137,16.53944794716369],[120.92183969550342,16.541788338967734],[120.92158790665914,16.543211792245653]]},"properties":{"ID":0,"RIVER_NAME":null}},{"type":"Feature","geometry":{"type":"LineString","coordinates":[[120.90683641999344,16.53473668273958],[120.9106734674688,16.535345528053032],[120.9125612134834,16.535763693665007],[120.9137961251067,16.53640346834743],[120.9151401090772,16.537899901633256],[120.91601660471808,16.538878312543247],[120.9174849993222,16.53980559318169],[120.919308789228,16.54067937239768],[120.92088324844737,16.542748459812206],[120.92158790665914,16.543211792245653],[120.92295789840038,16.545050675774245],[120.92457691261272,16.548489111704868],[120.9252803800715,16.54906649979719],[120.92651908111948,16.549364017416238],[120.92835641010211,16.54898301400801],[120.93019616848905,16.548373862796616],[120.9317341809829,16.54833208857777],[120.93250288349628,16.548339713569835],[120.93339410258004,16.54794927845739],[120.93471684564207,16.54590898691451],[120.935914624558,16.544494875023],[120.93646135405953,16.543131351673285],[120.93696820060352,16.542737093890057],[120.93750400350493,16.542400160021483],[120.9383251479091,16.543035708868732],[120.93950410550292,16.54338959578775],[120.94062635998193,16.54351476017013],[120.94133289176116,16.543806932091154],[120.9413871798923,16.54426378081232],[120.94043080505928,16.545224000730393],[120.94001023028473,16.54584727548271],[120.94018217086456,16.546362325639947],[120.9406552162427,16.546366998576303],[120.94201885330084,16.546038228515734],[120.9432593875987,16.546164547872788],[120.94478711784895,16.547092239789627],[120.94561314056394,16.54727149856163],[120.94727183156142,16.54700264033955],[120.94892991638922,16.546790801764633],[120.94937279686377,16.54685219757564],[120.95042450133487,16.548060365520694],[120.95106952575779,16.548580060225973],[120.95148284558887,16.54864116148493],[120.95219423376615,16.548477032526787],[120.95332917301712,16.54740442866],[120.95463307320793,16.547132027555516],[120.95718053266174,16.546700687595507],[120.95931826517023,16.545866028057702],[120.9604519533198,16.544907446621902],[120.96165135296553,16.54332206339009],[120.96207485239948,16.542413567075037],[120.96344562523058,16.5414002424814]]},"properties":{"ID":0,"RIVER_NAME":null}},{"type":"Feature","geometry":{"type":"LineString","coordinates":[[120.91421104819061,16.46739107047714],[120.91650276150618,16.46866873916834],[120.91755692405957,16.469591846780354],[120.91802733925844,16.469824680469284],[120.91920399146102,16.470349727886486],[120.92066401598892,16.47201836042143],[120.92129716311436,16.473621735891342],[120.92173048514293,16.477333562438364],[120.92167693679554,16.482352445118615],[120.92181166338655,16.486346498348194],[120.92244214976792,16.49097290312531],[120.92305466098898,16.494515392113776],[120.92426929247075,16.497037162288045],[120.92638869816305,16.500651644348313],[120.92673245414476,16.50168175399151],[120.92829762097304,16.504606258616086],[120.93045401569046,16.507536612976615],[120.93230472566893,16.508638678031208],[120.93295018287,16.509101377394806],[120.93346952387192,16.510304334750437],[120.93405283926266,16.511051611874855],[120.93463858280509,16.51157075561537],[120.93617267261585,16.51187111407406],[120.93841500088635,16.512292531507633],[120.9395032844563,16.512816622717878],[120.93996597225984,16.51379085301414],[120.94054932369059,16.514538115753737],[120.94184273847154,16.51523533702469],[120.94319226664777,16.516218300264782],[120.9436000827915,16.516792709446186],[120.9435771472145,16.51895997642716],[120.94427454817162,16.52010762978227],[120.94579847572508,16.521377494332032],[120.94732905263335,16.52201998187878],[120.9491546575307,16.522722397179198],[120.94983036786338,16.523128310430867],[120.95053143094144,16.5239337469456],[120.95135074870365,16.5247403422936],[120.95169827813493,16.525428226799047],[120.95204701260849,16.526002043758233],[120.95286694627127,16.526751601061186],[120.95398251344427,16.52750405415788],[120.95622402757833,16.530834314053394],[120.95762986567858,16.53210295079316],[120.95910144531166,16.532744786395163],[120.96021587375739,16.53361127998653],[120.96073723672072,16.53464309156393],[120.9607891744684,16.535328075885033],[120.960775392474,16.536639854627435],[120.9605262925213,16.53783525312402],[120.96051550359982,16.53886186217476],[120.96068749673023,16.53937690113696],[120.96115453869562,16.539951864189725],[120.96344562523058,16.5414002424814],[120.9653341983351,16.541760915320456],[120.9668745723934,16.541490738786138],[120.96782125274856,16.54144292579962],[120.96888679061345,16.541339226134458],[120.96948107700274,16.541059813368978],[120.97010970008745,16.540324413149566],[120.97084192226829,16.538164018376914],[120.97132330341626,16.53737014043986],[120.97257097253049,16.53681187013629],[120.97374997938138,16.53716556627058],[120.97634214688628,16.538103372247235],[120.9782892620141,16.538521535016223],[120.98088325584808,16.53928818519566],[120.98135154954706,16.539749040472923],[120.98257193576742,16.541814300670655],[120.98306624732338,16.542617646789306],[120.98406258677731,16.54348288636368],[120.9867063368451,16.54516260076528],[120.98828752278384,16.54666091466962],[120.98916682412005,16.547410923570496],[120.99329314237826,16.548705574529368],[120.99435164429947,16.54928616725883],[120.99493885206046,16.549691100614275],[120.99558696477844,16.549925496143207],[120.99706177567977,16.55028191618436],[120.99812088800786,16.550805456762816],[121.0002835598946,16.553278969962157]]},"properties":{"ID":0,"RIVER_NAME":null}},{"type":"Feature","geometry":{"type":"LineString","coordinates":[[120.89393533847577,16.544124757737265],[120.8942937351521,16.54356205130787],[120.89480820703365,16.543113522105084],[120.8952551625638,16.542865965030295],[120.89593619903478,16.54272159645795],[120.89755766378961,16.542611916113],[120.89836907863534,16.54249406067827],[120.89905202326078,16.54217325216198],[120.90080688858806,16.540602885628523]]},"properties":{"ID":0,"RIVER_NAME":null}},{"type":"Feature","geometry":{"type":"LineString","coordinates":[[120.89280179168824,16.556766724153128],[120.89309030650354,16.55690952256095],[120.8945950398549,16.5579330059487],[120.89701492356049,16.560125235567835],[120.89879842284563,16.561958127680768],[120.89925028970838,16.562466823059307],[120.8995047921583,16.563099562121124],[120.89952054219205,16.564057583284605]]},"properties":{"ID":0,"RIVER_NAME":null}},{"type":"Feature","geometry":{"type":"LineString","coordinates":[[120.90581039009425,16.82127883566904],[120.90381999941368,16.81819479871722],[120.90342812032296,16.81741950967099],[120.90308690138836,16.817094657053183],[120.90282376647325,16.816749175997142],[120.90267396341761,16.816212028378253],[120.90277777601374,16.814863327675038],[120.90276260263472,16.814220429942853],[120.90265492812297,16.813897959872104],[120.90240574627441,16.813295523939676],[120.90194927734244,16.812326751473496],[120.90163121057752,16.8109094711881],[120.9013775139331,16.809707095334584],[120.9009816098751,16.80828902015394],[120.90087370489631,16.807987972039044],[120.9006986057994,16.80772908739657],[120.90034487226373,16.80753265292819],[120.89930143521765,16.807350597773382],[120.89850076257231,16.80734241649866],[120.8981458523093,16.80725309013245],[120.89794733668043,16.807101087831278],[120.89764257471121,16.806498080041738],[120.89745067064642,16.80574625285926],[120.89747430271414,16.804610984320956],[120.89741655136572,16.8037962544945],[120.89728688562153,16.80345213330963],[120.89704412963987,16.80327825353897],[120.89574092301326,16.802450785549706],[120.89506065398251,16.80178146498385]]},"properties":{"ID":0,"RIVER_NAME":null}},{"type":"Feature","geometry":{"type":"LineString","coordinates":[[120.89910454615473,16.62464140397023],[120.90190442483011,16.624970037941093],[120.90353413544541,16.62539312785914],[120.90410570920302,16.62616132487545],[120.90446256632517,16.627283152299654],[120.90445207927368,16.62824878615621],[120.90496101533338,16.629931260952027],[120.90573022659386,16.631921332250382],[120.90595365458796,16.633194297386133],[120.90573285728796,16.63410698081285],[120.9054999145363,16.636137765965728],[120.90516649843059,16.637710080111873]]},"properties":{"ID":0,"RIVER_NAME":null}},{"type":"Feature","geometry":{"type":"LineString","coordinates":[[120.88907867791491,16.637488582160078],[120.89004192479526,16.639488283496984],[120.89019006632378,16.64040469348263],[120.890732147247,16.643866507872772],[120.89127067967598,16.645244339158335],[120.89220516964951,16.646575366599127]]},"properties":{"ID":0,"RIVER_NAME":null}},{"type":"Feature","geometry":{"type":"LineString","coordinates":[[120.90570991384246,16.650778457389503],[120.90633342239373,16.656477529539323],[120.9067397359866,16.657904826996315],[120.90736081375186,16.658978494372533],[120.90908854113535,16.66011415765523],[120.91037530631789,16.6605845926839],[120.91147313460662,16.661459743820824],[120.91178010832058,16.662326921413925],[120.91161035824803,16.66339260811804]]},"properties":{"ID":0,"RIVER_NAME":null}},{"type":"Feature","geometry":{"type":"LineString","coordinates":[[120.89959846679673,16.622958631028563],[120.89966151737647,16.62276174339588],[120.90051377168264,16.621957109235236],[120.90353165677323,16.620767718347988],[120.90686688587267,16.619479821200724],[120.90792994653,16.618677276160447],[120.90825392871967,16.617968939733444],[120.90815786511301,16.617103886871526],[120.90768518779421,16.614506870094207],[120.90734044051105,16.612266941454703]]},"properties":{"ID":0,"RIVER_NAME":null}},{"type":"Feature","geometry":{"type":"LineString","coordinates":[[120.91674506526202,16.59563876839697],[120.9177811283276,16.597326499251192],[120.91798374526986,16.59809096175022],[120.91792556453078,16.59859866811435],[120.91759891966197,16.59956114557606],[120.91722284921036,16.600218153715527],[120.91721682518813,16.600777210927767],[120.91803824960597,16.6028185944875],[120.91839790126798,16.603686287571396],[120.91833698073808,16.60444811073216],[120.91800758636316,16.605664704367943],[120.91799280015198,16.607036935619792],[120.91797636938949,16.608561636783598],[120.91772712351056,16.60967737398233],[120.91729393553697,16.610740437930005],[120.91712758387783,16.611501202718404],[120.91727475519139,16.612519254505425],[120.91761742775226,16.614962473025127],[120.91722323063594,16.617296645982325],[120.91739456652351,16.618518255219183],[120.91790634475294,16.61994659307419],[120.91925880384912,16.621637499786484],[120.92040152537048,16.62322464162856],[120.92175457510957,16.6248647132346],[120.92308894764876,16.625792986415572],[120.9251723996495,16.628151951347927],[120.92621086671498,16.6296363691279],[120.92683799576098,16.630150923809733],[120.92825532526628,16.630724194904207],[120.92971283542296,16.63246692665755],[120.93120836942384,16.63558241543157],[120.93279446669743,16.63763138816998],[120.93623144451945,16.64163028254828],[120.93763312162878,16.643677392654457],[120.93951257323657,16.64542426762334],[120.9402183269565,16.645990400423862],[120.94206084229755,16.646262838772635],[120.94353269046405,16.646684074095152],[120.94421318549026,16.647148285602643],[120.94483174824663,16.648475981426117],[120.9456144451875,16.64924617871506],[120.94650692567734,16.649610825326885],[120.94814401417639,16.649372884329953],[120.94951370454376,16.64948809263217],[120.95022328983703,16.649698426666514],[120.9503733468479,16.650462353300266],[120.95031035171809,16.651427491951175],[120.94966740389965,16.65238689568118],[120.94844503668212,16.653289734004506],[120.94711775345647,16.654140695475004],[120.94679491336318,16.654747451406834],[120.9468389690357,16.655561158740518],[120.94719286749347,16.65698788815484],[120.94697330299961,16.65779898433231],[120.94738534647973,16.65871799531991],[120.94795502620198,16.65968939620283],[120.94823147401208,16.66096286963282]]},"properties":{"ID":0,"RIVER_NAME":null}},{"type":"Feature","geometry":{"type":"LineString","coordinates":[[120.89429845153585,16.66489471569113],[120.89651954276465,16.664307342060138],[120.89736368739705,16.664265082653777],[120.89857079995151,16.664785610569865],[120.90019916310972,16.66536123023309],[120.9016737946604,16.665528655652174],[120.90431335890484,16.665250404164535],[120.90579131427187,16.665112864418976],[120.90679640289407,16.664818051911034],[120.9088631616774,16.663873183740805],[120.91018513992643,16.663530723198193],[120.91161035824803,16.66339260811804],[120.91210793482009,16.663702593541245],[120.91278949884577,16.66406525996984],[120.91400106867248,16.6641791188051],[120.91627209131731,16.663846171464616],[120.91807188306504,16.663203492129387],[120.91891822629196,16.66295785122467],[120.91960408713692,16.66292407580449],[120.92031850844609,16.66317522540277],[120.92157293090105,16.664204386826448],[120.92215950301718,16.664576237150463],[120.9230865907365,16.664666858854382],[120.92550626039024,16.664889295934653],[120.92654605457226,16.664996807912548],[120.92750852100639,16.665361749234894],[120.92878725803627,16.665796051728332],[120.93045635272367,16.665838511911797],[120.93197834378958,16.665698459265073],[120.93291672736102,16.66586966331571],[120.93391844351886,16.666397541042475],[120.93472565469042,16.66627611853853],[120.93648305234765,16.665225491009057],[120.93736261133127,16.664619259703166],[120.93775040299238,16.664244052001457],[120.93826484312883,16.663476568480878],[120.9385227146186,16.66303183753163],[120.93911889711072,16.662509144534095],[120.94047649330498,16.66179070172745],[120.94145054815485,16.661434409916886],[120.9425489675541,16.66128266513431],[120.943687394842,16.661334628652472],[120.94520370902222,16.661552987407976],[120.94619494333557,16.661562814207656],[120.94704244918232,16.661205240580838],[120.94823147401208,16.66096286963282],[120.94995764366031,16.660786801441734],[120.9510517314481,16.661041603781406],[120.95193146142715,16.66161959122307],[120.9525981325441,16.662398788601607],[120.95304482677278,16.664029747977388],[120.95329186043743,16.664601479577602],[120.9538772092594,16.665095225182395],[120.95508836968547,16.666245766418673],[120.95591515903818,16.66783981021911],[120.95598009037354,16.669670317313294],[120.95564212598613,16.671700166090808],[120.95579789768578,16.67292161409404],[120.95625629547912,16.673454766316972],[120.95718000617491,16.673870517356615],[120.9594527249776,16.6743808895763],[120.96147451168436,16.674685448888305],[120.96429392338297,16.675363806626283],[120.96656453856124,16.676077403051416],[120.96931943236174,16.676877054225695],[120.97041150189922,16.677335065626828],[120.97175368249502,16.67808017007431],[120.97259651540321,16.67816975315067],[120.97369674040121,16.67785521174508],[120.97463379024231,16.67701043513264],[120.97497939758284,16.676241198167823],[120.97507232578751,16.675428825415317],[120.97571021995856,16.674947093287336],[120.97684961350294,16.674917564386057],[120.9787125426845,16.674285130585126],[120.97943351137916,16.67392618900159]]},"properties":{"ID":0,"RIVER_NAME":null}},{"type":"Feature","geometry":{"type":"LineString","coordinates":[[120.97943351137916,16.67392618900159],[120.98112513016616,16.67353604536347],[120.9834886999418,16.673437081018736],[120.98563624297863,16.673823959947473],[120.98689835759595,16.674161547519798],[120.98841528284754,16.67433894576131],[120.98959771293089,16.67422843530402],[120.99116574309933,16.673552356920208],[120.99158758321144,16.673556448452395],[120.9922979228827,16.674213967416676],[120.99280116368031,16.674503496980936],[120.99318124616383,16.67446651625243],[120.99360690511567,16.67410466062138],[120.99471047506495,16.67346471794104],[120.99542929906463,16.6733090190772],[120.99597684496078,16.673395647394926],[120.99626789912642,16.673805109007677],[120.99676394872843,16.67478585698279],[120.99718156001853,16.675196541915994],[120.99775020479923,16.675283370199818],[120.99889341762155,16.674887775347923],[121.00020282825699,16.674737766401662],[121.00239811256476,16.67459629644685]]},"properties":{"ID":0,"RIVER_NAME":null}},{"type":"Feature","geometry":{"type":"LineString","coordinates":[[120.98112513016616,16.67353604536347],[120.98042887770245,16.672656535273113],[120.97993965547565,16.671491747284605],[120.97968319178246,16.67108323991257],[120.97888006883021,16.67020539217868],[120.97816232900492,16.669792381763443],[120.97682429174907,16.66923797628503],[120.97634682026384,16.66886597408594],[120.97583045959833,16.668377589489502],[120.97561472944791,16.66791147554682],[120.97541207806093,16.667155485684802],[120.9755853296818,16.665939163498383],[120.97642222514165,16.664555321372216],[120.976909771388,16.663013395055767],[120.97715835169463,16.66226181162655],[120.97720760054129,16.661392280374486],[120.97725555294761,16.659691391388634],[120.9774127868641,16.658088236578614],[120.97782373917543,16.65619755234883],[120.97846307116622,16.654521763288496],[120.97945840239773,16.65236609988036],[120.97956556443722,16.651709800482177],[120.97957630846939,16.65068522218419],[120.97966048222675,16.64935202094133],[120.97958695679942,16.648713294254765],[120.97917759166266,16.647587953986847],[120.97903448951165,16.646890548308704],[120.97894841330522,16.645536354436928],[120.97880136740511,16.644258900945694],[120.97876968044379,16.642499230359107],[120.97874092502884,16.641416265863736],[120.97890793748039,16.639832533649265],[120.97916356061697,16.638404333169333],[120.97978669840099,16.635394349620995],[120.97983247214579,16.634853452481153],[120.97997637509674,16.633559497228696],[120.97998305579326,16.632921550987678],[120.97990892181156,16.632340819154187],[120.97959801435506,16.63139044276055],[120.97917459845347,16.63065164117001],[120.97901965340465,16.630128123478393],[120.97897326869831,16.628812982232226],[120.97900445647653,16.62774993385661],[120.97946876761635,16.62649776439301],[120.98006502228412,16.625092207356673],[120.98056577935668,16.62418839489972],[120.98060992649103,16.6238021503464],[120.98061457841655,16.623357520561274],[120.98056474081493,16.622371017295485],[120.98051571208363,16.621307187054825],[120.98027822572627,16.62004818704511],[120.98004955319621,16.618905274853738],[120.98003617711312,16.61826713268797],[120.98020030560161,16.616954037084927],[120.98005527286668,16.615483265291125],[120.97998093696309,16.61492186502045],[120.97995753488007,16.614283625196286],[120.97958366517643,16.613603309854533],[120.97897668532104,16.612205379705035],[120.97894265422849,16.611625037694814],[120.9786103971205,16.609843105280483],[120.97748548406356,16.607164109888966],[120.97707416738729,16.606232089483285],[120.9767704920277,16.605552454389134],[120.97657890917726,16.604699907114757],[120.97647015408899,16.603596828192696],[120.97613893744152,16.60171823597923],[120.97607534173785,16.600132254393827],[120.97596992318759,16.597753184192168],[120.97592091012255,16.59668935397812],[120.97586389666219,16.595432108889298],[120.97559445267389,16.59339944816037],[120.97550089270653,16.592760525490075],[120.97530486917663,16.592333276018614],[120.97504667980337,16.59209875813009],[120.97347001501096,16.591406723164273],[120.9714807699763,16.5908653233609],[120.96971700890538,16.59080944761261],[120.96846323876636,16.59087454041251]]},"properties":{"ID":0,"RIVER_NAME":null}},{"type":"Feature","geometry":{"type":"LineString","coordinates":[[120.97530486917663,16.592333276018614],[120.97504667980337,16.59209875813009],[120.97519571527643,16.591268860219724],[120.9745886173311,16.589890257375107],[120.97380069777232,16.588548559701614],[120.97328018259007,16.587518804096515],[120.97285909686894,16.586567351191274],[120.97256973724875,16.585481845672437],[120.97205774465924,16.583640156914868],[120.97176940516069,16.582457992475884],[120.97100026841198,16.580285123606266],[120.97067184584704,16.579102567706844],[120.97011533001942,16.577685783282263],[120.96966846511934,16.576328068528774],[120.96856589541838,16.573455930668864],[120.96780956192843,16.571979191986852],[120.96757104654219,16.571783527378095],[120.9672517416208,16.57164507476919],[120.96661110344814,16.571561484811514],[120.96576676407552,16.571785241016947],[120.9647802772573,16.572181606758765],[120.96387762720283,16.572230782286315],[120.96338651648115,16.57222597898498],[120.9627252240458,16.572200175793988],[120.96214513047309,16.57207849730257],[120.96156686924938,16.57178283290283],[120.96061141514733,16.571135468503815],[120.95993293369143,16.570838818448433],[120.95931234912695,16.570755403049855],[120.95886011129767,16.570866971790842],[120.9578758615211,16.571050656678725],[120.95662857576488,16.571463758018478],[120.95457866109764,16.571946302056165],[120.95311905078613,16.572531296520985],[120.95108936969713,16.572994669497888],[120.9505473294151,16.57306666837659],[120.95000692619126,16.572984014161335],[120.9488093315496,16.57248888229459],[120.94838081810163,16.572252658740812],[120.94758003692077,16.572148099221852],[120.9455939300919,16.572283178900204],[120.94562399776407,16.572283475582523]]},"properties":{"ID":0,"RIVER_NAME":null}},{"type":"Feature","geometry":{"type":"LineString","coordinates":[[120.96780956192843,16.571979191986852],[120.96757104654219,16.571783527378095],[120.96716915796424,16.568593592958283],[120.96655677017193,16.564023444897078],[120.9658104027572,16.56173407300377],[120.96517075058752,16.55976417239459],[120.96291523262275,16.557088547988712],[120.96096071212229,16.554575064918406],[120.95932071863564,16.553550652419492],[120.95756455516113,16.553108877313825],[120.9564641613036,16.553098090950023],[120.955690528849,16.553408933064617],[120.95407927711504,16.554879122803538],[120.95341511452541,16.555244101402327],[120.95277958057314,16.555503216061243],[120.95129515681973,16.555382485267693],[120.95013636743909,16.555689518019655],[120.94886697312651,16.556048526575264],[120.94566792873113,16.55676001075842],[120.94372645515901,16.558226853206985],[120.94255581109364,16.559648216759303],[120.94199827482959,16.560332634278293],[120.94078160565974,16.56090439368439],[120.93992256952473,16.561479682069244],[120.93958849095155,16.561847875198836],[120.93941383283122,16.562748354589996],[120.93890113691761,16.564388482684894],[120.93850864058227,16.5650745209547],[120.93812178915728,16.565229904585134],[120.93740762703474,16.565116691719435],[120.9360853934676,16.565262806394998],[120.9351701710431,16.56594365645423],[120.93471810960544,16.567053661992507],[120.93432672466696,16.56763355950129],[120.93333404573092,16.567835994031665],[120.93118814822164,16.567814687512367],[120.92926858560295,16.567211831967853],[120.92794974347396,16.567039502575117],[120.92629679288399,16.567235332805566],[120.92536311337827,16.567066822044556],[120.92432280271758,16.56657882122436],[120.92366253428592,16.56657223964995],[120.92233630673728,16.567089718396613],[120.92006728211466,16.568287689459048],[120.91612288640682,16.569203521826974],[120.9140251616352,16.569819361759894],[120.9119176991535,16.57133727452208],[120.910895219774,16.57429894597713],[120.91017419543434,16.57736977550371],[120.90960847482721,16.583891713621657]]},"properties":{"ID":0,"RIVER_NAME":null}},{"type":"Feature","geometry":{"type":"LineString","coordinates":[[120.91631872383866,16.579129626003873],[120.92059731775532,16.575298278536646],[120.92298330706278,16.573464631731447],[120.92442929701902,16.57204614845995],[120.92615606611216,16.57009974359316],[120.92718706259876,16.568889385001356],[120.92926858560295,16.567211831967853]]},"properties":{"ID":0,"RIVER_NAME":null}},{"type":"Feature","geometry":{"type":"LineString","coordinates":[[120.89080696764218,16.444604646795433],[120.8898185862777,16.443920338681462]]},"properties":{"ID":0,"RIVER_NAME":null}},{"type":"Feature","geometry":{"type":"LineString","coordinates":[[120.88250301163117,16.240266852764464],[120.88252266573606,16.240305829328463],[120.88276862559907,16.24117124751816],[120.88280300226397,16.241491116123807]]},"properties":{"ID":0,"RIVER_NAME":null}},{"type":"Feature","geometry":{"type":"LineString","coordinates":[[120.99317571204875,16.348023411117232],[120.99186182555415,16.34919608083659],[120.99021464811372,16.350221903219374],[120.98935441072018,16.35068058717462],[120.98868271370297,16.35088966446833],[120.98682080845268,16.35108737090534],[120.98588948691072,16.351222128869907],[120.98491765478572,16.35167972636541],[120.98379814812478,16.352028162103924],[120.98294120970482,16.352163618128312],[120.98208537738948,16.352191337558825],[120.98145123320224,16.352364835566846],[120.9807390077523,16.352896728191446],[120.98002456235392,16.353644083592734],[120.97955224460729,16.354357843832936],[120.97895417752696,16.35463942271891],[120.97831854468737,16.35495655365409],[120.9774232879908,16.35519936100383],[120.97652506905315,16.355729451138213],[120.97547880737739,16.356186285329724],[120.97447232922676,16.35639209578127],[120.97316236079993,16.357169610626425],[120.97177354095265,16.358377328660126],[120.97066515301584,16.359444080845957],[120.97017827413865,16.359762617388874],[120.96928410334324,16.35989765437985],[120.96719782572957,16.36020075516157],[120.9661916946233,16.36037061203835],[120.96551845864059,16.360723251125606],[120.96491700491092,16.361327980729143],[120.96449891804302,16.362185879909696],[120.96348606879387,16.36300211216695],[120.96213919486378,16.36374327779906],[120.9613115618075,16.36463311842642],[120.95907599632072,16.366766303008514],[120.95726178722977,16.3695140859342],[120.9560270754645,16.37198016438653],[120.95585919991956,16.37381014637586],[120.95599676227947,16.37488890158619],[120.95669192075827,16.376008986175584],[120.95699126742016,16.37762802191899],[120.95697517772774,16.379172166570875],[120.9567604807946,16.380139758604763]]},"properties":{"ID":0,"RIVER_NAME":null}},{"type":"Feature","geometry":{"type":"LineString","coordinates":[[120.91502169190868,16.411405597478005],[120.91618863747338,16.41188404994124],[120.91707006018206,16.41297018751812],[120.91819969306127,16.41520800332524],[120.91910688374591,16.417371784391406],[120.91984296210074,16.41813325503694],[120.92069295286146,16.418680373012343],[120.92110106530455,16.418792154430257],[120.92203196042243,16.41872954464197],[120.92307256443193,16.418847582129313],[120.92437017761999,16.419291374997247],[120.92534697852248,16.420162948976525],[120.92639966494815,16.422651365734474],[120.92712056166097,16.424849196305424],[120.92770292330559,16.426075999193483],[120.92863076653114,16.42806039089591],[120.9290654570647,16.42917799381895],[120.92909238996927,16.43014791851004],[120.92899437791445,16.432373574631008],[120.92919026841457,16.433201514004658],[120.9299579435042,16.434501969785106],[120.93098304649078,16.43609226980949]]},"properties":{"ID":0,"RIVER_NAME":null}},{"type":"Feature","geometry":{"type":"LineString","coordinates":[[120.91458075248268,16.395168502782536],[120.912998961547,16.395224629414553],[120.9122564809235,16.39507360376406],[120.9110698937128,16.394702684266797],[120.91003019731289,16.39451278419153],[120.90914237149057,16.39403708576865],[120.9085510014166,16.393672072751947],[120.90806854947805,16.393559533157926],[120.90720872560654,16.393946017552604],[120.90649693213183,16.39440579832442],[120.90540084260073,16.396010961100686],[120.90453216601703,16.397223341558664],[120.90354995293944,16.398614149036852],[120.90282774942447,16.400043458202052],[120.9023162987921,16.400900261956252],[120.90171222432143,16.40172022614021],[120.900660183857,16.40267936382947],[120.90024441704047,16.403285726999744],[120.89990035452338,16.404144195434554],[120.89958886650847,16.40543394213274],[120.89884954523612,16.4067194088041],[120.8975719322889,16.40789174620891],[120.89595793425825,16.40920435543145],[120.89516585908197,16.410201974617504],[120.89418969208255,16.411018180672563],[120.89239078992337,16.41222116478128],[120.89152505113216,16.413146202140563],[120.89016248807435,16.41528727129353],[120.88930757611621,16.41693065668663],[120.8886406091807,16.41839636450491],[120.88837203562754,16.419147826373244],[120.88817825688108,16.419864127595215],[120.88827901247116,16.420870692021058],[120.88859718207515,16.4224181315863],[120.88873320590506,16.423604613404358],[120.88853050107568,16.425146812529547]]},"properties":{"ID":0,"RIVER_NAME":null}},{"type":"Feature","geometry":{"type":"LineString","coordinates":[[120.90649693213183,16.39440579832442],[120.90590518296965,16.394076687437327],[120.90529445184774,16.39378329886901],[120.90496464363541,16.393313143991247],[120.9047491254436,16.39259273738513],[120.90459785823342,16.391082886601083],[120.90431408970906,16.389787192720142],[120.9039532367368,16.388742120811592],[120.90347694808818,16.388055026913456],[120.90284917695713,16.387617811925868],[120.90153746083378,16.386778729497227],[120.89946780555115,16.385501116606257]]},"properties":{"ID":0,"RIVER_NAME":null}},{"type":"Feature","geometry":{"type":"LineString","coordinates":[[120.92030894680137,16.7520200428826],[120.92377831546798,16.752678170988254],[120.92578456017716,16.75406154715523],[120.92697819838216,16.75582622052466],[120.92812005188824,16.758641970948933],[120.92981184907187,16.761073759142295],[120.93160348088362,16.763623384088163],[120.93236393693117,16.7643320839308],[120.93421287880534,16.7653243335357],[120.93642355150173,16.76651493288348],[120.93933873323809,16.767985196710775],[120.9410197656843,16.769559939690758]]},"properties":{"ID":0,"RIVER_NAME":null}},{"type":"Feature","geometry":{"type":"LineString","coordinates":[[120.91574525926684,16.69412641342961],[120.91886056877794,16.694992290484887],[120.9195342134946,16.69536189818998],[120.92009414611455,16.695802926795785],[120.92146692431892,16.697667166983745],[120.92247349094443,16.69858435959843],[120.92307186816555,16.698953201513493],[120.924049431595,16.69907186631479],[120.92517757245038,16.69919203737553],[120.92607750136047,16.69952761329793],[120.9270103792475,16.70029891485868],[120.9276538857525,16.701720411684615],[120.92887580806983,16.703619384642145],[120.92928638079212,16.70395004655257],[120.93000124391904,16.7039934882704],[120.93083334287586,16.703638984476882],[120.93169956717591,16.7036113683155],[120.93214896247972,16.703833563389562],[120.93225564682731,16.704415163728786],[120.93243488748011,16.705251473028454],[120.93273136244318,16.705689837907123],[120.93374115052868,16.70631675007564],[120.93401997843829,16.7066460870609],[120.93404981608037,16.707372052470298],[120.9341184707291,16.70798955572681],[120.93434161329326,16.708245769272413],[120.93490435073404,16.70843280893445],[120.93625453570213,16.70891797785691],[120.93696435296324,16.70943303142066],[120.93766988645662,16.71034715778964],[120.93915003341023,16.712756629069066]]},"properties":{"ID":0,"RIVER_NAME":null}},{"type":"Feature","geometry":{"type":"LineString","coordinates":[[120.99831363095683,16.792547078645647],[120.99714452570983,16.792680841093432],[120.99548159841528,16.793208914084346],[120.99434900973908,16.79345186842452],[120.9939354673215,16.793375269037945],[120.99333436776996,16.79322427160053],[120.99255143354338,16.792454667340508],[120.99169088899332,16.79190200847447],[120.99101485083978,16.79171398938805],[120.99003521432414,16.791740708354098],[120.98882539331089,16.79216429881766],[120.98715901354662,16.793018825827644],[120.98661021041985,16.79326744585901],[120.9860064408341,16.79337039001499],[120.98518089864156,16.793072036382338],[120.98375925240825,16.79215101153943],[120.9828960563417,16.79185228065853],[120.98187837558909,16.791914871667302],[120.98070620444359,16.792338781624093],[120.97911243387739,16.793447939742723],[120.97827730186935,16.79405656357882],[120.97710511140764,16.794480450633756],[120.97602592243413,16.795014096934597],[120.97488792285439,16.79576486132338],[120.97458391599268,16.79601585602027],[120.97382909363114,16.796153559710085],[120.97300317945829,16.795891438054696],[120.97202507044827,16.795772948559787],[120.97126677853161,16.796237162707314],[120.9703128333441,16.797388835375237],[120.96974516811882,16.797637220763004],[120.96906566646403,16.797775649212785],[120.96816172266783,16.797766723922717],[120.9670279298699,16.798118360650125],[120.96570465162148,16.798576968151732],[120.96447591596569,16.79900021829283],[120.96311844704994,16.799131916882583],[120.96270452523493,16.79909153453469]]},"properties":{"ID":0,"RIVER_NAME":null}},{"type":"Feature","geometry":{"type":"LineString","coordinates":[[121.00043777563717,16.80569394772763],[120.9983746473817,16.805907413384507],[120.99770979499421,16.805725789521603],[120.99656927418262,16.804663772247835],[120.9960856383506,16.80454229273734],[120.99529712505654,16.804592992152227],[120.99426311271488,16.80493321345669],[120.99341460429297,16.80492493653405],[120.9922049073842,16.804679595303813],[120.99087154068219,16.80466657399365],[120.98893394615742,16.804472485603316],[120.98765934395229,16.804635169030426],[120.98674715314975,16.804918159497603],[120.98539653000857,16.806539672583376],[120.98430065323956,16.806996001798254],[120.98235687534186,16.807385623467177],[120.98065058059576,16.808244625288033],[120.97924669584951,16.809164966941477],[120.97814893602684,16.809796391665287],[120.97660093786871,16.810014696543295],[120.97471587042314,16.810579968522337],[120.97325877814073,16.810799142631762],[120.97125123654357,16.811479939762332],[120.96985474514588,16.811699686617484],[120.96894623215938,16.811632330127786],[120.9674353642878,16.811208717521648],[120.96604260880486,16.811078177588186],[120.96531281408727,16.81130448794714],[120.96402881477003,16.81234266793872],[120.9636626676722,16.81257257282572],[120.9627529087666,16.812621942018485],[120.9611826917232,16.81208093030741],[120.95991240548038,16.81183479761773],[120.95903420484001,16.811767698323905],[120.95781953285378,16.81198916663191],[120.95653924624862,16.812677036303324]]},"properties":{"ID":0,"RIVER_NAME":null}},{"type":"Feature","geometry":{"type":"LineString","coordinates":[[120.97814893602684,16.809796391665287],[120.97866657435041,16.812428730036864],[120.97859420823141,16.813537301105494],[120.97796830080875,16.815399410031123],[120.97733990195901,16.817495023972732],[120.97653522836642,16.81906344983526],[120.97542624006299,16.820745639350942],[120.97426220264359,16.821901829907937],[120.973406180639,16.822593985966673],[120.9721864759053,16.823282548740888],[120.97117580083649,16.82426508266688],[120.9701885818338,16.82589005502445],[120.96944940005842,16.82699202621909],[120.96841211824587,16.82762398237391],[120.96749294440382,16.828549015693213],[120.96626881944124,16.829646173189662]]},"properties":{"ID":0,"RIVER_NAME":null}},{"type":"Feature","geometry":{"type":"LineString","coordinates":[[120.93391844351886,16.666397541042475],[120.93310289071616,16.667295704633037],[120.93252236354091,16.66819621005353],[120.93207231055726,16.669454061557325],[120.93179813416737,16.669969208647853],[120.93122176704038,16.67048133703584],[120.9307817915799,16.670800619593322],[120.92956955171124,16.671112182423823],[120.92724858171637,16.67147737988651],[120.92529729835866,16.671813886449648],[120.92484296620698,16.671906437573565],[120.9241329677787,16.67235246927927],[120.92382414178714,16.672964358666928],[120.92337332057829,16.674286911333244],[120.9229987317888,16.674768668821503],[120.92232264521415,16.675182665228128],[120.92131288164687,16.675399104074902],[120.91922864538499,16.675604743124136],[120.91697757255085,16.675711579836868],[120.91474258709765,16.675883288734003],[120.91057058859691,16.67661804870517],[120.90888645222995,16.677086557078756],[120.90792774112921,16.67723870881666],[120.90591169826124,16.677347797096974],[120.90433145392404,16.67752601167881],[120.9030845105108,16.67793416074919],[120.90143004432372,16.678758945341425],[120.90020023061975,16.679134881928675],[120.8987182284392,16.679540618243315],[120.89760734262539,16.679788276781196],[120.89532230553667,16.67992689342751]]},"properties":{"ID":0,"RIVER_NAME":null}},{"type":"Feature","geometry":{"type":"LineString","coordinates":[[120.90239252892617,16.826340646027596],[120.90251547029041,16.825993480597674]]},"properties":{"ID":0,"RIVER_NAME":"Sabangan River"}},{"type":"Feature","geometry":{"type":"LineString","coordinates":[[120.9457995672926,16.311222059434275],[120.94459833734079,16.3092802998286],[120.94392292025351,16.308692974753967],[120.94296487848969,16.308296478615937],[120.94220525214939,16.30809549511642],[120.94176955724443,16.307587933099562],[120.94157721534998,16.30681172582556],[120.94114192927621,16.306265450279053],[120.93970530067452,16.305631975873197],[120.93904954930716,16.305083546252973],[120.93857418821585,16.3045368754566],[120.9384203261767,16.303915908572428],[120.93830493013535,16.303450183386367],[120.93703313312953,16.30239242019223],[120.93520583663843,16.300787191024167],[120.93480985465374,16.30031872252433],[120.93473374189577,16.299930813364895],[120.93489692110134,16.299661392682907],[120.93529858053545,16.299587884988327],[120.9363002958647,16.299636387809926],[120.93670195505143,16.2995628773793],[120.93702628105542,16.299217595141002],[120.9371125288644,16.2986376886475],[120.93703884296579,16.298017504122022],[120.9369847942996,16.297436227874393],[120.93703014614272,16.2969333551626],[120.9373945509937,16.296588463017514],[120.93855942415672,16.296367529737385],[120.93880154889447,16.296215025003672],[120.93888859872193,16.295557691540967],[120.93810594795946,16.2937303766933],[120.93780309503009,16.292023891431207],[120.93764721583872,16.291596487972164],[120.93732897973621,16.291361083269365],[120.93696823103008,16.291357562817183],[120.93668440792926,16.291664525310768],[120.93611513808462,16.29243329927992],[120.93579284984386,16.292585018400704],[120.93547218264477,16.292581886582415],[120.93523452019006,16.292308549255935],[120.93508067378949,16.29168758157282],[120.93492601725316,16.291144039033835],[120.93476811771407,16.290910197148165],[120.93428712133766,16.290905497377025],[120.9332842345472,16.290973127777225],[120.93314516135943,16.290855618494785],[120.9329471813534,16.290621383604893],[120.93287147955876,16.290194761752335],[120.93288974027729,16.288452697194234],[120.93274929322754,16.286554214633778],[120.93263635061396,16.285856213032133],[120.93247926901451,16.28554494502685],[120.93184323550837,16.285035410533933],[120.93132663837423,16.284604475881057],[120.93107260381325,16.283982526711554],[120.93088315901763,16.28293532792835],[120.93060746260058,16.282468032510724],[120.93017184907693,16.281960455360363],[120.9300548549767,16.281649578504517],[120.93042045718275,16.28118855853549],[120.93130913837592,16.28053907192457],[120.93151441250885,16.28007648136436],[120.9313699168106,16.27856512418709],[120.9310381620319,16.2777101163674],[120.93068068704284,16.277396887780668],[120.9304021555608,16.277200580526674],[120.92948193712625,16.277036709992334],[120.92844391861698,16.276639383347124],[120.9278876762198,16.27616933843062],[120.92685535881004,16.275230030550517],[120.92637724992281,16.274954330128168],[120.92569833807408,16.27471537658822],[120.92381826655289,16.274348488582977],[120.92326122792377,16.273955858152785],[120.9228268733116,16.273332132768555],[120.92267470395018,16.272556311807925],[120.92284112967798,16.27197720018336],[120.92300511066881,16.271630362493053],[120.92305170545308,16.271011357952414],[120.92305659223778,16.270546809490263],[120.92294613008505,16.269616532506692],[120.92290189376465,16.26810615986323],[120.92278736035072,16.267563006619188],[120.92255055758581,16.26721223518995],[120.92203198878433,16.266974846695362],[120.92134944301786,16.26708429391926],[120.92094678381369,16.267286624994384],[120.92005553551083,16.268155639975998],[120.91957133627727,16.26846061152473],[120.91908876744235,16.268610732656498],[120.91840866396363,16.26848789592948],[120.91784797929978,16.26844366448485],[120.91716338605956,16.268746658504156],[120.91615816590286,16.269046493384263],[120.91575861055597,16.268926410269014],[120.91536109920604,16.268612765506912],[120.91521263938361,16.267488532973623],[120.91502042467215,16.266712315360742],[120.91454644260743,16.266049470500125],[120.91426957972288,16.265698296819757],[120.91362997728162,16.265537128935726],[120.91270860769244,16.26548932956851],[120.91166373259846,16.265750037010847],[120.91108097348796,16.265899151478433],[120.91011993653615,16.265812233135982],[120.9094402614283,16.265650657255147],[120.90928241113478,16.26541680166991],[120.90872706874417,16.264869290777067],[120.90809608535966,16.263895154427786],[120.90773908396352,16.263543181787146],[120.90702180364825,16.263148931140776],[120.90626403949972,16.26279299403458],[120.9058281216177,16.262324090142087],[120.90535746532491,16.261351533513754],[120.90441821814035,16.25921285873051],[120.90402279832344,16.258705637049715],[120.90366458117006,16.258469795130548],[120.90306550050714,16.25827028374363],[120.90226522158441,16.258146209783053],[120.9019078298991,16.25783294145093],[120.90109902910979,16.256624732233604],[120.89998720749021,16.255645812172517],[120.89967236724401,16.255100667196146],[120.89944179233343,16.25416919834936],[120.89933596800698,16.2528130913997],[120.89917978467668,16.25242438322522],[120.89890296771419,16.252073194441714],[120.89838364895466,16.251913179285516],[120.89710374618743,16.251668182338893],[120.89682528673232,16.251471838542912],[120.89651087291293,16.250887978681593],[120.89643772748114,16.250229082512796],[120.89666760579742,16.249340899585224],[120.89679400366039,16.248761416058997],[120.89664565195766,16.247637182636378],[120.89653860953754,16.246397211584277],[120.89668229674274,16.244191831722162],[120.89653147569295,16.24329986913607],[120.89637612673485,16.24283373647454],[120.89470807473762,16.23952632494112],[120.89368146272533,16.238083640032002],[120.89336831157159,16.237383643143076],[120.89329476392683,16.236763458684717],[120.8932253379562,16.23575615663757],[120.8932762804072,16.232852973319233],[120.89344974532115,16.231615788714226],[120.89365462645503,16.231191949081815],[120.8943861788745,16.230231316195216],[120.89471250023773,16.229692532999145],[120.8948000493398,16.228996515665923],[120.89473061337705,16.227989212844196],[120.89484971977309,16.22620946282584],[120.89505870611595,16.22539850220767],[120.89538378186347,16.224975852151424],[120.89590961042971,16.224516476586608],[120.89603351775897,16.224169261877535],[120.89625688814762,16.22200338324269],[120.89626470035346,16.221267857401827],[120.89618826500256,16.2209186559224],[120.89590902363689,16.220799739352284],[120.8953873192786,16.22087199756202],[120.89434390989506,16.221016509994463],[120.89380505236518,16.220817582574007],[120.89329075881103,16.220193022821547],[120.8931391345802,16.219378483531134],[120.89286689752922,16.218601462608603],[120.89295979539335,16.21740219190936],[120.89307354792382,16.216125696120724],[120.89297063652737,16.214498606186094],[120.89295073848459,16.212601328670022],[120.89307999061428,16.21175086111558],[120.89349463853178,16.210438633826687],[120.89427192489444,16.208936421795453],[120.8944371206251,16.208473468383367],[120.8946027265907,16.207971802838248],[120.89461629317405,16.20669431023242],[120.89468995557885,16.20541741321482],[120.89506697581417,16.203872510649024],[120.89555966226095,16.202754628640196],[120.89572731264653,16.202059401349743],[120.89585695117586,16.201170217151347],[120.89599110514419,16.19985520112937],[120.8966763728978,16.197577740250402],[120.89713963576553,16.195452942449055],[120.89776436562265,16.193213591233864],[120.89808205437718,16.191590657627977],[120.89838831332254,16.189154571479822],[120.8985694604739,16.187181840401617],[120.89858221047076,16.184084676423076],[120.89879316405207,16.18308014165712],[120.89920769162462,16.18176788838676],[120.89994391906055,16.180342662002747],[120.90006860086274,16.17991801524483],[120.9014010965507,16.175520495343473],[120.90215130655692,16.174286000192147],[120.9029671877266,16.172900258823713],[120.90339556129699,16.17216887152328],[120.90364081141367,16.171706692774404],[120.90373072849073,16.170778387979066],[120.90358683129108,16.16922831911991],[120.90367470452541,16.168493575366515],[120.90379977625345,16.16803021189472],[120.9042064728924,16.167453472902007],[120.90433031804307,16.167106245709324],[120.9044643650146,16.16579121108959],[120.90570975550091,16.16355792114663],[120.906729509289,16.161825714882244],[120.90693875495299,16.160976011929485],[120.90698696000784,16.160202158225143],[120.90663623693834,16.15926951709312],[120.90616575774342,16.158296981713953],[120.90568259198999,16.15662742637471],[120.90529141691661,16.155733102633313],[120.90418048300728,16.154715547623024],[120.90378156757673,16.154556756267784],[120.90321835412259,16.154783509956303],[120.90200446516546,16.155933044077525],[120.90034546093932,16.157504059978283],[120.89917609224902,16.158228134650546],[120.89768913676801,16.15867805309196],[120.89696773139198,16.158709645264015]]},"properties":{"ID":0,"RIVER_NAME":"Imugan River"}},{"type":"Feature","geometry":{"type":"LineString","coordinates":[[120.955789232897,16.672942997164153],[120.95432727565674,16.673525660526458],[120.95351918531543,16.67378637099849],[120.95221556447552,16.67404217849105],[120.9496064062763,16.674732878115933],[120.94798988637227,16.675284107891088],[120.94627821551165,16.676043364189322],[120.94370653774517,16.67757029026847],[120.94217618752799,16.678749276207],[120.94111166626139,16.679813463254884],[120.9406978523153,16.680854263076686],[120.93989560954738,16.682010614953473],[120.93942143919456,16.682901536585575],[120.93915766767925,16.68439164574488],[120.93926811681884,16.68564664302905],[120.93986055748286,16.68672731093305],[120.94099438400022,16.687873074797615],[120.94133060606099,16.688294386222577],[120.94157231304199,16.68886403067661],[120.94152759288042,16.690147339079456],[120.94145477578365,16.69116167521588]]},"properties":{"ID":0,"RIVER_NAME":null}},{"type":"Feature","geometry":{"type":"LineString","coordinates":[[120.971713620438,16.67814056918781],[120.97098945946344,16.67968009472011],[120.97084213023814,16.680224516900587],[120.97102033401556,16.681227018296827],[120.97152935436236,16.682187272940872],[120.97307130817437,16.68365802232515],[120.97451698567797,16.685309775832142],[120.97568145095798,16.686776815079195],[120.97633064771054,16.687874899302304],[120.97806351753086,16.691394490148934],[120.97818595580146,16.69321524571727],[120.97854675771438,16.694810885805072],[120.97843705515477,16.696265460757978],[120.97739747346138,16.698620722524247],[120.97647249783431,16.701295519867493],[120.97617302766885,16.702839211439255],[120.97630119462835,16.7041141547639],[120.97673901600999,16.70511919534226],[120.97753225501111,16.70599124599688],[120.97870978132282,16.706230206982404]]},"properties":{"ID":0,"RIVER_NAME":null}},{"type":"Feature","geometry":{"type":"LineString","coordinates":[[120.97801584574931,16.691439513231252],[120.97886484597252,16.69149329782324],[120.9799007079108,16.691730859650978],[120.98036881758426,16.692099342022917],[120.98209778238696,16.69375381936402],[120.98298969277137,16.69421740842233],[120.98426202450469,16.694411766751248],[120.98610212086567,16.694475178332144],[120.98779777948035,16.69481010384517],[120.98958355114806,16.695555294925853]]},"properties":{"ID":0,"RIVER_NAME":null}},{"type":"Feature","geometry":{"type":"LineString","coordinates":[[120.9014010965507,16.175520495343473],[120.90009529581579,16.175072256192546],[120.89956420170579,16.174948280402088],[120.89895288267246,16.174665200883585],[120.89764583850778,16.174335668099197],[120.89699357502363,16.17405217880571],[120.89679175909156,16.173773141266576],[120.89606220924904,16.1730535330815],[120.89553196243146,16.172850401475877],[120.89475392455839,16.17284270421638],[120.89369050031395,16.17271344668364],[120.89328310526152,16.17251152599169],[120.89230955823753,16.17163118105634],[120.891578354018,16.171069853134934],[120.89111080137276,16.170748600596898],[120.89045730066996,16.17058381327651],[120.88947411021209,16.170613641026694],[120.88840860208738,16.17068222464175],[120.8877960535798,16.170517835785805],[120.88706234336163,16.1701939330039],[120.88600188959191,16.16978762759124],[120.88555187730675,16.169743579203256],[120.88506091689403,16.169699122908746],[120.88456658702391,16.169971249960515],[120.88411446841515,16.17012506374549],[120.88345676365903,16.170355986114423],[120.88300422201853,16.170549370341877],[120.88251241764202,16.170584054001136],[120.88165249811868,16.1705754949049],[120.88115984998132,16.17068932133379],[120.8806663573515,16.17088229245825],[120.87996474343929,16.17138980591034],[120.87942438718933,16.172136386635824],[120.87888487157727,16.172803819656295],[120.87836920721372,16.173154871943044],[120.87787655157544,16.17326868975162],[120.8758240266858,16.173723131185373],[120.87409697020922,16.174378689369327],[120.87232132590471,16.175746131542372],[120.87099737574566,16.176999346794886],[120.86917436980151,16.178959936574753]]},"properties":{"ID":0,"RIVER_NAME":null}},{"type":"Feature","geometry":{"type":"LineString","coordinates":[[120.95463268346975,16.132660622544428],[120.95518832253438,16.13836530766591],[120.95661316156198,16.143168014466074]]},"properties":{"ID":0,"RIVER_NAME":null}},{"type":"Feature","geometry":{"type":"LineString","coordinates":[[120.96713130045116,16.135708998060853],[120.96523132055485,16.137313615175202],[120.96325185068773,16.138679978270655],[120.96184476538521,16.140130951869455],[120.96110047309865,16.14083625501346],[120.96011172419537,16.14142047856398],[120.95756260719698,16.142425117040315],[120.95657181051844,16.14320719684227],[120.95641956642709,16.144076471949415],[120.95657278471349,16.145106991615563],[120.95826285265473,16.148012450870972],[120.95847384660055,16.149399733835274],[120.95828732360478,16.15161436353114],[120.95752062740692,16.154496269806994],[120.9571370659652,16.155957008147663],[120.95629833353291,16.159867263350232],[120.95599501815391,16.16148708242951],[120.95594023775845,16.162832235397744],[120.9557445749064,16.163938562520137],[120.95545386152294,16.16433155824454],[120.95458089983266,16.16558969183802],[120.95283249607064,16.16834339276169],[120.95201766119614,16.169918700454723],[120.95150096621383,16.172367604625407],[120.95134703022511,16.17339516767992],[120.9508421501507,16.174696400884073],[120.95075290028814,16.175407956737736],[120.95134921383604,16.17715516072317],[120.95134227544463,16.177827930872454],[120.95109125766194,16.178340035361956],[120.9496837770088,16.17979088101506],[120.94895076549723,16.18136695672824],[120.94840284658524,16.182865657196306],[120.948543761185,16.185083416361618],[120.94885544197508,16.186629987448235],[120.9491884208689,16.1880976067272],[120.94978924099016,16.189409495018605],[120.94998256719947,16.190519559681388],[120.95013044375256,16.19206455027169],[120.95011082145052,16.193964132347794],[120.95040980958777,16.19475858753677],[120.95097378440995,16.1956743335574],[120.95235565352458,16.196716697669494]]},"properties":{"ID":0,"RIVER_NAME":null}},{"type":"Feature","geometry":{"type":"LineString","coordinates":[[120.99147593264333,16.147774033189293],[120.99014325795119,16.149977920526702],[120.98956440110383,16.150526572004903],[120.98898874067454,16.150758615601514],[120.98866116279807,16.150755522947897],[120.9878450196081,16.15047075912096],[120.98674465185682,16.149945829705132],[120.98621314170508,16.149861647176362],[120.98523081506907,16.14981277975674],[120.98392171603577,16.149681656862988],[120.98351345021175,16.149559054649608],[120.98266078747612,16.14883855320576],[120.98192896415037,16.148317090459663],[120.98160179306925,16.148274411841147],[120.98082380898597,16.148267040102702],[120.98032923797714,16.148578987107427],[120.97979090677107,16.149167573164153],[120.97899845139887,16.1505849124108],[120.97800724292281,16.15342521497464],[120.97775512177276,16.154056089775153],[120.97690684174108,16.154918777503347],[120.97554428855643,16.156014048285545],[120.9746739047265,16.15703483175807],[120.97441975237204,16.15786357747446],[120.9744064517937,16.15916956419013],[120.97470349084317,16.160161869537863],[120.97530926176375,16.160998794141502],[120.97546822286276,16.161475256203193],[120.97554004823115,16.162465419235982],[120.97531313676326,16.164640116825996],[120.97547282597604,16.167055966113725],[120.97530136599116,16.16780633946932],[120.97471959242347,16.168631966447816],[120.97290566019865,16.169802069920387],[120.9714249707391,16.170421225511333],[120.96982303743805,16.17088089682955],[120.96822109806446,16.17134055521462],[120.96694352156952,16.172119932129693],[120.96519094416404,16.17329054753555],[120.96457383740601,16.17356169725739],[120.96317865362957,16.173825397407075],[120.96161803780554,16.174245818524533],[120.96009552380535,16.17494364467391],[120.95926633167316,16.17592516262506],[120.95876759244813,16.176632796058158],[120.95861653426063,16.177383343664182],[120.95847944272774,16.178767285722408],[120.95835129782976,16.179280579943054],[120.9576473764419,16.18002581832838],[120.95665474565008,16.1809661737883],[120.95644305964122,16.181636978367372],[120.95588949044941,16.183689751812306],[120.95550389647805,16.18732728572774],[120.95499858805263,16.18866810103931],[120.95395556066049,16.1905182616727],[120.95284985526565,16.192486547030573],[120.9524612523742,16.194422155860202],[120.95235565352458,16.196716697669494],[120.95244619800145,16.19786534972823],[120.95291234940245,16.200323715171486],[120.95358492748281,16.202625754699568],[120.95501319173161,16.205132963932268],[120.95662824834481,16.207404492322052],[120.95674541249392,16.207959720918645],[120.95670200697292,16.208196775221783],[120.95645258597193,16.208550582954544],[120.95562893045906,16.208978019781675],[120.95447923750534,16.209243997996758],[120.95392262272752,16.2095948426006],[120.95362978524787,16.210185699414684],[120.95362243107519,16.21089804308846],[120.95414386563638,16.211971690186065],[120.95700087830764,16.214967600599874],[120.95801834518329,16.215610649305248],[120.96062755651045,16.216823095240706],[120.96176792698797,16.21746730897135],[120.96335114069458,16.218867763868435],[120.96520428186766,16.219914588314392],[120.96691001795462,16.221355774579294],[120.96817575727762,16.22176368648037],[120.97013865891891,16.222099103946032],[120.97434960156936,16.22293092459646],[120.97731165214628,16.223711183761875],[120.97833006199649,16.223927744123195],[120.9794380431215,16.22408765622227],[120.9806198919335,16.224692594706077],[120.98171982368858,16.22529674802793],[120.98270171280473,16.22542482416228],[120.98392817019231,16.22567395764728],[120.98457994621387,16.22603636313067],[120.98571079744072,16.227630271417286],[120.9864742032836,16.229101949909534],[120.98839060614218,16.23200941812426],[120.98989019799195,16.23360680758266],[120.99062394042096,16.233969975003134],[120.99202998709109,16.23469572123124],[120.99335652294214,16.235183230706582],[120.99482604234642,16.235711664096613],[120.99600721216373,16.236395680442435],[120.99722655201049,16.237357107387382],[120.99996971097889,16.239559872584262],[121.0014702557688,16.241078044498234]]},"properties":{"ID":0,"RIVER_NAME":null}},{"type":"Feature","geometry":{"type":"LineString","coordinates":[[120.99202998709109,16.23469572123124],[120.99188861439815,16.232477941318148],[120.99173078061692,16.231882757117152],[120.99124443310014,16.2313636202215],[120.99010668550423,16.23044251761241],[120.98925488923467,16.229603279427096],[120.98789990704877,16.22788852261501],[120.98673048699857,16.22605678271895],[120.985484798548,16.223670205292237],[120.98524828495077,16.222757637874157],[120.9850768389757,16.22148947537604],[120.98505318729931,16.21978734487305],[120.98535802731587,16.218009174139485],[120.98569537183043,16.217062474512016],[120.98592990877998,16.216154377702743],[120.98593755161535,16.215402444634133],[120.985789397607,16.21385744841872],[120.98593037636317,16.212077719721048],[120.9862251368014,16.211288930552577],[120.98693310673782,16.210147845194022],[120.9881731362079,16.2090513774188],[120.98889795250933,16.208266656849606],[120.989275816102,16.20735991035518],[120.9898632841491,16.205980194541446],[120.9906968943121,16.204563225411878],[120.99144496807173,16.20350165736507],[120.99264277004305,16.20252349495992],[120.99312059501678,16.20185515945642],[120.99358033982101,16.20094917506263],[120.9937569799256,16.199684300802936],[120.99393841920086,16.197944517779675],[120.99420376739056,16.196007628701132],[120.99432896118714,16.193752779888133]]},"properties":{"ID":0,"RIVER_NAME":null}},{"type":"Feature","geometry":{"type":"LineString","coordinates":[[120.97833006199649,16.223927744123195],[120.97712703057095,16.22508542075107],[120.97623654604051,16.226700737293715],[120.97484359222496,16.231428961778473],[120.97394574235634,16.233758667283514],[120.97219955782622,16.23685968070878],[120.97158453575122,16.23782807971767],[120.97096218076898,16.239510879267485],[120.97027325245054,16.24112808610791],[120.96980494435154,16.244176347728718],[120.97003986029432,16.247491152154044],[120.97001252253796,16.250153923335997],[120.97002639828645,16.25535021674939]]},"properties":{"ID":0,"RIVER_NAME":null}},{"type":"Feature","geometry":{"type":"LineString","coordinates":[[120.95244619800145,16.19786534972823],[120.94986115261983,16.198767736757432],[120.94796458470262,16.199123548199168],[120.94757744146908,16.199119808573993],[120.94702081579847,16.198865016819322],[120.94565420979787,16.197895721521235],[120.94436718816083,16.197550722332178],[120.94294810891884,16.197495419496068],[120.94174152112554,16.197691578867595],[120.94087732969147,16.198057324997517],[120.9397472716914,16.19916872775158],[120.9389660791753,16.199826251316082],[120.93829458164407,16.20027699220753],[120.93764804663863,16.200395422981114],[120.93506146850898,16.200910689961916],[120.9321259856729,16.201879782668566],[120.929836589749,16.20277199223296]]},"properties":{"ID":0,"RIVER_NAME":null}},{"type":"Feature","geometry":{"type":"LineString","coordinates":[[120.95150096621383,16.172367604625407],[120.95057389000837,16.171721196247955],[120.94977498778945,16.170858489115897],[120.94958842637772,16.1702990758047],[120.94964414506609,16.16862676541304],[120.94994366662226,16.165692873611878],[120.95009093095052,16.164467536551108],[120.95013973989154,16.163464297508156],[120.95014625452932,16.16283239522063],[120.9500331701175,16.162608259817038],[120.94945893539558,16.16234250863019],[120.94765931944038,16.161544505272516],[120.94614702334567,16.16086078308245],[120.94538318459443,16.16033297249742],[120.94496395851829,16.159957183286906],[120.94409012470146,16.158907866779263],[120.94325245376662,16.158081942614988],[120.94287131211019,16.157743692268006],[120.94233517810598,16.157515466567663],[120.94064447685419,16.15735042564908],[120.93845688351945,16.15688316812106],[120.93790191361836,16.15661757546851],[120.93587511907072,16.15548271510779],[120.93441829074888,16.155022500646904],[120.933803713204,16.15494219082283],[120.93334027054946,16.15512356464914],[120.93248450692033,16.156044610742306],[120.93126752079215,16.158411931746347],[120.9305863500714,16.159185967541635],[120.92958135799859,16.1596594597466],[120.92884984129853,16.15972669315631],[120.92777450711591,16.15956753414021],[120.92601348464582,16.15876973478917],[120.92444244883923,16.15819681775732],[120.92379328962174,16.157744402255897],[120.92326028823662,16.15721877014334],[120.92281003073875,16.15613633575384],[120.9220287874735,16.15360089029362],[120.92159854857628,16.15244430215519],[120.92087754629563,16.15150791897349],[120.9198123700183,16.150382304142855],[120.91836340466571,16.14917858777998],[120.91652793594146,16.14815695292874],[120.9154550166866,16.147774720204477],[120.9143801546515,16.147578332218117],[120.91291643424104,16.14778704109804],[120.91129342092196,16.1485146095236],[120.9098038274958,16.14935499426913],[120.90899426400027,16.149532917875735],[120.90818860648987,16.149339140426505],[120.90723263850072,16.148809321182735],[120.9055118316398,16.1478630711197],[120.90451468237949,16.147593051131498],[120.90236734891789,16.146977144371444],[120.9010460698344,16.14644370336952],[120.89890386390628,16.145344559855573],[120.89783453687795,16.144627718051797],[120.8967656106045,16.14387370221748],[120.89617228794177,16.143607631700192],[120.89552049697765,16.143415329067295],[120.89440566176863,16.14336714339767],[120.89333007056938,16.143244993226357],[120.89256252307622,16.143088710933274],[120.89164351495681,16.142707887794316],[120.89095563953394,16.14229217522753],[120.89004057779871,16.141539652197597],[120.88920085800981,16.140936565141885],[120.88858872280795,16.140633115899195],[120.88805192347986,16.14047910453365],[120.8874762754351,16.14036188008316],[120.88716863246954,16.140358830666838]]},"properties":{"ID":0,"RIVER_NAME":null}},{"type":"Feature","geometry":{"type":"LineString","coordinates":[[120.933803713204,16.15494219082283],[120.93256234299275,16.152868271871334],[120.93215731983896,16.151879113489656],[120.93190216517796,16.151000879362133],[120.93164928769343,16.149903727974852],[120.9314662242055,16.14935460244076],[120.93120652324144,16.14891420225196],[120.9301220118132,16.14791844222605],[120.92974868613827,16.1475134266699],[120.92918964943813,16.146814687050156],[120.92887560975446,16.14615481771925],[120.92832227540313,16.144908784563302],[120.92798898657233,16.144285217132328]]},"properties":{"ID":0,"RIVER_NAME":null}},{"type":"Feature","geometry":{"type":"LineString","coordinates":[[120.92094678381369,16.267286624994384],[120.92072763796048,16.26589163461743],[120.92081112115105,16.265365434907356],[120.92124531246105,16.264842679271435],[120.92140672858802,16.264317244337477],[120.92083925183786,16.262692967882455],[120.92018830159428,16.261594890496262],[120.91944549044429,16.25996888959183],[120.91922477159646,16.258724460379792],[120.9190060364969,16.25729182932172],[120.91854994056042,16.25619566387773],[120.91824733280777,16.25532687202269],[120.91806241681034,16.254383948322037],[120.91809220771717,16.253405490699862]]},"properties":{"ID":0,"RIVER_NAME":null}},{"type":"Feature","geometry":{"type":"LineString","coordinates":[[121.00026815768783,16.84541063129833],[120.9971280751064,16.843650398367494],[120.99619980622053,16.84358169604919],[120.99551798786827,16.843634680116754],[120.99153708321471,16.845265728202264],[120.99029099132807,16.845969228399944],[120.98880159392672,16.84625284501121],[120.98743478600947,16.84665693561063],[120.9862569099786,16.84676466340015],[120.98477066118232,16.846750073389654],[120.98384175643524,16.84674094917533],[120.98322059092382,16.846913769454584],[120.98222659770846,16.847202204749234],[120.9810499841825,16.847190631820066],[120.97938428808543,16.84657782450713],[120.9775290221156,16.84632098358795],[120.97635114919075,16.846428654101675],[120.97486427752658,16.846473627494998],[120.97386900887203,16.8468812907648],[120.97200167823179,16.84775746019096],[120.97075932626065,16.84810302393417]]},"properties":{"ID":0,"RIVER_NAME":null}},{"type":"Feature","geometry":{"type":"LineString","coordinates":[[120.97635114919075,16.846428654101675],[120.97489092862745,16.843968964152133],[120.97361334391887,16.84180927546503],[120.97281848021173,16.84084716996072]]},"properties":{"ID":0,"RIVER_NAME":null}},{"type":"Feature","geometry":{"type":"LineString","coordinates":[[121.00144585568633,16.880670422516477],[120.99475185018673,16.875177624203413],[120.99339617388785,16.874508296170937],[120.99240519230479,16.874498589678744],[120.99072408171844,16.875317092674443],[120.99004278003072,16.875310410784078],[120.98954855037866,16.87518627939013],[120.98905874048626,16.87464470052323],[120.98851394282674,16.87344652583133],[120.98783706999045,16.873022391214615],[120.98635440688379,16.872649979989003],[120.98561371021393,16.872404135500073],[120.98437943151369,16.87197451083159],[120.983391000419,16.87172622216466],[120.9827716497396,16.871720126913132],[120.98152851445418,16.872125375331052],[120.9805937830912,16.872652937161472],[120.97978862472576,16.8726450015627],[120.9783653839325,16.872511684296256],[120.97743445254045,16.872681421864264],[120.97612492089787,16.873503467352723],[120.97553399298363,16.8737361942672],[120.97423334942978,16.87372334075367],[120.97249915979538,16.873706189914184],[120.97150501144756,16.87399455560851],[120.96982128609754,16.875051415757316],[120.96932388857499,16.875225409361015],[120.96864387164617,16.87509938750716],[120.96772568319062,16.874076390422914],[120.96668299648843,16.873111795560185],[120.96613260492609,16.872450286124227],[120.9656505364644,16.87119304692197],[120.96431289959479,16.86885377951463],[120.96272884137639,16.86639277610702],[120.96157258845929,16.864472783169234],[120.96020599650349,16.86195428765551],[120.95886784243618,16.85967463124984],[120.95814517087041,16.857758940441045]]},"properties":{"ID":0,"RIVER_NAME":null}},{"type":"Feature","geometry":{"type":"LineString","coordinates":[[120.9927928027823,16.919829841877824],[120.9934369485236,16.917510154786505],[120.99369864296291,16.916200613994622],[120.99377574684978,16.914769978747163],[120.99423401020213,16.912448461724956],[120.99443058467465,16.911436486403918],[120.99427124334815,16.908929986397776],[120.99453291345941,16.907620441629458],[120.9956738125482,16.90518632496244],[120.99643166359506,16.9038219945576],[120.99656311640848,16.903107584118885],[120.99620404424181,16.901911238639777],[120.99615470089938,16.900717926039043],[120.99642578927555,16.898513845438877],[120.99598577705702,16.89618351940726],[120.99575312290595,16.89474984570774],[120.99600971338643,16.893917376870924],[120.99682819106542,16.89267291560823],[120.9969558529298,16.892316315494202],[120.99696151827588,16.89177959705136],[120.9969722189209,16.890765795466542],[120.99678891143701,16.890525435871254],[120.9963565786693,16.89040192240608],[120.99499449269945,16.89032894693549],[120.99313435432444,16.89048964705139],[120.99157193085544,16.891786436845525],[120.99082483939668,16.892136954529594],[120.98958663130962,16.89206515771497],[120.98902788991562,16.892178952709706],[120.98808105613483,16.893839605404967],[120.98714306222858,16.89466536162591],[120.98565137288344,16.895127817447076],[120.98441568512678,16.8948174478343],[120.98355736130291,16.89397401870641],[120.98192603836966,16.89300368574151],[120.98013099214303,16.89286670038334],[120.97833086736206,16.893206777088523],[120.97647388371209,16.893069147996325],[120.9752375940994,16.89281836052176],[120.97487039938483,16.89239724240508],[120.97444317457692,16.89179660728722],[120.97352169750471,16.891071798299137],[120.972539561068,16.890227103529586],[120.96994634654716,16.889426078670372]]},"properties":{"ID":0,"RIVER_NAME":null}},{"type":"Feature","geometry":{"type":"LineString","coordinates":[[120.99642578927555,16.898513845438877],[120.99615470089938,16.900717926039043],[120.99485259498657,16.900824454144733],[120.99354670308139,16.90128878503134],[120.99286593814998,16.901222467390156],[120.9910120093472,16.900786785259662],[120.9895847498692,16.90101133325997],[120.98678140680714,16.90247480190436],[120.98428648378864,16.904060548650463],[120.98368975625806,16.904830002727742],[120.98273772627911,16.90696769519879],[120.98191909001844,16.908212081930877],[120.98178757730874,16.90892647633412],[120.98227426767947,16.90976625188646],[120.98281656306682,16.911202985187366],[120.98292268778455,16.91287398015365],[120.98283598248278,16.915199123847223],[120.9830445526028,16.915976514209206],[120.98371393964013,16.917116295341334]]},"properties":{"ID":0,"RIVER_NAME":null}},{"type":"Feature","geometry":{"type":"LineString","coordinates":[[120.99375438376141,16.934332108253336],[120.99373158566563,16.93648260818842]]},"properties":{"ID":0,"RIVER_NAME":null}},{"type":"Feature","geometry":{"type":"LineString","coordinates":[[120.98331033116492,16.337944982364945],[120.98350705007174,16.336157630933087],[120.98343612155922,16.33539672178664],[120.98316760245818,16.334709946170307],[120.98141034944025,16.333324719194625],[120.97949489444937,16.332013987465068],[120.97816675979027,16.331012962737358],[120.977975814277,16.330440960624912],[120.97802533439159,16.329453137480243],[120.9783377301423,16.327783627107284],[120.97834632330289,16.326947457124284],[120.97819513081524,16.326337824807513],[120.97761136641867,16.325686035191634],[120.97550390211816,16.32391729911058],[120.97542870197842,16.32357447481016],[120.97559435274037,16.32277782406307],[120.97581030757165,16.320917335245003],[120.975814607674,16.320499250646108],[120.97569965750372,16.320194056629237],[120.97534894416087,16.319848589654725],[120.97472232804803,16.319538486379525],[120.97415670843853,16.319038909833285],[120.9739626526818,16.3187709673376],[120.97388941232951,16.31823810458502],[120.97401726824705,16.317289046471775],[120.97455043695201,16.31520353440955],[120.97492342468658,16.313382563320797],[120.9751948835638,16.311864708684592],[120.97529079264368,16.31019312411727],[120.97534304381983,16.308939246722513],[120.9750406929311,16.30771998100554],[120.97424599933376,16.306534005084423],[120.97390508299014,16.305238345814338],[120.97384083373595,16.30383130581381],[120.97369591876244,16.302613549312365],[120.97370686268768,16.301549333491774],[120.9740342100986,16.300336105878337],[120.97489909258593,16.298519845818934],[120.97506549307526,16.29764717607613],[120.97519331804733,16.296698113375538],[120.97512436999264,16.295747165160954],[120.97455748653886,16.293461043130595],[120.97420041810004,16.291823126805024],[120.97416848409063,16.29110060227439],[120.97425382855208,16.290455224586925],[120.97453867009308,16.28954567764185],[120.9748613001956,16.288788538030357],[120.9749147027116,16.287420634667967],[120.97492836081796,16.28609036196048],[120.97478405254097,16.28289601104585],[120.97466448947297,16.279207746500553],[120.97455250664268,16.27669791200449],[120.97500563827333,16.274725648389044],[120.97553161141654,16.273324253216153],[120.97589355345987,16.272567483980897],[120.97665093512225,16.271624437101938],[120.97865870760319,16.269629007028417],[120.97937671531142,16.268685571579898],[120.97965993511552,16.267928041658543],[120.9796322513834,16.26678742690067],[120.97926054215102,16.264655224537446],[120.97921357376497,16.263476413945085],[120.9789579694321,16.261535378083543]]},"properties":{"ID":0,"RIVER_NAME":null}},{"type":"Feature","geometry":{"type":"LineString","coordinates":[[120.99126937579318,16.769292827340962],[120.99131675824265,16.767580992946296],[120.99195283623669,16.76535715355738],[120.99272228960778,16.76339696695243],[120.99273123492074,16.762544391591636],[120.99254834862256,16.760509338378647],[120.99169576528529,16.757418331775366],[120.9914358717762,16.756235190638005],[120.99158646378942,16.754859279654436],[120.99187731881051,16.75309119741652],[120.99161880291135,16.751776891065013],[120.98951527222586,16.74788662188118],[120.98938946644267,16.746901554751926],[120.98885801746933,16.74565017598272],[120.98698317777703,16.742680370668996],[120.98671918811135,16.741890722998257],[120.98680448249021,16.7402518216079],[120.98668351519171,16.738807675802793],[120.98638618770676,16.73795211353146],[120.98591870454246,16.737094890663773],[120.98537764668318,16.736761663535866],[120.98518173193075,16.73597267938326],[120.9850545704071,16.735118776983374],[120.98458227145328,16.734720630274836],[120.9832939194537,16.734248922471558],[120.98208192192612,16.73299088290195],[120.98202145526871,16.732268810328478],[120.98155400369568,16.731411580754287],[120.9777681905787,16.728947737132764],[120.97668615291506,16.728281246494642],[120.97549441694017,16.728335154794912],[120.97147959840247,16.728230164148158],[120.96815164050469,16.727541556421095],[120.96740855299738,16.727009533354323],[120.96612587032645,16.726013073271375],[120.96572586847475,16.725222068882413],[120.9651244796445,16.724166725108404],[120.96377655555874,16.72290725584324],[120.96161475682992,16.72137739518656],[120.96050158591915,16.7204481675562],[120.96009952535094,16.71985390069367],[120.95956344827606,16.719061544035558],[120.95895722695205,16.718465258977968],[120.95869268088784,16.71774117160476],[120.95869826290269,16.717216518614126],[120.95849758701829,16.716886593278172],[120.95788509356234,16.716880540462494],[120.95509414985705,16.71691852506422],[120.9530553085977,16.716635982721638],[120.95112065805466,16.716157689230272],[120.95044361804611,16.71582303329517],[120.9499707425327,16.71549040105298],[120.94970483313305,16.714897468709236],[120.94917091620586,16.71390834721084],[120.94862999432463,16.713575037220426],[120.94706897972063,16.71316600654557],[120.94530170825541,16.712951678350237],[120.94257889236657,16.712990176458653],[120.93915003341023,16.712756629069066],[120.93815194541634,16.713273994266498],[120.93766711947652,16.71405621015503],[120.93744956785862,16.7153002070578],[120.93696543825051,16.71601683952888],[120.93607650902057,16.716401488468883],[120.93545979185028,16.716788853412343],[120.934907596885,16.717504799660798],[120.93448162114174,16.719140233392327],[120.93433915648157,16.719729097943624],[120.93375645237528,16.720116796354347],[120.9295320980473,16.720533612259874],[120.9243471616806,16.721662150095018],[120.92236220000558,16.72269158997053],[120.92126549614875,16.72340201454044],[120.919849729419,16.725289787514598],[120.91902451562402,16.72606851913213],[120.91834252790738,16.7261928198504],[120.91643837466071,16.726042442731345],[120.91461012763169,16.725171358442882],[120.91345460504046,16.725028513171168],[120.91153833078029,16.725992946145222],[120.90897550401444,16.726950813238194],[120.90768028847437,16.727134453846947],[120.9057797275289,16.72665608140963],[120.90361699220149,16.725256819244777],[120.90253025740098,16.725049025245006],[120.90171144106813,16.725237466989352],[120.90082169654784,16.725687530203867],[120.90039684804259,16.72719169939358],[120.8998401887088,16.72830100772437],[120.89894970699262,16.728816639703773],[120.89792598369243,16.72906856548593],[120.89677118117626,16.72886004660862],[120.893458756412,16.72679310705087],[120.89190213156049,16.725990188076825],[120.89010372114353,16.72551271898411],[120.88786224373278,16.72509629018686],[120.88636648686226,16.724949815183084],[120.88545136593423,16.724612517688076],[120.88423868636193,16.72348513771659],[120.88315416633866,16.723080509869835],[120.88179598866212,16.722804242078215],[120.8807114790509,16.72239960239835],[120.87868800980223,16.72073918802665],[120.87632576792876,16.71894410363693]]},"properties":{"ID":0,"RIVER_NAME":"Asin River"}},{"type":"Feature","geometry":{"type":"LineString","coordinates":[[120.92126549614875,16.72340201454044],[120.91964710174283,16.722008389822232],[120.91781673729815,16.72133407604351],[120.91557521082268,16.720917946808775],[120.91482946389544,16.72064807232537],[120.91382576642042,16.719063851448897],[120.91240734386874,16.718065719264498],[120.90942729449759,16.716723849162104],[120.90610488375371,16.715575231101024],[120.90414498294054,16.714309214312877],[120.9026571664464,16.713441492817683],[120.90143583079303,16.71310116059148],[120.8991220973978,16.71307765129641],[120.89796666869371,16.712934728703683],[120.8963370440142,16.712590214065877]]},"properties":{"ID":0,"RIVER_NAME":null}},{"type":"Feature","geometry":{"type":"LineString","coordinates":[[120.9243471616806,16.721662150095018],[120.92238919291178,16.72019954634868],[120.92199010134094,16.719342898054954],[120.92120187549594,16.716711479129007],[120.92033140040682,16.715390975175215],[120.9195885092747,16.714858799322403],[120.9175576122001,16.71385453524782],[120.9170848072225,16.713521834534184],[120.91668859841447,16.712402860033663],[120.91608325613561,16.71174088602414],[120.91493778504561,16.710679939913863],[120.91297572281194,16.709610744802557],[120.91175937885647,16.708811416068087],[120.91115477874644,16.708083850876463],[120.90982020279722,16.70564364553526],[120.90867266008921,16.704779410993233],[120.9065710257621,16.704036686302018],[120.90445867505643,16.704277633857775],[120.90057779081658,16.704435021293115],[120.89813237452182,16.70401665553384]]},"properties":{"ID":0,"RIVER_NAME":null}},{"type":"Feature","geometry":{"type":"LineString","coordinates":[[120.9205650992996,16.122997486826467],[120.92019628692107,16.123706583182045]]},"properties":{"ID":0,"RIVER_NAME":null}},{"type":"Feature","geometry":{"type":"LineString","coordinates":[[120.9572475074109,16.111468663129088],[120.95813060139103,16.111477111227064],[120.95953767537775,16.111410590251975]]},"properties":{"ID":0,"RIVER_NAME":null}},{"type":"Feature","geometry":{"type":"LineString","coordinates":[[120.99444580993219,16.11522680549531],[120.99442197283162,16.115432781028662],[120.99412268250619,16.115997622048646],[120.99337284816183,16.11659607052868],[120.99258805448919,16.116777908225846],[120.9918830727687,16.116809119783372],[120.9908223599996,16.11717757190563],[120.98987640774101,16.11781200357732],[120.98904521280775,16.118712415975676]]},"properties":{"ID":0,"RIVER_NAME":null}},{"type":"Feature","geometry":{"type":"LineString","coordinates":[[120.98233072228014,16.109803600706723],[120.98184891164196,16.11028110722738],[120.98093828473512,16.111294267108953]]},"properties":{"ID":0,"RIVER_NAME":null}},{"type":"Feature","geometry":{"type":"LineString","coordinates":[[120.99677608129417,16.786508925303583],[120.99248243440194,16.78529941094843],[120.99013311790708,16.78454182103739],[120.98722500858935,16.784179471373815],[120.98618373716292,16.78430286475934],[120.9848715071925,16.783822510580308],[120.98052597975564,16.78170951546094],[120.97907513959342,16.781227767891238],[120.97803459065409,16.781284340589444],[120.97545478993744,16.782661529732977],[120.97154504421863,16.785227756043245],[120.96927923900063,16.78640758930761],[120.96636051174211,16.787046648067303],[120.9625284412364,16.788812004239134],[120.9610676291426,16.789265047643052]]},"properties":{"ID":0,"RIVER_NAME":null}},{"type":"Feature","geometry":{"type":"LineString","coordinates":[[120.96270467916152,16.762453102407548],[120.96123596066347,16.76048150067463],[120.96056060909837,16.75880514262658],[120.96014899671606,16.758400347725495],[120.95925005458277,16.75819109007434],[120.95835253974161,16.75784826875161],[120.95794663480032,16.75690923039734],[120.95542413839769,16.752943801286218],[120.95344694185857,16.749851991451305],[120.95297176444917,16.74891225942576],[120.95291244925795,16.747976654168546],[120.95299032512024,16.747175984119945]]},"properties":{"ID":0,"RIVER_NAME":null}},{"type":"Feature","geometry":{"type":"LineString","coordinates":[[120.97244164195872,16.749705653545526],[120.9755620587602,16.749602728988602],[120.97757138067396,16.749689228510086],[120.97971369252033,16.750311313845344],[120.98054613719923,16.75025267832217],[120.98340620569715,16.74854417519077],[120.98413959757168,16.748017039966346],[120.98573937171604,16.747498363372085],[120.98795591929142,16.747653571326275],[120.98951527222586,16.74788662188118]]},"properties":{"ID":0,"RIVER_NAME":null}},{"type":"Feature","geometry":{"type":"LineString","coordinates":[[120.98668351519171,16.738807675802793],[120.98430729501132,16.738668356281163],[120.98243036379225,16.73918431964638],[120.98012912848709,16.740497567038865],[120.97832148019845,16.741014168155527],[120.97638155584025,16.740928365441295],[120.97464391135881,16.741378831666612],[120.97379949875312,16.742572719757614],[120.97337658177884,16.743236442728055],[120.97274856168802,16.743630998852044],[120.97115304183667,16.74374889088019],[120.96762254193781,16.743313419252527]]},"properties":{"ID":0,"RIVER_NAME":null}},{"type":"Feature","geometry":{"type":"LineString","coordinates":[[120.96815164050469,16.727541556421095],[120.96638378006254,16.729409426483617],[120.96532934334184,16.730801574709517],[120.96330604777657,16.732050585193594],[120.96066324793148,16.73289273045831],[120.95843412293497,16.733939292570696],[120.95669224760347,16.734790290557157],[120.95494465697155,16.736175511905746],[120.95326064104097,16.738095641979708]]},"properties":{"ID":0,"RIVER_NAME":null}},{"type":"Feature","geometry":{"type":"LineString","coordinates":[[120.91153833078029,16.725992946145222],[120.91115426108333,16.728457368460422],[120.91148548826283,16.729863215401764],[120.91168175292,16.730933769310436],[120.91160081072135,16.732001519117066],[120.91074298134126,16.734397117320874],[120.90960208449532,16.737324125943136],[120.90871246248584,16.739452246018914],[120.90737233342523,16.741575791458605],[120.90659610912375,16.742836838435906]]},"properties":{"ID":0,"RIVER_NAME":null}},{"type":"Feature","geometry":{"type":"LineString","coordinates":[[120.94121044890039,16.622154675346625],[120.94738352784877,16.62068920541944],[120.94844438893644,16.620190827403043],[120.94928851245396,16.619393467633966],[120.94987327031113,16.61816949244775],[120.95087090610144,16.615338192665995],[120.9518101439401,16.61386327450004],[120.9528602041013,16.61230463202764],[120.95477718934569,16.60986400709701],[120.95619650070178,16.608733029350333],[120.95787829853629,16.607731835635807],[120.96083220532721,16.607039950065005],[120.96173368273828,16.607048793533565],[120.96248124978821,16.60705612418038],[120.96283259911914,16.607101974032048],[120.96331319069324,16.607403522692348],[120.96369913097662,16.60834022488707],[120.96412636859992,16.60953176408371],[120.96468866429457,16.610427787488227],[120.96534472215119,16.61077345667883],[120.96635437268246,16.610952963128263],[120.96776426701527,16.610712324550885],[120.96873306637295,16.6105945811041],[120.97005277813156,16.610565072743768],[120.97263888247856,16.61139602912288],[120.97555972150784,16.61176375450658],[120.97894265422849,16.611625037694814]]},"properties":{"ID":0,"RIVER_NAME":null}},{"type":"Feature","geometry":{"type":"LineString","coordinates":[[120.96776426701527,16.610712324550885],[120.96843468882362,16.612232304999377],[120.96854802933981,16.613656219044675],[120.96827645309837,16.615076368714558],[120.96762776391782,16.61575049508976],[120.9658217056558,16.616660732114777],[120.96446796675409,16.617266080064116],[120.95980970920213,16.62093202555183],[120.95832238154523,16.622030901684212],[120.95795906046385,16.623017100848227],[120.95704386702327,16.624616476546155],[120.95593749944207,16.62609024299662],[120.95515976223426,16.626824911607084],[120.95419217291568,16.627310263442833],[120.95271460870133,16.627481278774617],[120.94809930484887,16.62706454924732]]},"properties":{"ID":0,"RIVER_NAME":null}},{"type":"Feature","geometry":{"type":"LineString","coordinates":[[120.95057137169496,16.446695047159686],[120.95256464597468,16.44659049338483],[120.95359016147503,16.446848573744653],[120.9565972766815,16.448118242201257],[120.95743068260474,16.448312415429257],[120.95936425769789,16.44777309960969],[120.96096876214295,16.44797476478963],[120.96185930939077,16.448851661048007],[120.96442005102561,16.452739711580275],[120.96552112913821,16.45339186530323],[120.96764999902604,16.45436538263645],[120.97104999928507,16.454956487187335],[120.97162576703498,16.455210130165216],[120.97213018543866,16.45614526879914],[120.9728877879585,16.457454959075495],[120.97371288283627,16.458455214879972],[120.97624158203566,16.45940991695626],[120.97815724132916,16.460606743287013],[120.98058831625687,16.46168448985628],[120.9816756586385,16.462191109513405],[120.98238255745827,16.462197920511638],[120.98380533137578,16.46134337807674],[120.98496655643491,16.46092043081151],[120.98573707490407,16.460989859518886],[120.98649991164169,16.461803421532053],[120.98764641825952,16.462806720736],[120.98846969611974,16.463992963001182],[120.98930257550022,16.464249031595116],[120.99032569473486,16.46475499322944],[120.99057764101252,16.46525355179156],[120.99113749586223,16.467057434234608],[120.99208423347419,16.468740991409824],[120.99331444041894,16.470985422041288],[120.99380304204618,16.473470811954208],[120.99435272946059,16.47626687522338],[120.9953027223974,16.477640366557516],[120.99733957477706,16.479582419159048],[121.00127436038449,16.48135654165636]]},"properties":{"ID":0,"RIVER_NAME":null}},{"type":"Feature","geometry":{"type":"LineString","coordinates":[[121.00088743973593,16.48774068213802],[120.9992659661218,16.489151586292127],[120.99758976378007,16.489631685772178],[120.99579380282206,16.49024737121752],[120.9948402704982,16.491341834972683],[120.99415037806612,16.492013470181124],[120.99328555687445,16.492505254824813],[120.99238316305558,16.492744662798653],[120.99141009374648,16.493603562609014],[120.99043053037411,16.494543621080442],[120.98940413961036,16.494886648715912],[120.98754274232043,16.494620670530736],[120.9842718144796,16.493906970975832],[120.98275816070996,16.494202458766036],[120.98090749940134,16.493881682981108],[120.97974629224115,16.49330513858402],[120.97757258644779,16.492167817914048],[120.97526197705223,16.491835372262997],[120.97326693160673,16.492064112759206]]},"properties":{"ID":0,"RIVER_NAME":null}},{"type":"Feature","geometry":{"type":"LineString","coordinates":[[120.94246896216043,16.739369588806323],[120.94120138212942,16.74208439113418],[120.94107734305958,16.74265137090352],[120.94140976958363,16.744643449016117],[120.94122248618883,16.74560754969617],[120.93875896317843,16.749844573820614],[120.93815214650427,16.751429513842638],[120.93820193711835,16.752282335814375],[120.93854779881596,16.753024474410847],[120.93930828575769,16.753600291565494],[120.94041709465895,16.75469098067313],[120.941166593184,16.756289472650042],[120.94269327725284,16.759657192994496],[120.94449332251226,16.762288950089197],[120.94552431988932,16.765140317839354],[120.94583459321072,16.76544050164284]]},"properties":{"ID":0,"RIVER_NAME":null}},{"type":"Feature","geometry":{"type":"LineString","coordinates":[[120.94395489447258,16.393668614276734],[120.94582002014532,16.39183375022019],[120.94678126728209,16.39170059416877],[120.94862321573757,16.392074940583232],[120.94906692614883,16.392007996564136],[120.94988350224538,16.391588322129866],[120.9506970931782,16.39145370782698],[120.95239214100768,16.39175531645068],[120.95364050772832,16.392408931002798],[120.95482100784497,16.392491691972477],[120.95667042121401,16.392153308566332],[120.95755561173604,16.39223318367166],[120.95865708864434,16.392814069788322],[120.96003236130417,16.395464540193533],[120.96076249080348,16.396255633948634],[120.96201017674484,16.396980471279164],[120.96259414257965,16.397627595364604],[120.96295069009166,16.39884270291568],[120.96308871359605,16.399770597714895],[120.96352651066073,16.400273756137807],[120.96594146856987,16.402364083214565],[120.96682153213784,16.4029427907936],[120.96844214583541,16.40331483572767],[120.96902245432408,16.40431827936927],[120.96981909388805,16.405822729396835],[120.97073240748335,16.406758113782292],[120.9713850934138,16.407904799791353],[120.97267128728771,16.412051104064467],[120.97339931226483,16.41305596575739],[120.97435328266383,16.413635361647984],[120.9766355875689,16.41429883160766],[120.97832279219514,16.41538419389162],[120.9797907107104,16.416253612145315],[120.981706085561,16.41669967812165],[120.9831038672387,16.417212030080147],[120.9873593655873,16.419890020597894],[120.98987533128422,16.422978930350716],[120.9907313907992,16.425909381507168],[120.99186160654469,16.430909415680542],[120.99246365318054,16.433409785409783],[120.99214630005655,16.435544982548386],[120.99115992055711,16.438101417331076],[120.99070217699895,16.439522520241958],[120.9904645021238,16.441088279276567],[120.98988790132896,16.44329225747228],[120.98921152081385,16.444426160571492],[120.98817102584098,16.44505764654527],[120.98772205422796,16.44562353141906],[120.98785726544777,16.4468364916679],[120.98747332100228,16.448258290434893],[120.98641956515785,16.4501725728397],[120.98607914593644,16.450953317689454],[120.98621508200841,16.4520950106058],[120.98679339684992,16.4533122283437],[120.98700686612068,16.454098295167825],[120.98685327850995,16.454667012954975],[120.98625289415902,16.45558780742679],[120.98617242036758,16.456228501174923],[120.9864612136436,16.45687274419444],[120.98659862314143,16.457871902821825],[120.9864435587748,16.45858315377741],[120.98575384801242,16.460999842434422]]},"properties":{"ID":0,"RIVER_NAME":null}},{"type":"Feature","geometry":{"type":"LineString","coordinates":[[120.95003971648633,16.252606367594478],[120.94886670921177,16.251882273493607],[120.94783682123769,16.251587203624734],[120.94614000478641,16.251570759672305],[120.94444837740939,16.251055436006382],[120.94187295589961,16.25038896840504],[120.9389972606591,16.250218465509885],[120.93781911118926,16.249993180476014],[120.93715886670488,16.24963038536216],[120.93584210549467,16.248548458649463],[120.93518112569602,16.248256924494324],[120.93304543975482,16.247879734477603],[120.93149248836174,16.248220946351367]]},"properties":{"ID":0,"RIVER_NAME":null}},{"type":"Feature","geometry":{"type":"LineString","coordinates":[[120.99662866370312,16.563823658480054],[120.99352988084932,16.564116606164323],[120.99084353979502,16.564978338109803],[120.98445930581833,16.567418140320104],[120.98311568070746,16.56788928995016],[120.98043009610828,16.56867019171991],[120.97589212320598,16.570562755567497],[120.97059095643478,16.57341608162406],[120.96662742782117,16.57636301875781]]},"properties":{"ID":0,"RIVER_NAME":null}},{"type":"Feature","geometry":{"type":"LineString","coordinates":[[120.93737620551416,16.32719340461296],[120.93663368886723,16.326845246769768],[120.93582270592918,16.326692005935627],[120.93479954978473,16.326681993067915],[120.9342898027418,16.326502633470383],[120.9329429558768,16.32579196574195],[120.93057603088477,16.32478067321559],[120.92994500684921,16.324687298950053],[120.92934315857877,16.32468139357206],[120.92879996584348,16.32482136954127],[120.92831512148533,16.32513628562595],[120.92765002676788,16.325420368653546],[120.92664131630319,16.32546858161101],[120.9254683230222,16.32539892884961],[120.92342633217926,16.324971982360836],[120.92195641200512,16.32452159043298],[120.92075855732654,16.323957624681327],[120.91935344593657,16.323071934871056],[120.9184282799615,16.32233627816498],[120.91716044954146,16.321277562263695],[120.91632680577756,16.320426556103044],[120.91566940899936,16.31998414567477],[120.91458950492796,16.319653804233564],[120.91383937726305,16.31944296239936],[120.91290962835254,16.319143158280447],[120.91180211025907,16.318580040795073],[120.91051898823268,16.317550200846934]]},"properties":{"ID":0,"RIVER_NAME":null}},{"type":"Feature","geometry":{"type":"LineString","coordinates":[[120.9560732054284,16.310969653776745],[120.95434522098726,16.310191683400262],[120.95286228213085,16.309746343396228],[120.95104132165332,16.30962094087007],[120.9485476650225,16.309812215271222],[120.94735399412302,16.310159755886033],[120.9457995672926,16.311222059434275],[120.94486505882216,16.311679847436693],[120.94396435736054,16.312461185327532],[120.94320939101574,16.313531249564296],[120.94297802208936,16.314319101269554],[120.94282214891662,16.314999946477453],[120.94251940595554,16.315499790617196],[120.942032982315,16.31578236032124],[120.94098688524919,16.316239039885474],[120.94068451131781,16.31670297040274],[120.94067662219281,16.31745708420608],[120.94087100533451,16.31842865437179],[120.94071662291404,16.318965855867983],[120.94036503091544,16.320578547706976],[120.93968062488375,16.322008420034678],[120.9389586441378,16.323473835725427],[120.93825787965345,16.324688058512212],[120.93784429697003,16.32511498212683],[120.93765082887899,16.32583136646308],[120.93737620551416,16.32719340461296],[120.93728111809344,16.329167731101034],[120.93694316756886,16.331247422948202],[120.9362150951883,16.333287382258852],[120.93552645750707,16.33511224102516],[120.93470386748406,16.337294920682808],[120.93465535906418,16.338371855630797],[120.9347928020961,16.339450611987907],[120.93548207211748,16.341109391802668],[120.93551473653164,16.341540675793507],[120.93518842684857,16.342507148942104],[120.93458657547205,16.343147698552784],[120.93353653590377,16.343963420683785],[120.93308684010582,16.344282234028054],[120.93293505242735,16.344568054451344],[120.93281214432004,16.34564425742715],[120.93268696701317,16.346935919465874],[120.9323811174438,16.34772301816465],[120.9303618339688,16.35050445375304],[120.92957057082444,16.351466345522848],[120.92911289952444,16.35253925325826],[120.92883853693012,16.353865356203595],[120.92897935646481,16.354620924373574],[120.92924997503314,16.355413682036637],[120.9292074796956,16.355916053459996],[120.92894295858771,16.35630850140019],[120.9280423547105,16.357053827709045],[120.92788637902413,16.35773464947852],[120.92799341272746,16.35816666424182],[120.92891113839583,16.359324922549106],[120.92890659210846,16.359755839780778],[120.92860297535616,16.360327469508732],[120.92784885337277,16.361289714298987],[120.92632578319504,16.362854912838927],[120.92406484962915,16.365597965428424],[120.92271061539056,16.36702114197814],[120.92227602276319,16.36766329333093],[120.921968949689,16.368558095690624],[120.92195791921164,16.369599473460624],[120.92179848378856,16.370603472519022],[120.92134490036491,16.371281346402007],[120.92073872155922,16.37231684441105],[120.92063811664762,16.373034116369382],[120.92091970123285,16.374545257004716],[120.92104907382686,16.37637811332688],[120.92081104065312,16.37777637950697],[120.92046483761227,16.378850356211906],[120.91910811063144,16.382248699292283],[120.91810739018918,16.38539915982103],[120.91723759328711,16.38847908187036],[120.91650407392834,16.390985736652738],[120.91549305823636,16.393345982316973],[120.91458075248268,16.395168502782536],[120.91300593067777,16.39806183185169],[120.9121227356103,16.400638799350094],[120.9118238067797,16.40250330712866],[120.91195691023383,16.40397706453926],[120.91260740290502,16.405779180886007],[120.91387213735511,16.407551484352183],[120.91463541426221,16.409246977951657],[120.91502169190868,16.411405597478005],[120.9153730670531,16.413348391863103],[120.91653783174957,16.41752587032143],[120.91732880518617,16.420119461478432],[120.91696703209462,16.424389528244337],[120.91706104946151,16.42604246275559],[120.91750853198451,16.42769890556893],[120.91864091179671,16.429685361371515],[120.9191415472154,16.431593721481942],[120.91913007436067,16.432671000441523],[120.91915758353508,16.43532884176651],[120.91962714241522,16.436662284124367],[120.92023904191323,16.43860766026419],[120.92026120277696,16.441768231960967]]},"properties":{"ID":0,"RIVER_NAME":"Cabanglasan River"}},{"type":"Feature","geometry":{"type":"LineString","coordinates":[[120.9229815306515,16.222351689343125],[120.92575632709271,16.2252699303753],[120.92754200863733,16.22739547529017],[120.92874749378699,16.22837094975015],[120.92941415280039,16.228708730591297],[120.93096817691155,16.229145514411663],[120.93249104039744,16.229581983789508],[120.93332913975364,16.22992142450632],[120.93425634982724,16.23068335018222],[120.93523993736751,16.232018020260604],[120.93594772309169,16.23289826661958],[120.93665585681616,16.233371952000542],[120.93860081294424,16.233692025635094],[120.94074176269122,16.23390105118238],[120.94217787913259,16.23444201980695],[120.94353373295344,16.235208069983187],[120.9445408900513,16.23578250825213],[120.94531701347407,16.236091189568217],[120.94660356007752,16.23602836349586],[120.94720630894336,16.236147134705675],[120.94794425706232,16.236380147541645],[120.94844686967163,16.236761460598135],[120.94890193730055,16.23797050089196],[120.94893693698309,16.242111779747056],[120.94951388644348,16.248479351220755],[120.9501158315785,16.252437890459564],[120.95039750468968,16.2553392730697],[120.95118494076468,16.260203083857366],[120.95121375957278,16.261182129915877],[120.95100994220162,16.26204599002191],[120.95051034796377,16.263245790489595],[120.95050331821041,16.263923330093334],[120.95084856500694,16.264453700389655],[120.95246338219454,16.266577439638784],[120.9526854882566,16.26770893505077],[120.95274742648468,16.269252975024525],[120.95265501520318,16.272527186528702],[120.95275709146235,16.27395867975256],[120.9534448964184,16.275282904886424],[120.95432912424076,16.276458448398078],[120.9551950467075,16.277520877493185],[120.95549940549363,16.278239072778838],[120.95545107481915,16.279142083779252],[120.9551073166289,16.28222564336374],[120.9553383973165,16.284373637119256],[120.95605429945795,16.286752187386877],[120.95631228778909,16.288185187786876],[120.95628187910937,16.289238951242083],[120.95595838763425,16.290365170711155],[120.9551703296684,16.291185736717857],[120.9548148815211,16.291634036490596],[120.95362461977109,16.291773096455735],[120.95077758233066,16.291933739210386],[120.94995717765272,16.292114008050497],[120.94972176960701,16.29226230387909],[120.94936630794083,16.292710592805655],[120.94922276069714,16.295269043123945],[120.94938121353695,16.298771541811465],[120.94942400976933,16.30027774661114],[120.94968978768384,16.300957931207176],[120.95096345358081,16.302174919939905],[120.95134694922857,16.30278095539182],[120.95218603066907,16.304558395379118],[120.95331823256089,16.306263384324414],[120.9554798267761,16.30831714022576],[120.95593973877307,16.30907448884725],[120.9560851004017,16.310092306404727],[120.9560732054284,16.310969653776745],[120.95776924019518,16.31173322094571],[120.95909639306139,16.31285939331006],[120.96093524414107,16.314852443135177],[120.96219624774832,16.31698355998494],[120.9629686265168,16.317817042997618],[120.96415415767001,16.318259451977667],[120.9646747789157,16.318264472728792],[120.96534711895744,16.317983640230352],[120.96590566926336,16.3179171948252],[120.96631361547459,16.318028868602127],[120.96649806768866,16.31817430298528],[120.96667843955571,16.318714755615996],[120.9666699069736,16.319540703086783],[120.96650000725043,16.321586182824742],[120.96631967249624,16.322841446226285],[120.96577899081194,16.32477560725496],[120.96577193631087,16.325457910918907],[120.96588016064284,16.325782182986455],[120.96639597677476,16.32625404121868],[120.96728368433108,16.32672948177874],[120.96757896953426,16.326947812493707],[120.96768905243268,16.327092530245107],[120.96772178956985,16.32752381754228],[120.96773036706323,16.328493586997787],[120.9677917599682,16.32975117978177],[120.96769363213659,16.33204875075201],[120.96794654019445,16.33276947384257],[120.96823997935626,16.333167358355038],[120.96890606373367,16.333497002987198],[120.9706116259917,16.33401622252526],[120.97283823593874,16.33450452387506],[120.97361664595387,16.334763405689884],[120.97402315207373,16.33501871229229],[120.97472348572167,16.335635984635196],[120.97561014802132,16.33621912946929],[120.97655297195091,16.33676689554179],[120.97777399621448,16.337389155106575],[120.97881387210491,16.337542783395193],[120.98138006768023,16.337567366158314],[120.98245750932703,16.337685421883158],[120.98331033116492,16.337944982364945],[120.98401033874835,16.338598139199288],[120.98523748337101,16.340441514566688],[120.98603657063757,16.34231671037198],[120.98640223844609,16.342930752324104],[120.98669757030208,16.34314906105035],[120.98784538893642,16.343662825995725],[120.98862238995733,16.344065303084797],[120.98941541871879,16.344719333290914],[120.99004108458799,16.345371765052896],[120.99122354952523,16.346137247088883],[120.99207201855188,16.346827712048068],[120.99317571204875,16.348023411117232],[120.99409711685266,16.348858222929113],[120.99491171307233,16.349225123107075],[120.9967651779943,16.349853302699184],[120.99798672275178,16.350439549242747],[120.99935668658034,16.35106311354273],[121.00102129114543,16.35197678438269]]},"properties":{"ID":0,"RIVER_NAME":"Santa Cruz River"}},{"type":"Feature","geometry":{"type":"MultiLineString","coordinates":[[[120.8865741302742,16.37348794685618],[120.88702488103604,16.373863232232782],[120.88781847284491,16.37435059185497]],[[120.85948724527789,16.171925860286006],[120.85817136749719,16.17148143740774]],[[120.87680377964445,16.203585159334423],[120.87599513212373,16.20522902754889],[120.87554632247115,16.206629931061567],[120.87545683193026,16.207837180072175],[120.87534763716697,16.208501799616478],[120.87518714642155,16.209190561673793],[120.87425352371042,16.210586607934946],[120.87399939731313,16.210986390156933]]]},"properties":{"ID":0,"RIVER_NAME":"Pampang River"}},{"type":"Feature","geometry":{"type":"LineString","coordinates":[[120.92942001795345,16.121778437115772],[120.9292682981909,16.122475280731667],[120.92876613884143,16.123030215856982],[120.92801912813242,16.123262880609545],[120.92706239489469,16.123773409346615],[120.92689278800701,16.12417162474122],[120.92688322387954,16.12509121774071],[120.92671153573554,16.125689344255356],[120.9262693248092,16.126444786017267],[120.92543416305479,16.127196404918866],[120.92418661454835,16.127824047876544],[120.92309784381627,16.129093008855516]]},"properties":{"ID":0,"RIVER_NAME":"Digdig River"}},{"type":"Feature","geometry":{"type":"MultiLineString","coordinates":[[[120.93213703411848,16.830074355315677],[120.93139072305016,16.828041540209295],[120.93089253873696,16.825504898013033],[120.93082604445611,16.824179993762872],[120.93100131616374,16.82293542031471],[120.93100977147955,16.822156543751493],[120.93065600282966,16.821218227221543],[120.92985576351978,16.82043120530349],[120.92953863062455,16.819843789241247],[120.92954497539934,16.81925963219143],[120.92971348031558,16.818638160703117],[120.9304944159404,16.817477583666385],[120.93129640359432,16.816239318251586],[120.93142573283791,16.815500605708632],[120.93123074706305,16.814836525339782],[120.93066974833532,16.814363501098377],[120.92982149109221,16.81427706370665],[120.92804157454667,16.814337026288225],[120.92723459990397,16.814173098378262],[120.92651315155945,16.813581601927158],[120.92579297849942,16.812873272200726],[120.92523581326564,16.812049741641886],[120.92496422342295,16.810995404574935],[120.92485521286271,16.809864812342177],[120.9248174422278,16.807761238963185],[120.9249122848865,16.80647691175664],[120.92476411333341,16.805229080145683],[120.92481725131918,16.8040611758565],[120.92490785427005,16.803166285528608],[120.92530083991154,16.80235234137667],[120.9257170001633,16.80126599346025],[120.92584802643032,16.800371509561565],[120.92561390941434,16.79959018782516],[120.92501719363472,16.798688364861587],[120.92481970083693,16.798257944389594],[120.9249469174694,16.79771395501287],[120.92527628168232,16.797172004062155],[120.92580863815142,16.796554202780335],[120.92638903438798,16.795235818478282],[120.92690793244735,16.7939947082092],[120.9274419648953,16.793221125549607],[120.92801515384537,16.792564779628236],[120.9290326318614,16.791951851259476],[120.93048806546226,16.791966492438785],[120.93218522974334,16.792061448771637],[120.93311719993258,16.791876069885745],[120.93381038854439,16.79133775519281],[120.93450778536419,16.790409997351915],[120.93485016318697,16.78866076080941],[120.93477267272311,16.786478879764196],[120.93488257591385,16.783792550454407],[120.93509860069794,16.782509423301214],[120.93537652377407,16.781110071200782],[120.93564180057143,16.779009521568405],[120.93602456107658,16.777260683045153],[120.93647933495868,16.7763304796845],[120.93733709730193,16.775521155872184],[120.93781165250309,16.77463009483205],[120.93823186512279,16.773154262353994],[120.93881376860027,16.77168004595532],[120.93934768328538,16.77090641856046],[120.93979738805307,16.770443534765807],[120.9404079490536,16.7700601546878],[120.9410197656843,16.769559939690758],[120.94190700403476,16.769763546492154],[120.94292305866615,16.769267362735803],[120.94423672955419,16.76741094421275],[120.94542826655257,16.765631193988455],[120.94583459321072,16.76544050164284],[120.94822167122871,16.765269538103734],[120.95146515050169,16.764405984395268],[120.95372031743652,16.763337822932787],[120.95578398643168,16.763163557171385],[120.95740424526099,16.762868030092843],[120.95930081654961,16.763198407381886],[120.96002677648808,16.763361389344222],[120.96063437362787,16.7632505555331],[120.96270467916152,16.762453102407548],[120.96411866687741,16.76254497148111],[120.9685437915221,16.76270547936259],[120.9723840301187,16.76274329253865],[120.97371553513902,16.762990081507944],[120.97449884949978,16.763465170722277],[120.97526319258934,16.763823223408817],[120.97556020532303,16.766318888664305],[120.97549999355002,16.768187857499893],[120.97442749772462,16.770202673087045],[120.9729577399809,16.771551437250363],[120.97130521930241,16.77297628711733],[120.9693915599,16.77424275088462],[120.96796381856632,16.77543609052064],[120.96677820386388,16.776670757657264],[120.96571261012124,16.77802344867233],[120.96515689880975,16.77895273310335],[120.9645455186823,16.779414078247665],[120.9633669123339,16.779986658867468]],[[120.97526319258934,16.763823223408817],[120.97731311864366,16.763706893202443],[120.9785505633175,16.76354895214714],[120.98020228320317,16.763168288204422],[120.98090836672998,16.7631752062688],[120.98295642258354,16.76427244366309],[120.98427070408307,16.76508808846287],[120.9859123631287,16.765775395607612],[120.98715970248544,16.766132282001674],[120.98944009363358,16.76775104845109],[120.99126937579318,16.769292827340962],[120.99208149841876,16.7708609664425],[120.99248470742852,16.77191713941268],[120.99255278960634,16.7726072038897],[120.99246832695462,16.77347720314706],[120.99219403763134,16.774490489089207],[120.99214761305784,16.77532457435768],[120.99240247259061,16.776161596331754],[120.9934409742711,16.777695655215798],[120.99609683421927,16.781241091383166],[120.99672567279254,16.782335739467086],[120.99701707995096,16.783281966636547],[120.99711713517188,16.78451660670462],[120.99681907026338,16.786001363380034],[120.99677608129417,16.786508925303583],[120.99692330844663,16.786836916647065],[120.9980733656546,16.788517182783938],[120.99814450927855,16.78891700221327],[120.99798282759512,16.789967674838557],[120.99789380833319,16.791273044085415],[120.99831363095683,16.792547078645647],[120.9993545383603,16.793863436310243],[121.00039849947835,16.794889544889426]],[[120.94804051610484,16.81948149890357],[120.9468440216203,16.818009990663594],[120.94661352704644,16.816898424110093],[120.94628570716013,16.813567357428767],[120.94605710432043,16.81228066266407],[120.94582033006063,16.811752856164617],[120.94415224781211,16.8090505980211],[120.94391611124065,16.808464414221994],[120.94386997561715,16.807121160782554],[120.94382950151379,16.805252523374264],[120.94365397506357,16.80466694562124],[120.94347656200483,16.804256495745705],[120.94173914901903,16.802370884194485],[120.9401671408223,16.799202509238096],[120.93845817101038,16.794689964707683],[120.93752006063669,16.791761456720337],[120.93702134453879,16.79023852248956],[120.93654410573701,16.78953315281517],[120.93600311561366,16.789119053660325],[120.93485016318697,16.78866076080941]]]},"properties":{"ID":0,"RIVER_NAME":"Taoang River"}}],"properties":{"source":"Magat_rivers.shp","n":549}}